Frame,Landmark,X,Y,Z,Visibility
1,0,0.38685593008995056,0.4770512878894806,-0.13089558482170105,0.9983722567558289
1,1,0.38965466618537903,0.46830153465270996,-0.12252002954483032,0.9962097406387329
1,2,0.39148345589637756,0.4680633544921875,-0.12257348001003265,0.996141254901886
1,3,0.39343908429145813,0.46790048480033875,-0.12262354791164398,0.9968587160110474
1,4,0.38510528206825256,0.4686213433742523,-0.11861024796962738,0.9939959049224854
1,5,0.3838259279727936,0.4686671793460846,-0.11857078969478607,0.9911733269691467
1,6,0.38251739740371704,0.4687880873680115,-0.11856435984373093,0.9905195236206055
1,7,0.39862534403800964,0.47053879499435425,-0.06346183270215988,0.9940969944000244
1,8,0.3831971287727356,0.47183120250701904,-0.04691047593951225,0.9500740170478821
1,9,0.39081552624702454,0.48647457361221313,-0.10858748108148575,0.9983673691749573
1,10,0.38545528054237366,0.4875413477420807,-0.10395470261573792,0.9968265295028687
1,11,0.41266724467277527,0.5142017602920532,-0.040040239691734314,0.9998517036437988
1,12,0.37327447533607483,0.5226411819458008,0.0130039993673563,0.9975767731666565
1,13,0.43061718344688416,0.5709489583969116,-0.06907990574836731,0.9931432008743286
1,14,0.3609214425086975,0.5707141160964966,0.03462811931967735,0.6552186012268066
1,15,0.40138858556747437,0.582205593585968,-0.16025789082050323,0.9857036471366882
1,16,0.35312414169311523,0.6083503365516663,-0.03430742397904396,0.4519937038421631
1,17,0.3924907445907593,0.5842156410217285,-0.1846626102924347,0.9602673053741455
1,18,0.35271191596984863,0.617912232875824,-0.051633015275001526,0.3988134264945984
1,19,0.39174380898475647,0.5776847004890442,-0.18874214589595795,0.9602084755897522
1,20,0.35385358333587646,0.6153630018234253,-0.06460469961166382,0.41593122482299805
1,21,0.39395803213119507,0.577297568321228,-0.16254469752311707,0.9364041686058044
1,22,0.3558885455131531,0.611443042755127,-0.0418144129216671,0.38163870573043823
1,23,0.40219348669052124,0.6365013718605042,-0.005608531646430492,0.998579740524292
1,24,0.3786657452583313,0.6364157795906067,0.005710072815418243,0.9994719624519348
1,25,0.3994956612586975,0.7336127758026123,0.006182841956615448,0.9104641675949097
1,26,0.38468775153160095,0.7350632548332214,-0.06030768156051636,0.9800528883934021
1,27,0.3981177806854248,0.7754215002059937,0.19015519320964813,0.7446888089179993
1,28,0.388012558221817,0.8265585899353027,-0.009531903080642223,0.9758836627006531
1,29,0.3957501947879791,0.7751477956771851,0.20701129734516144,0.5437004566192627
1,30,0.3902941048145294,0.8357328772544861,-0.00798286497592926,0.8045617938041687
1,31,0.40056079626083374,0.8066865801811218,0.1598857194185257,0.7461822628974915
1,32,0.38780176639556885,0.8515010476112366,-0.08340812474489212,0.9514949917793274
2,0,0.3868151009082794,0.4768894910812378,-0.12267248332500458,0.9985090494155884
2,1,0.38968387246131897,0.4682941734790802,-0.11328943818807602,0.9965431094169617
2,2,0.39156949520111084,0.46805059909820557,-0.11333735287189484,0.9964791536331177
2,3,0.3935375511646271,0.4678935706615448,-0.11338147521018982,0.9971303343772888
2,4,0.3850659132003784,0.468688040971756,-0.11084891855716705,0.9945263266563416
2,5,0.38373029232025146,0.46880680322647095,-0.11084215342998505,0.9919573068618774
2,6,0.3824765682220459,0.46900656819343567,-0.1108371838927269,0.9913562536239624
2,7,0.39847633242607117,0.4707494378089905,-0.052046727389097214,0.9946398138999939
2,8,0.3830821216106415,0.4723718762397766,-0.04201068356633186,0.9545325636863708
2,9,0.3908156752586365,0.48637089133262634,-0.09971897304058075,0.998511016368866
2,10,0.38514408469200134,0.4874255955219269,-0.09696631133556366,0.9970993995666504
2,11,0.4126700162887573,0.5166191458702087,-0.027379855513572693,0.9998529553413391
2,12,0.37289097905158997,0.5251532196998596,0.014849820174276829,0.9974971413612366
2,13,0.4303288459777832,0.5726608633995056,-0.06903829425573349,0.9932292103767395
2,14,0.36094045639038086,0.5789411067962646,-0.006806435529142618,0.6384124755859375
2,15,0.4013887345790863,0.5839075446128845,-0.1647384911775589,0.9856794476509094
2,16,0.35439297556877136,0.5788651704788208,-0.12796133756637573,0.4586411416530609
2,17,0.39253807067871094,0.5870783925056458,-0.18869584798812866,0.9602202773094177
2,18,0.35437798500061035,0.5765191316604614,-0.15054848790168762,0.40940067172050476
2,19,0.3915930390357971,0.5797343850135803,-0.1902579516172409,0.960222601890564
2,20,0.3551323115825653,0.5664135217666626,-0.1573830246925354,0.42571988701820374
2,21,0.3938857316970825,0.5787928104400635,-0.1660768687725067,0.9360392093658447
2,22,0.35650044679641724,0.5699753761291504,-0.13393183052539825,0.38923630118370056
2,23,0.4021819829940796,0.638374388217926,-0.005644271615892649,0.9985161423683167
2,24,0.37866508960723877,0.6391962170600891,0.0057386839762330055,0.9994058012962341
2,25,0.3992511034011841,0.7321076989173889,-0.01736115850508213,0.9155251383781433
2,26,0.3824169635772705,0.7356739640235901,-0.03928200528025627,0.9793472290039062
2,27,0.39819106459617615,0.7819911241531372,0.1436455249786377,0.7564318180084229
2,28,0.38774374127388,0.8276258707046509,0.031125664710998535,0.9766656756401062
2,29,0.39573246240615845,0.7844325304031372,0.15762685239315033,0.5626037120819092
2,30,0.3895083963871002,0.8375232219696045,0.03419199585914612,0.8097884654998779
2,31,0.4000844359397888,0.8119106292724609,0.10674290359020233,0.7583031058311462
2,32,0.38744989037513733,0.8518261909484863,-0.03913484513759613,0.9525268077850342
3,0,0.3867914378643036,0.4783779978752136,-0.12632453441619873,0.9986398816108704
3,1,0.38970500230789185,0.4701554477214813,-0.11612775921821594,0.9968567490577698
3,2,0.3916168808937073,0.4698854982852936,-0.11618100106716156,0.9967989921569824
3,3,0.39359259605407715,0.46975451707839966,-0.11623117327690125,0.9973900318145752
3,4,0.3850008547306061,0.47102251648902893,-0.1150713711977005,0.9950238466262817
3,5,0.3835960924625397,0.471375972032547,-0.1150706559419632,0.9926876425743103
3,6,0.3823617398738861,0.47170165181159973,-0.11507616937160492,0.9921319484710693
3,7,0.3983261287212372,0.4733782410621643,-0.05377085134387016,0.9951428771018982
3,8,0.3828055262565613,0.4757117033004761,-0.04875810071825981,0.9586998224258423
3,9,0.3908257484436035,0.4879799485206604,-0.10325834155082703,0.9986476302146912
3,10,0.3849516212940216,0.4888138771057129,-0.10187175869941711,0.9973593950271606
3,11,0.41267913579940796,0.5203850865364075,-0.029087606817483902,0.9998599886894226
3,12,0.3727533221244812,0.5297349691390991,0.008116580545902252,0.9975544214248657
3,13,0.43004387617111206,0.5769379138946533,-0.07421960681676865,0.9934157133102417
3,14,0.3620580732822418,0.584462583065033,0.003401309484615922,0.606843113899231
3,15,0.4014575481414795,0.5878700017929077,-0.1714891642332077,0.9857208728790283
3,16,0.35653164982795715,0.5879338383674622,-0.09225009381771088,0.4409545958042145
3,17,0.3930937647819519,0.5918959379196167,-0.19454485177993774,0.9605003595352173
3,18,0.35535603761672974,0.5910271406173706,-0.11086393147706985,0.3979607820510864
3,19,0.3916475474834442,0.5852307677268982,-0.19625620543956757,0.9606805443763733
3,20,0.3553735017776489,0.585594654083252,-0.1214454397559166,0.41441476345062256
3,21,0.3940388262271881,0.5833313465118408,-0.17284122109413147,0.9360932111740112
3,22,0.35676777362823486,0.5854796171188354,-0.09913154691457748,0.37756988406181335
3,23,0.4021412134170532,0.6427117586135864,-0.0051282430067658424,0.9985036849975586
3,24,0.3786510229110718,0.6430069804191589,0.005197220481932163,0.999406099319458
3,25,0.3984389007091522,0.732579231262207,-0.008650317788124084,0.9198572039604187
3,26,0.38160762190818787,0.7376400828361511,-0.04581928253173828,0.9796420931816101
3,27,0.39811453223228455,0.7784379720687866,0.16162987053394318,0.760193943977356
3,28,0.3877294063568115,0.8278120756149292,0.012704762630164623,0.9778957962989807
3,29,0.3959237337112427,0.7831772565841675,0.17686185240745544,0.5755824446678162
3,30,0.389525443315506,0.8392050266265869,0.014990052208304405,0.813719630241394
3,31,0.399872750043869,0.8114012479782104,0.13075436651706696,0.7650107145309448
3,32,0.3865166902542114,0.853571891784668,-0.059680793434381485,0.9544200897216797
4,0,0.3851510286331177,0.48271554708480835,-0.1361214965581894,0.9987677931785583
4,1,0.3886071443557739,0.4744638502597809,-0.1280842274427414,0.9971508383750916
4,2,0.3907248377799988,0.47418051958084106,-0.12811434268951416,0.9970977306365967
4,3,0.3927575945854187,0.4740958511829376,-0.1281517595052719,0.997631311416626
4,4,0.38384902477264404,0.47517815232276917,-0.12568552792072296,0.9954941272735596
4,5,0.38258156180381775,0.47540390491485596,-0.12569358944892883,0.9933825731277466
4,6,0.38140109181404114,0.4756537079811096,-0.12569458782672882,0.9928779006004333
4,7,0.39736416935920715,0.47769463062286377,-0.07213785499334335,0.9956068396568298
4,8,0.3820526897907257,0.47916728258132935,-0.061115141957998276,0.9626132845878601
4,9,0.3892686367034912,0.49305564165115356,-0.11450614780187607,0.9987762570381165
4,10,0.38351479172706604,0.49273881316185,-0.11169622838497162,0.9976094961166382
4,11,0.41251498460769653,0.5255431532859802,-0.04692162573337555,0.9998669028282166
4,12,0.3710002303123474,0.5329495072364807,-0.0034625083208084106,0.9977196455001831
4,13,0.42994338274002075,0.5802984237670898,-0.08306175470352173,0.9938275218009949
4,14,0.3612210750579834,0.588630735874176,-0.02245430089533329,0.6142871975898743
4,15,0.4017844796180725,0.5970690846443176,-0.1710684448480606,0.9861013889312744
4,16,0.3564468324184418,0.5842297077178955,-0.1337956339120865,0.46788501739501953
4,17,0.3940727412700653,0.6027604937553406,-0.19268807768821716,0.9609172344207764
4,18,0.3554939329624176,0.5848336219787598,-0.15379838645458221,0.4245070517063141
4,19,0.3919733464717865,0.5956648588180542,-0.1949349343776703,0.9610152244567871
4,20,0.3554132282733917,0.577894926071167,-0.160653755068779,0.4400706887245178
4,21,0.39429962635040283,0.5933777689933777,-0.17183972895145416,0.9366106390953064
4,22,0.3568325340747833,0.5780693888664246,-0.13919566571712494,0.39994263648986816
4,23,0.4017863869667053,0.6473902463912964,-0.008211160078644753,0.9985884428024292
4,24,0.37820765376091003,0.6478468775749207,0.008211907930672169,0.9994440078735352
4,25,0.3973214030265808,0.7353509664535522,-0.02259621024131775,0.9263861179351807
4,26,0.38082239031791687,0.7411393523216248,-0.03760649263858795,0.9805386662483215
4,27,0.3982621729373932,0.7723110318183899,0.16155719757080078,0.7725260853767395
4,28,0.3877120018005371,0.8284361362457275,0.02806815505027771,0.9794188141822815
4,29,0.397519052028656,0.7718023061752319,0.17847497761249542,0.591748058795929
4,30,0.38954728841781616,0.8402509093284607,0.031243259087204933,0.8253664970397949
4,31,0.39984220266342163,0.8064744472503662,0.13815054297447205,0.777864933013916
4,32,0.38608428835868835,0.8547632098197937,-0.03469015657901764,0.9575340151786804
5,0,0.3837727904319763,0.48792028427124023,-0.15909166634082794,0.9988874793052673
5,1,0.38725244998931885,0.4790739417076111,-0.15223948657512665,0.9974273443222046
5,2,0.3894977867603302,0.47856688499450684,-0.15227477252483368,0.9973790049552917
5,3,0.39161041378974915,0.4782732129096985,-0.15230827033519745,0.9978599548339844
5,4,0.3826047480106354,0.47979506850242615,-0.1486676037311554,0.9959343671798706
5,5,0.3814086616039276,0.4798555076122284,-0.14865484833717346,0.9940291047096252
5,6,0.38017621636390686,0.47998103499412537,-0.14865489304065704,0.9935727715492249
5,7,0.39632612466812134,0.4811834692955017,-0.09618108719587326,0.996036946773529
5,8,0.3809971213340759,0.4828006625175476,-0.08048251271247864,0.9662891626358032
5,9,0.38779395818710327,0.4980227053165436,-0.1370084285736084,0.9988963007926941
5,10,0.3823722302913666,0.49757859110832214,-0.13270537555217743,0.9978447556495667
5,11,0.4124090075492859,0.5294275283813477,-0.06573912501335144,0.9998782277107239
5,12,0.36922529339790344,0.5362939834594727,-0.014429341070353985,0.9979338645935059
5,13,0.4297000467777252,0.5834925770759583,-0.09008842706680298,0.9942905902862549
5,14,0.360878050327301,0.5894579291343689,-0.001132011297158897,0.6122874617576599
5,15,0.40261945128440857,0.6071523427963257,-0.1731611043214798,0.9866565465927124
5,16,0.35846516489982605,0.6062465310096741,-0.08779644221067429,0.48029565811157227
5,17,0.3949384391307831,0.6113272905349731,-0.19396711885929108,0.9620181322097778
5,18,0.3579690456390381,0.6155145764350891,-0.09843592345714569,0.4364508092403412
5,19,0.39282625913619995,0.603415846824646,-0.1975110024213791,0.9621448516845703
5,20,0.35796698927879333,0.6085370182991028,-0.11141389608383179,0.4522073268890381
5,21,0.3953212797641754,0.6015325784683228,-0.17454591393470764,0.9380154609680176
5,22,0.35920581221580505,0.6050786375999451,-0.09311143308877945,0.4089547395706177
5,23,0.40037617087364197,0.652428925037384,-0.008551962673664093,0.9986957311630249
5,24,0.3762991428375244,0.6527155637741089,0.008560461923480034,0.9994938373565674
5,25,0.39656564593315125,0.7397090792655945,0.009910964407026768,0.9321799874305725
5,26,0.3800256848335266,0.7451270818710327,-0.043280892074108124,0.9821133017539978
5,27,0.39890551567077637,0.7668699026107788,0.20355847477912903,0.7824612855911255
5,28,0.38770827651023865,0.8295084834098816,0.016457449644804,0.9811741709709167
5,29,0.39885619282722473,0.7672292590141296,0.221379354596138,0.609020471572876
5,30,0.3896990120410919,0.841044545173645,0.01886712573468685,0.8373486399650574
5,31,0.4000917077064514,0.8034859895706177,0.18532492220401764,0.7901687622070312
5,32,0.3838428258895874,0.8552913069725037,-0.051878586411476135,0.9611210227012634
6,0,0.38269442319869995,0.4884047210216522,-0.15306439995765686,0.9989950656890869
6,1,0.3862748146057129,0.48030224442481995,-0.14523513615131378,0.997676432132721
6,2,0.3885227143764496,0.4800993502140045,-0.1452781707048416,0.9976328611373901
6,3,0.39070409536361694,0.4799291491508484,-0.14531952142715454,0.9980666637420654
6,4,0.3817199170589447,0.48067760467529297,-0.1417737901210785,0.9963294267654419
6,5,0.3804614543914795,0.48071902990341187,-0.14175860583782196,0.9946099519729614
6,6,0.37914755940437317,0.48085054755210876,-0.141753688454628,0.9941970705986023
6,7,0.3954566717147827,0.48301365971565247,-0.08907533437013626,0.9964264631271362
6,8,0.3800286650657654,0.4839709401130676,-0.07398673892021179,0.9695941209793091
6,9,0.3863621950149536,0.49827083945274353,-0.13148631155490875,0.9990046620368958
6,10,0.3810437023639679,0.4977993071079254,-0.12733176350593567,0.9980564117431641
6,11,0.41157278418540955,0.5316870808601379,-0.06390024721622467,0.9998882412910461
6,12,0.36790984869003296,0.5391504764556885,-0.007399530149996281,0.9980940222740173
6,13,0.42849835753440857,0.5849602222442627,-0.08772650361061096,0.9947366118431091
6,14,0.3599291741847992,0.5898818373680115,0.01342190895229578,0.6004830598831177
6,15,0.4038388729095459,0.6132820248603821,-0.1502029001712799,0.987183690071106
6,16,0.3585594892501831,0.6101513504981995,-0.05773920938372612,0.479127436876297
6,17,0.39637795090675354,0.6208044290542603,-0.16956648230552673,0.9629156589508057
6,18,0.3584640324115753,0.6205089092254639,-0.07079698890447617,0.4360463619232178
6,19,0.3940318822860718,0.612440824508667,-0.17505037784576416,0.9630719423294067
6,20,0.35872477293014526,0.6138946413993835,-0.08383534103631973,0.4519227147102356
6,21,0.3961462676525116,0.6092917323112488,-0.1521974354982376,0.9394517540931702
6,22,0.3596891462802887,0.609946072101593,-0.06419318169355392,0.40776482224464417
6,23,0.39895033836364746,0.6534131765365601,-0.012206039391458035,0.9987948536872864
6,24,0.37528830766677856,0.654145359992981,0.012235507369041443,0.9995346069335938
6,25,0.39557158946990967,0.7420666813850403,-0.01238180696964264,0.9374510645866394
6,26,0.37867915630340576,0.7478451728820801,-0.037293169647455215,0.9829850196838379
6,27,0.3989654779434204,0.7645449638366699,0.17471876740455627,0.7928534746170044
6,28,0.38771310448646545,0.8301412463188171,0.0241151861846447,0.9824629426002502
6,29,0.399149626493454,0.7642502784729004,0.19180357456207275,0.6209520101547241
6,30,0.39012810587882996,0.8418710827827454,0.02653105929493904,0.8480809330940247
6,31,0.3998297452926636,0.8008549809455872,0.1596410721540451,0.8006383776664734
6,32,0.3831048607826233,0.8563135266304016,-0.03915279358625412,0.9638380408287048
7,0,0.381560742855072,0.4880477488040924,-0.15227364003658295,0.9990931153297424
7,1,0.38516339659690857,0.48040610551834106,-0.14448480308055878,0.9979040622711182
7,2,0.3873150646686554,0.4803762435913086,-0.14453262090682983,0.9978647232055664
7,3,0.3895762860774994,0.4804851710796356,-0.1445866823196411,0.9982558488845825
7,4,0.38073885440826416,0.48055657744407654,-0.13999754190444946,0.9966891407966614
7,5,0.3795931339263916,0.4805503487586975,-0.13997980952262878,0.9951387047767639
7,6,0.37831270694732666,0.4806497097015381,-0.13996687531471252,0.9947654604911804
7,7,0.3943515717983246,0.4846828877925873,-0.0904877781867981,0.996781051158905
7,8,0.3792625367641449,0.48454031348228455,-0.07052844762802124,0.9725870490074158
7,9,0.38487741351127625,0.49777859449386597,-0.13166962563991547,0.9991030097007751
7,10,0.37979426980018616,0.49726614356040955,-0.1260797679424286,0.9982480406761169
7,11,0.4104832112789154,0.5337460041046143,-0.06947197020053864,0.9998980164527893
7,12,0.3670217990875244,0.5425615906715393,-0.004183290060609579,0.9982069730758667
7,13,0.42715752124786377,0.5853437185287476,-0.07169590890407562,0.9951270818710327
7,14,0.3596586585044861,0.5972625613212585,0.01747537963092327,0.5676860213279724
7,15,0.4064382016658783,0.6196618676185608,-0.11599136143922806,0.987398624420166
7,16,0.3588261008262634,0.614199161529541,-0.05883315950632095,0.4708448350429535
7,17,0.4007622301578522,0.6315601468086243,-0.1327154040336609,0.963019847869873
7,18,0.35883134603500366,0.6232688426971436,-0.07551902532577515,0.43294036388397217
7,19,0.39802423119544983,0.6228585243225098,-0.14048920571804047,0.9631748795509338
7,20,0.35876232385635376,0.6157780885696411,-0.08447474986314774,0.4488651156425476
7,21,0.39942970871925354,0.6187687516212463,-0.11829618364572525,0.9401183724403381
7,22,0.3597453534603119,0.6121280789375305,-0.06691093742847443,0.40436893701553345
7,23,0.3974248766899109,0.6535376310348511,-0.017016643658280373,0.9989053606987
7,24,0.3739485740661621,0.6544913053512573,0.017036428675055504,0.9995758533477783
7,25,0.39331552386283875,0.7440353631973267,-0.04280495271086693,0.9426097273826599
7,26,0.3772870898246765,0.7505844235420227,-0.017352936789393425,0.9832977056503296
7,27,0.39927738904953003,0.7610414624214172,0.15911996364593506,0.8004500865936279
7,28,0.3876264989376068,0.8302138447761536,0.0557602122426033,0.983677089214325
7,29,0.39986979961395264,0.7569944858551025,0.17808495461940765,0.6304576396942139
7,30,0.3903844952583313,0.841896653175354,0.05980753153562546,0.8597294092178345
7,31,0.39963388442993164,0.7943105697631836,0.15366995334625244,0.8069695234298706
7,32,0.3817499279975891,0.8565000891685486,0.003128894604742527,0.9663881063461304
8,0,0.3802835941314697,0.4890795350074768,-0.14904023706912994,0.999182939529419
8,1,0.3839319348335266,0.48147881031036377,-0.14185376465320587,0.998111367225647
8,2,0.3859264552593231,0.4815194010734558,-0.14189378917217255,0.9980758428573608
8,3,0.38820263743400574,0.48171019554138184,-0.14194133877754211,0.998428225517273
8,4,0.37976717948913574,0.4815548062324524,-0.1368838995695114,0.997016966342926
8,5,0.37869763374328613,0.4814739227294922,-0.13686653971672058,0.9956201910972595
8,6,0.37748509645462036,0.4815311133861542,-0.13685300946235657,0.9952839612960815
8,7,0.3931327760219574,0.486277312040329,-0.0918443575501442,0.997101366519928
8,8,0.37868186831474304,0.4855310320854187,-0.06807607412338257,0.9753075838088989
8,9,0.38338762521743774,0.49865391850471497,-0.1295025497674942,0.9991921186447144
8,10,0.3786553740501404,0.4980318248271942,-0.12308360636234283,0.9984220266342163
8,11,0.40948665142059326,0.5352452993392944,-0.07401731610298157,0.9999074339866638
8,12,0.36630627512931824,0.5436370968818665,-0.0022701146081089973,0.9983625411987305
8,13,0.426480770111084,0.5861972570419312,-0.0716976746916771,0.9955161213874817
8,14,0.35935595631599426,0.6006247997283936,0.01990409567952156,0.5508072972297668
8,15,0.4079502820968628,0.6242148280143738,-0.11501530557870865,0.987756609916687
8,16,0.3582911491394043,0.6221917271614075,-0.05991865694522858,0.46968746185302734
8,17,0.4034973978996277,0.6378567814826965,-0.13251596689224243,0.9635070562362671
8,18,0.357963889837265,0.632479727268219,-0.07562918215990067,0.4326808452606201
8,19,0.40019723773002625,0.630411684513092,-0.139921635389328,0.9637253880500793
8,20,0.3579491376876831,0.6255861520767212,-0.08829128742218018,0.4487936496734619
8,21,0.4010585844516754,0.626600444316864,-0.11722864210605621,0.9412713646888733
8,22,0.3590221107006073,0.6215497255325317,-0.06767692416906357,0.4037485122680664
8,23,0.39630404114723206,0.6543420553207397,-0.020008647814393044,0.9990087747573853
8,24,0.3727058470249176,0.6548594236373901,0.020034538581967354,0.9996163249015808
8,25,0.39070749282836914,0.7420151233673096,-0.05077587068080902,0.9476311206817627
8,26,0.3743988275527954,0.750404953956604,-0.030120516195893288,0.9840399622917175
8,27,0.399799644947052,0.7602887153625488,0.15041615068912506,0.8129487633705139
8,28,0.38700538873672485,0.8301318287849426,0.03901594132184982,0.9848951697349548
8,29,0.4009953737258911,0.7534894347190857,0.16947618126869202,0.6448046565055847
8,30,0.3905787467956543,0.842109739780426,0.04261060059070587,0.8706713914871216
8,31,0.39998361468315125,0.7944179773330688,0.14381805062294006,0.819100558757782
8,32,0.37964683771133423,0.8565099239349365,-0.014933706261217594,0.9689814448356628
9,0,0.37972503900527954,0.4904056489467621,-0.14841781556606293,0.9992642998695374
9,1,0.38335084915161133,0.4827217161655426,-0.14131680130958557,0.9982994794845581
9,2,0.385373055934906,0.4828214645385742,-0.1413317322731018,0.9982675313949585
9,3,0.3876219391822815,0.4830710291862488,-0.1413717120885849,0.9985846281051636
9,4,0.3790134787559509,0.48264768719673157,-0.13605575263500214,0.9973141551017761
9,5,0.3778739869594574,0.4825485050678253,-0.13605940341949463,0.9960567951202393
9,6,0.3766669034957886,0.4826386272907257,-0.1360442191362381,0.9957538843154907
9,7,0.3923521935939789,0.487702339887619,-0.09028927236795425,0.9973909258842468
9,8,0.377623975276947,0.4868568181991577,-0.06629777699708939,0.9777681827545166
9,9,0.38278186321258545,0.4997664988040924,-0.12870576977729797,0.9992727041244507
9,10,0.37787574529647827,0.49912065267562866,-0.12199044972658157,0.9985788464546204
9,11,0.4088939428329468,0.5369391441345215,-0.06893482059240341,0.9999160170555115
9,12,0.36453261971473694,0.5443638563156128,-0.0012339551467448473,0.9984908103942871
9,13,0.4262717366218567,0.5872288942337036,-0.06884650886058807,0.9958722591400146
9,14,0.35509225726127625,0.6082655787467957,-0.040868017822504044,0.5756177306175232
9,15,0.40921857953071594,0.6256210207939148,-0.10110002756118774,0.9882849454879761
9,16,0.3502226173877716,0.5817787051200867,-0.1773763746023178,0.5157015919685364
9,17,0.4046255052089691,0.6391346454620361,-0.11205495148897171,0.9644654989242554
9,18,0.3505384922027588,0.5659247636795044,-0.19629573822021484,0.4793773591518402
9,19,0.40146759152412415,0.6320108771324158,-0.11495747417211533,0.9646000266075134
9,20,0.35107845067977905,0.5587189197540283,-0.19935545325279236,0.49333932995796204
9,21,0.40231773257255554,0.6282477974891663,-0.10051487386226654,0.94296795129776
9,22,0.35346850752830505,0.5622037053108215,-0.18167530000209808,0.4483186602592468
9,23,0.3954107463359833,0.655928373336792,-0.022814562544226646,0.9991056323051453
9,24,0.3711606562137604,0.6579006910324097,0.02275671437382698,0.9996498823165894
9,25,0.38883641362190247,0.7310262322425842,-0.16154633462429047,0.9525424838066101
9,26,0.37416213750839233,0.7546452879905701,0.0135585842654109,0.9819019436836243
9,27,0.39980921149253845,0.760165810585022,-0.010674118995666504,0.8292745351791382
9,28,0.38686904311180115,0.8307117223739624,0.10921257734298706,0.9855629205703735
9,29,0.4021618962287903,0.7544970512390137,0.003245751606300473,0.6727036237716675
9,30,0.3911818265914917,0.8436845541000366,0.11564980447292328,0.880543053150177
9,31,0.400003045797348,0.7950164079666138,-0.0342056080698967,0.8350698351860046
9,32,0.37880903482437134,0.8578693866729736,0.0647161602973938,0.9706698060035706
10,0,0.3791801929473877,0.4901588261127472,-0.1372852474451065,0.9993374943733215
10,1,0.3825690448284149,0.48249396681785583,-0.13025538623332977,0.9984687566757202
10,2,0.3846103250980377,0.48250338435173035,-0.13024871051311493,0.9984400272369385
10,3,0.38688188791275024,0.4825962781906128,-0.13028056919574738,0.998725414276123
10,4,0.37823569774627686,0.48258912563323975,-0.12443675100803375,0.9975816607475281
10,5,0.377049058675766,0.48259806632995605,-0.12445949018001556,0.9964497685432434
10,6,0.37584319710731506,0.4826695919036865,-0.12444453686475754,0.9961767792701721
10,7,0.39165085554122925,0.48693323135375977,-0.08156649768352509,0.9976515769958496
10,8,0.3766961395740509,0.4867333471775055,-0.05380368232727051,0.9799832105636597
10,9,0.3824298679828644,0.4994125962257385,-0.11830443888902664,0.9993451833724976
10,10,0.3773968517780304,0.49882909655570984,-0.11073976010084152,0.9987199902534485
10,11,0.4086780846118927,0.536751389503479,-0.06653860211372375,0.999923586845398
10,12,0.3637969195842743,0.5433618426322937,0.007222883403301239,0.9986128807067871
10,13,0.4257564842700958,0.5863620638847351,-0.05750682204961777,0.99614417552948
10,14,0.35258740186691284,0.6031409502029419,-0.03175874799489975,0.5950876474380493
10,15,0.410412073135376,0.6225687861442566,-0.09003636240959167,0.9884506464004517
10,16,0.35066521167755127,0.5880969762802124,-0.16296762228012085,0.5530245900154114
10,17,0.40657079219818115,0.6346753835678101,-0.10243929922580719,0.9648842811584473
10,18,0.35018348693847656,0.5842902064323425,-0.1815943568944931,0.5170132517814636
10,19,0.402996301651001,0.6290918588638306,-0.10636419802904129,0.9650737047195435
10,20,0.3511430621147156,0.5752285718917847,-0.1870412528514862,0.529319167137146
10,21,0.40354180335998535,0.6256060004234314,-0.09009713679552078,0.9439709782600403
10,22,0.3531433939933777,0.5754860043525696,-0.16814172267913818,0.4836183786392212
10,23,0.39544588327407837,0.6549557447433472,-0.025672046467661858,0.9991926550865173
10,24,0.37100929021835327,0.6575972437858582,0.025627680122852325,0.9996795058250427
10,25,0.38496559858322144,0.7226871848106384,-0.18609647452831268,0.956967294216156
10,26,0.37430068850517273,0.7536175847053528,0.017420684918761253,0.9783937931060791
10,27,0.39955392479896545,0.7601202130317688,-0.05324731767177582,0.8441673517227173
10,28,0.38614383339881897,0.8308255076408386,0.10509764403104782,0.9858469367027283
10,29,0.4022889733314514,0.7556436657905579,-0.04120533540844917,0.6970235109329224
10,30,0.39120975136756897,0.8452587723731995,0.11047423630952835,0.8883663415908813
10,31,0.39862990379333496,0.795097827911377,-0.08173545449972153,0.8496617674827576
10,32,0.37600430846214294,0.8576995134353638,0.059465259313583374,0.9716662168502808
11,0,0.37903666496276855,0.4894312024116516,-0.12186876684427261,0.9994035363197327
11,1,0.3822278678417206,0.48196855187416077,-0.1134258359670639,0.99862140417099
11,2,0.3842743933200836,0.48190468549728394,-0.1134139820933342,0.9985955357551575
11,3,0.38645175099372864,0.481962114572525,-0.11343253403902054,0.9988523721694946
11,4,0.3778758645057678,0.4824483394622803,-0.10861764848232269,0.9978229403495789
11,5,0.37667015194892883,0.4822863042354584,-0.1086454689502716,0.9968041181564331
11,6,0.37545111775398254,0.4822390675544739,-0.10863309353590012,0.9965583682060242
11,7,0.39105552434921265,0.4868783950805664,-0.06171438843011856,0.9978861808776855
11,8,0.3759528398513794,0.4860866665840149,-0.03952707722783089,0.9819813966751099
11,9,0.38247835636138916,0.49830594658851624,-0.10250771045684814,0.9994105100631714
11,10,0.37731072306632996,0.49770301580429077,-0.09637191146612167,0.998847484588623
11,11,0.40820279717445374,0.5354408621788025,-0.045915234833955765,0.9999304413795471
11,12,0.3635140061378479,0.5427266955375671,0.017495570704340935,0.9987354874610901
11,13,0.4254019260406494,0.5850732922554016,-0.04877782240509987,0.9963887333869934
11,14,0.3502679169178009,0.6005471348762512,-0.030235758051276207,0.6273089051246643
11,15,0.41094347834587097,0.6195648312568665,-0.09475626796483994,0.9888122081756592
11,16,0.35015371441841125,0.5894355177879333,-0.1680547297000885,0.5944862961769104
11,17,0.4068983793258667,0.6306896805763245,-0.10990181565284729,0.9660206437110901
11,18,0.35018792748451233,0.585181713104248,-0.1887669712305069,0.5602142214775085
11,19,0.40378251671791077,0.6247493028640747,-0.11389750987291336,0.9662309885025024
11,20,0.35139167308807373,0.5739829540252686,-0.19228021800518036,0.5711564421653748
11,21,0.4045288562774658,0.6211487054824829,-0.0953562930226326,0.9458999037742615
11,22,0.352818101644516,0.5738884806632996,-0.1723305732011795,0.5274725556373596
11,23,0.39565739035606384,0.6536278128623962,-0.02739858254790306,0.9992711544036865
11,24,0.37142863869667053,0.6563924551010132,0.027354253455996513,0.9997073411941528
11,25,0.38309741020202637,0.7174790501594543,-0.19244755804538727,0.9610415697097778
11,26,0.37400344014167786,0.7524234056472778,0.0133395716547966,0.9741519689559937
11,27,0.3992491364479065,0.7631610035896301,-0.06851319223642349,0.8582559823989868
11,28,0.3851938545703888,0.8305235505104065,0.09474987536668777,0.9859367609024048
11,29,0.4025399088859558,0.7612724304199219,-0.057289887219667435,0.7194247841835022
11,30,0.3912273347377777,0.8449330925941467,0.09944690018892288,0.8945310711860657
11,31,0.3947790265083313,0.8014542460441589,-0.09830957651138306,0.8633415699005127
11,32,0.37462615966796875,0.8575736284255981,0.0479181744158268,0.97225421667099
12,0,0.37907707691192627,0.48700281977653503,-0.11192280054092407,0.9994630217552185
12,1,0.382062166929245,0.4797479510307312,-0.1035989373922348,0.9987589716911316
12,2,0.3840654194355011,0.47957292199134827,-0.10358959436416626,0.9987356662750244
12,3,0.3861585259437561,0.47939562797546387,-0.1036037802696228,0.9989668130874634
12,4,0.37771016359329224,0.48033684492111206,-0.09919580072164536,0.9980403184890747
12,5,0.37641003727912903,0.480406254529953,-0.09921862185001373,0.9971233010292053
12,6,0.37511664628982544,0.48055386543273926,-0.09920218586921692,0.9969021677970886
12,7,0.39057043194770813,0.48330748081207275,-0.05077798292040825,0.9980974197387695
12,8,0.37538331747055054,0.48450642824172974,-0.030462322756648064,0.9837818145751953
12,9,0.3826739490032196,0.4958154261112213,-0.09192852675914764,0.9994693398475647
12,10,0.37739041447639465,0.4954388737678528,-0.08629254251718521,0.9989625215530396
12,11,0.40735265612602234,0.5323262214660645,-0.031169602647423744,0.9999369978904724
12,12,0.3633263111114502,0.5374235510826111,0.02725779078900814,0.9988555908203125
12,13,0.42548978328704834,0.5770226716995239,-0.03712758421897888,0.9966411590576172
12,14,0.3466157019138336,0.5937469601631165,-0.018319668248295784,0.6610556840896606
12,15,0.4110705554485321,0.6183599829673767,-0.09140540659427643,0.9893626570701599
12,16,0.3483373522758484,0.5883339643478394,-0.14961011707782745,0.6335130333900452
12,17,0.4065280556678772,0.6280421018600464,-0.10806407779455185,0.9676395654678345
12,18,0.3500635027885437,0.5896284580230713,-0.17048566043376923,0.6013146638870239
12,19,0.40377530455589294,0.6217100024223328,-0.11191635578870773,0.9678267240524292
12,20,0.3516441583633423,0.5784818530082703,-0.17426566779613495,0.6110954284667969
12,21,0.40474191308021545,0.6186172366142273,-0.09223712235689163,0.9484478831291199
12,22,0.3525204062461853,0.5767947435379028,-0.1536312848329544,0.5702874064445496
12,23,0.39451462030410767,0.6477018594741821,-0.02731350064277649,0.9993422627449036
12,24,0.37070414423942566,0.6508744359016418,0.027277428656816483,0.999733567237854
12,25,0.38200676441192627,0.716084897518158,-0.18165883421897888,0.964652419090271
12,26,0.37305742502212524,0.7459617257118225,0.006180366035550833,0.9699221253395081
12,27,0.39837732911109924,0.7660547494888306,-0.06068986654281616,0.8707728981971741
12,28,0.38434934616088867,0.8294432759284973,0.07980275899171829,0.9858312010765076
12,29,0.4022347927093506,0.7639914155006409,-0.04979706555604935,0.7373774647712708
12,30,0.39092135429382324,0.8447447419166565,0.08378630876541138,0.8995561599731445
12,31,0.39326611161231995,0.8084976673126221,-0.09092403948307037,0.8754425644874573
12,32,0.37364140152931213,0.8573524951934814,0.030391443520784378,0.9725592732429504
13,0,0.3782096803188324,0.4806637167930603,-0.1083245575428009,0.9995163083076477
13,1,0.3812560737133026,0.4728168547153473,-0.09898541867733002,0.9988822340965271
13,2,0.3832535147666931,0.47276410460472107,-0.09898076206445694,0.9988611936569214
13,3,0.38543087244033813,0.47273579239845276,-0.09899873286485672,0.9990691542625427
13,4,0.37697839736938477,0.4730987250804901,-0.09545108675956726,0.9982352256774902
13,5,0.37574946880340576,0.47316429018974304,-0.09547398239374161,0.9974097609519958
13,6,0.3745405673980713,0.4733699858188629,-0.0954720750451088,0.997210681438446
13,7,0.3902498781681061,0.4767419993877411,-0.04314153268933296,0.9982871413230896
13,8,0.3749620318412781,0.47735530138015747,-0.027403857558965683,0.9853981137275696
13,9,0.38172221183776855,0.4901579022407532,-0.08742614835500717,0.9995220899581909
13,10,0.37669438123703003,0.48957905173301697,-0.08308756351470947,0.9990654587745667
13,11,0.406139612197876,0.5249074101448059,-0.018964853137731552,0.9999421834945679
13,12,0.3632623255252838,0.5281080007553101,0.024172112345695496,0.9989501237869263
13,13,0.4249206483364105,0.5695235729217529,-0.021019944921135902,0.9967228770256042
13,14,0.34678125381469727,0.585472047328949,-0.024199724197387695,0.6889110803604126
13,15,0.411761999130249,0.6120156049728394,-0.07619325071573257,0.9892982840538025
13,16,0.3486558198928833,0.575142502784729,-0.15947066247463226,0.6672388315200806
13,17,0.40717193484306335,0.6257489323616028,-0.09089776873588562,0.9676571488380432
13,18,0.3497156500816345,0.5780400633811951,-0.180883526802063,0.6364466547966003
13,19,0.4042941629886627,0.6194593906402588,-0.09669037908315659,0.9678933024406433
13,20,0.351440966129303,0.5690445899963379,-0.18270151317119598,0.6450973749160767
13,21,0.4053332209587097,0.6150872707366943,-0.07770941406488419,0.9487314820289612
13,22,0.35229575634002686,0.5675835013389587,-0.16266155242919922,0.6055922508239746
13,23,0.3945836126804352,0.6414890885353088,-0.026847120374441147,0.999405026435852
13,24,0.370789110660553,0.6444647908210754,0.02671678364276886,0.9997538924217224
13,25,0.38159313797950745,0.7075058221817017,-0.20388725399971008,0.9677514433860779
13,26,0.3734896183013916,0.7459032535552979,0.0002682396734599024,0.9647040963172913
13,27,0.395576536655426,0.7666264176368713,-0.08654262125492096,0.8808410167694092
13,28,0.38367602229118347,0.8271445035934448,0.07260505110025406,0.984905481338501
13,29,0.40000617504119873,0.7667400240898132,-0.07605663686990738,0.7523566484451294
13,30,0.3894836902618408,0.8416864275932312,0.07600800693035126,0.900426983833313
13,31,0.3913230895996094,0.8076377511024475,-0.1225811243057251,0.8855253458023071
13,32,0.37473446130752563,0.8559577465057373,0.01884949393570423,0.9714253544807434
14,0,0.37740105390548706,0.4760604500770569,-0.11645901203155518,0.9995644688606262
14,1,0.38042083382606506,0.46755293011665344,-0.10719028860330582,0.9989936351776123
14,2,0.38239994645118713,0.4674430191516876,-0.10718341171741486,0.998974621295929
14,3,0.3846340477466583,0.46740832924842834,-0.1072048768401146,0.9991617202758789
14,4,0.37621062994003296,0.4678245782852173,-0.10397575795650482,0.998411238193512
14,5,0.37497854232788086,0.46791043877601624,-0.10399861633777618,0.9976682662963867
14,6,0.3737804591655731,0.468149870634079,-0.10399078577756882,0.9974890947341919
14,7,0.38979461789131165,0.4712989926338196,-0.04980377480387688,0.9984581470489502
14,8,0.3743343949317932,0.4719875454902649,-0.035601887851953506,0.9868563413619995
14,9,0.38100606203079224,0.4857518970966339,-0.09485835582017899,0.9995697140693665
14,10,0.3760441839694977,0.48520588874816895,-0.09092609584331512,0.9991585612297058
14,11,0.4056991636753082,0.5200420022010803,-0.021781761199235916,0.9999472498893738
14,12,0.3619299530982971,0.5228587985038757,0.01934276893734932,0.999046266078949
14,13,0.42480820417404175,0.5654007792472839,-0.023618033155798912,0.9968541860580444
14,14,0.3437635004520416,0.5829030871391296,-0.02978936955332756,0.717431366443634
14,15,0.4122995436191559,0.606040358543396,-0.08330350369215012,0.9894086122512817
14,16,0.3487240672111511,0.5755398273468018,-0.1647917777299881,0.6993275284767151
14,17,0.40751445293426514,0.6184952855110168,-0.09947503358125687,0.9680621027946472
14,18,0.35004857182502747,0.575008749961853,-0.1861196756362915,0.6705158948898315
14,19,0.4048584997653961,0.6109144687652588,-0.10367467999458313,0.9683164358139038
14,20,0.35142260789871216,0.5649721026420593,-0.1885247826576233,0.6782240867614746
14,21,0.40598657727241516,0.607020914554596,-0.08441019058227539,0.9494024515151978
14,22,0.35214298963546753,0.5645055174827576,-0.1678728610277176,0.6410452723503113
14,23,0.39389777183532715,0.635674238204956,-0.02453009784221649,0.9994623064994812
14,24,0.3699997663497925,0.639277994632721,0.024458210915327072,0.9997735023498535
14,25,0.38078224658966064,0.7025028467178345,-0.20914830267429352,0.9706907868385315
14,26,0.372249037027359,0.7324418425559998,-0.004457196686416864,0.9607398509979248
14,27,0.39317578077316284,0.7716183066368103,-0.0964185819029808,0.891360878944397
14,28,0.3830253779888153,0.8248263597488403,0.07254081219434738,0.9845675230026245
14,29,0.3974725306034088,0.776993989944458,-0.08648686856031418,0.7701491713523865
14,30,0.38847780227661133,0.837679386138916,0.07691340148448944,0.903554379940033
14,31,0.3890462815761566,0.8108542561531067,-0.13568121194839478,0.8956407308578491
14,32,0.3752814531326294,0.8554040193557739,0.018903689458966255,0.9712324738502502
15,0,0.3777277171611786,0.47166672348976135,-0.11780533939599991,0.9996077418327332
15,1,0.3807450532913208,0.46287277340888977,-0.10782237350940704,0.999093770980835
15,2,0.38273885846138,0.46277958154678345,-0.10781753063201904,0.9990766048431396
15,3,0.3848572075366974,0.4627366065979004,-0.10783708095550537,0.9992449283599854
15,4,0.3763886094093323,0.46329548954963684,-0.1057496964931488,0.9985695481300354
15,5,0.375114381313324,0.46353426575660706,-0.10577671229839325,0.9979007840156555
15,6,0.3738543391227722,0.4638656675815582,-0.10577402263879776,0.9977395534515381
15,7,0.38940972089767456,0.46660080552101135,-0.04714420065283775,0.9986119270324707
15,8,0.373880535364151,0.4678816795349121,-0.03837379440665245,0.9881684184074402
15,9,0.3813920319080353,0.48135906457901,-0.09497793018817902,0.9996125102043152
15,10,0.3761991858482361,0.48077380657196045,-0.09260483831167221,0.9992423057556152
15,11,0.40546104311943054,0.5152230858802795,-0.015333377756178379,0.9999515414237976
15,12,0.3599931001663208,0.516862690448761,0.015225310809910297,0.9991324543952942
15,13,0.4243670403957367,0.5622942447662354,-0.01747901737689972,0.9968994855880737
15,14,0.3425723612308502,0.578269898891449,-0.03483323007822037,0.7435837388038635
15,15,0.41241714358329773,0.6004972457885742,-0.08737770467996597,0.9893563985824585
15,16,0.3491726219654083,0.5721387267112732,-0.16635480523109436,0.7281249165534973
15,17,0.407588392496109,0.6127244830131531,-0.10451308637857437,0.9682269096374512
15,18,0.3504975438117981,0.5704591870307922,-0.1880682110786438,0.7010506987571716
15,19,0.40494489669799805,0.6041089296340942,-0.11022596806287766,0.9685621857643127
15,20,0.3516412377357483,0.5605276226997375,-0.19030030071735382,0.7079373002052307
15,21,0.40609219670295715,0.6005321741104126,-0.08940213918685913,0.949877142906189
15,22,0.3521868884563446,0.5605019330978394,-0.16918174922466278,0.67266446352005
15,23,0.3939391076564789,0.6325297355651855,-0.019446980208158493,0.9995123744010925
15,24,0.369828999042511,0.637182891368866,0.019402220845222473,0.999788224697113
15,25,0.37953415513038635,0.6965477466583252,-0.21370340883731842,0.9732349514961243
15,26,0.37211766839027405,0.7296403050422668,-0.015604966320097446,0.9571492075920105
15,27,0.390584796667099,0.7711988687515259,-0.10072977840900421,0.9001401662826538
15,28,0.38257038593292236,0.8234738111495972,0.0659259781241417,0.9838029742240906
15,29,0.3945862352848053,0.775411069393158,-0.09083595871925354,0.7860332131385803
15,30,0.38717159628868103,0.8355913162231445,0.07072838395833969,0.9047388434410095
15,31,0.3865499198436737,0.8104048371315002,-0.1427990049123764,0.904325008392334
15,32,0.37574633955955505,0.8543796539306641,0.007078308612108231,0.9703012108802795
16,0,0.3773965537548065,0.46403613686561584,-0.11964147537946701,0.9996466636657715
16,1,0.38067805767059326,0.45647621154785156,-0.10929470509290695,0.9991837739944458
16,2,0.3827376961708069,0.45645666122436523,-0.10928811877965927,0.9991682171821594
16,3,0.3848082423210144,0.4565187692642212,-0.10930611193180084,0.9993195533752441
16,4,0.3761047124862671,0.4568023681640625,-0.10749156773090363,0.9987119436264038
16,5,0.3748324513435364,0.4569317102432251,-0.10752159357070923,0.9981100559234619
16,6,0.3734898567199707,0.4572376012802124,-0.10752148181200027,0.9979649782180786
16,7,0.38921990990638733,0.46108922362327576,-0.04739135131239891,0.9987500905990601
16,8,0.37334612011909485,0.4616745412349701,-0.04026550054550171,0.9893495440483093
16,9,0.38124585151672363,0.4745473265647888,-0.09658168256282806,0.9996509552001953
16,10,0.3757137358188629,0.473683625459671,-0.09454470872879028,0.9993175864219666
16,11,0.40492045879364014,0.5122280716896057,-0.013221558183431625,0.9999552965164185
16,12,0.3587855100631714,0.5129290819168091,0.009282989427447319,0.999212384223938
16,13,0.42266273498535156,0.5599770545959473,-0.015330430120229721,0.9969457983970642
16,14,0.3376530706882477,0.5735403895378113,-0.03887040540575981,0.7683503031730652
16,15,0.41271278262138367,0.5953335762023926,-0.08988671749830246,0.9893309473991394
16,16,0.3494420647621155,0.564872682094574,-0.1659795045852661,0.7544872760772705
16,17,0.4076900780200958,0.6078988313674927,-0.10809475183486938,0.9681148529052734
16,18,0.35307085514068604,0.5622864961624146,-0.18768246471881866,0.7289316654205322
16,19,0.40526410937309265,0.5985607504844666,-0.11350751668214798,0.9685689210891724
16,20,0.35393673181533813,0.5527507662773132,-0.18815277516841888,0.7350372672080994
16,21,0.4063834547996521,0.5951465964317322,-0.0920996367931366,0.9499678015708923
16,22,0.35392773151397705,0.5529305934906006,-0.16773691773414612,0.7016552090644836
16,23,0.3931428790092468,0.6276659965515137,-0.016612548381090164,0.9995554089546204
16,24,0.3690943419933319,0.6315900087356567,0.01659894362092018,0.9997976422309875
16,25,0.37860187888145447,0.6965603232383728,-0.2036944478750229,0.974640429019928
16,26,0.3721924126148224,0.7259659171104431,-0.02207866683602333,0.9464725255966187
16,27,0.3868275284767151,0.7822206616401672,-0.10165933519601822,0.9061023592948914
16,28,0.3812081813812256,0.8214699625968933,0.05870684236288071,0.9792811274528503
16,29,0.3891315162181854,0.7832458019256592,-0.09320981800556183,0.7965508699417114
16,30,0.3846738338470459,0.8347252011299133,0.06346748769283295,0.8988544940948486
16,31,0.38548845052719116,0.811860978603363,-0.15140177309513092,0.9103374481201172
16,32,0.3756326138973236,0.8536705374717712,-0.004061535466462374,0.9643551111221313
17,0,0.37755051255226135,0.46003127098083496,-0.12008871138095856,0.9996816515922546
17,1,0.38087570667266846,0.4520946443080902,-0.11132169514894485,0.9992645978927612
17,2,0.3829192817211151,0.4521564841270447,-0.11132469028234482,0.9992505311965942
17,3,0.384972482919693,0.45241978764533997,-0.11134961247444153,0.9993865489959717
17,4,0.3761330246925354,0.4522111117839813,-0.109064482152462,0.9988400340080261
17,5,0.37480974197387695,0.45225539803504944,-0.10911329835653305,0.9982983469963074
17,6,0.37353968620300293,0.4523826837539673,-0.10913629084825516,0.9981678128242493
17,7,0.3891146183013916,0.4576224982738495,-0.04930015653371811,0.9988741874694824
17,8,0.37308791279792786,0.4564455449581146,-0.04527638852596283,0.9904124736785889
17,9,0.3814336359500885,0.4708045423030853,-0.0987592488527298,0.9996854066848755
17,10,0.3756110370159149,0.46952199935913086,-0.09654168039560318,0.9993852972984314
17,11,0.4040190577507019,0.5095024704933167,-0.011553233489394188,0.9999582767486572
17,12,0.3574959635734558,0.5079809427261353,0.0011731067206710577,0.999283492565155
17,13,0.42148739099502563,0.5565453767776489,-0.008368127979338169,0.9968820810317993
17,14,0.3359050750732422,0.5689722895622253,-0.045659977942705154,0.7907068729400635
17,15,0.41271430253982544,0.5903347134590149,-0.08589167147874832,0.9892109036445618
17,16,0.3494436740875244,0.5611329078674316,-0.1722669005393982,0.7783084511756897
17,17,0.40823712944984436,0.6031933426856995,-0.10411319136619568,0.9679943919181824
17,18,0.3537614643573761,0.5588662028312683,-0.19441144168376923,0.7542805671691895
17,19,0.4054625630378723,0.5952607989311218,-0.11056690663099289,0.9685877561569214
17,20,0.35509252548217773,0.5496128797531128,-0.1947600394487381,0.7597249746322632
17,21,0.4063524901866913,0.5915002822875977,-0.08867653459310532,0.9501026272773743
17,22,0.3548714518547058,0.5495975017547607,-0.17381155490875244,0.7282952070236206
17,23,0.39253848791122437,0.62403404712677,-0.012660001404583454,0.999592661857605
17,24,0.368771493434906,0.6279443502426147,0.012657174840569496,0.9998027086257935
17,25,0.37777766585350037,0.6948226094245911,-0.1980608105659485,0.9757155179977417
17,26,0.3724640905857086,0.7290871739387512,-0.02878006361424923,0.9334647059440613
17,27,0.38334423303604126,0.7877823710441589,-0.10189985483884811,0.9107654690742493
17,28,0.38018545508384705,0.8177698850631714,0.045848507434129715,0.9731751084327698
17,29,0.3846312463283539,0.7938357591629028,-0.09404724836349487,0.805220365524292
17,30,0.38290756940841675,0.8309571743011475,0.04978929087519646,0.8890373110771179
17,31,0.38392192125320435,0.8158921003341675,-0.1539417803287506,0.9155611991882324
17,32,0.3757465183734894,0.853415846824646,-0.018178928643465042,0.95661860704422
18,0,0.37769436836242676,0.45726045966148376,-0.1213933601975441,0.9997128844261169
18,1,0.3810156285762787,0.44932374358177185,-0.1115841418504715,0.999336838722229
18,2,0.38305574655532837,0.4494301378726959,-0.11157888174057007,0.9993239641189575
18,3,0.38511261343955994,0.4496729075908661,-0.11159659177064896,0.9994461536407471
18,4,0.3760793209075928,0.44944021105766296,-0.10988958925008774,0.9989548921585083
18,5,0.37452876567840576,0.4496060013771057,-0.10992500185966492,0.9984674453735352
18,6,0.3731915354728699,0.44981929659843445,-0.10993900150060654,0.9983500838279724
18,7,0.3886905610561371,0.45359569787979126,-0.04498017951846123,0.9989851713180542
18,8,0.37226036190986633,0.45294591784477234,-0.04604917764663696,0.9913684129714966
18,9,0.3815617859363556,0.46701523661613464,-0.09777375310659409,0.99971604347229
18,10,0.3754144608974457,0.466294527053833,-0.09718184173107147,0.9994458556175232
18,11,0.4030449092388153,0.5046150088310242,-0.0024391489569097757,0.9999610185623169
18,12,0.3561699390411377,0.5027619004249573,0.0011096864473074675,0.9993469715118408
18,13,0.4201589524745941,0.5502658486366272,0.008782794699072838,0.996719241142273
18,14,0.3351300358772278,0.5633481740951538,-0.046265389770269394,0.8110601305961609
18,15,0.4125082194805145,0.5857299566268921,-0.06535881012678146,0.9892445802688599
18,16,0.34831833839416504,0.5585876107215881,-0.1758182942867279,0.799975574016571
18,17,0.4081452190876007,0.5985646843910217,-0.08342398703098297,0.9683598279953003
18,18,0.353619247674942,0.5566777586936951,-0.19920043647289276,0.777573823928833
18,19,0.40528690814971924,0.5911432504653931,-0.0907873585820198,0.9690837860107422
18,20,0.3550699055194855,0.546296238899231,-0.20001760125160217,0.7824657559394836
18,21,0.40613189339637756,0.5872040390968323,-0.06858795881271362,0.9509120583534241
18,22,0.3546724021434784,0.5462232232093811,-0.177613765001297,0.7531262636184692
18,23,0.3919008672237396,0.620966374874115,-0.010322729125618935,0.99962317943573
18,24,0.36799272894859314,0.6244938373565674,0.010332954116165638,0.9997949004173279
18,25,0.37690407037734985,0.6913092732429504,-0.19019939005374908,0.9765620827674866
18,26,0.37204909324645996,0.7188820838928223,-0.030668191611766815,0.9207009673118591
18,27,0.38124486804008484,0.7897335290908813,-0.10674922168254852,0.9165617227554321
18,28,0.3796328008174896,0.8119456171989441,0.04784877225756645,0.9669514298439026
18,29,0.3825705051422119,0.7991135716438293,-0.10072314739227295,0.8140667080879211
18,30,0.38170093297958374,0.8239818215370178,0.0521220900118351,0.8785228729248047
18,31,0.3779793381690979,0.8325908184051514,-0.17097115516662598,0.9213744401931763
18,32,0.3754875361919403,0.8504443168640137,-0.017625125125050545,0.9500119686126709
19,0,0.3777943253517151,0.45417362451553345,-0.1281387209892273,0.9997410178184509
19,1,0.3811129927635193,0.44633015990257263,-0.11638764292001724,0.999401867389679
19,2,0.3831479549407959,0.4463895559310913,-0.11636682599782944,0.9993900060653687
19,3,0.3851357102394104,0.4465494155883789,-0.11637722700834274,0.9994997978210449
19,4,0.3760322034358978,0.44662222266197205,-0.11720509082078934,0.9990583062171936
19,5,0.3743560016155243,0.4468105137348175,-0.11724873632192612,0.9986197352409363
19,6,0.3728446960449219,0.44698941707611084,-0.11725922673940659,0.9985142350196838
19,7,0.3881602883338928,0.4505407214164734,-0.048667632043361664,0.9990845918655396
19,8,0.3715860843658447,0.45041996240615845,-0.05325385928153992,0.9922292232513428
19,9,0.3816395103931427,0.4633673131465912,-0.10148662328720093,0.9997434616088867
19,10,0.37530678510665894,0.4627531170845032,-0.10381601750850677,0.9995002746582031
19,11,0.40265148878097534,0.5040428638458252,-0.005932209547609091,0.9999628067016602
19,12,0.3551706373691559,0.49990928173065186,-0.00902647152543068,0.999405026435852
19,13,0.4193789064884186,0.5515445470809937,0.009183309972286224,0.9962984323501587
19,14,0.3326443135738373,0.558891773223877,-0.05975201725959778,0.8296195864677429
19,15,0.412329763174057,0.5856473445892334,-0.05878534913063049,0.9887186288833618
19,16,0.34842002391815186,0.5560640692710876,-0.18291372060775757,0.8195387125015259
19,17,0.40803977847099304,0.5980653166770935,-0.07545075565576553,0.9673495292663574
19,18,0.35501807928085327,0.5552448630332947,-0.20551098883152008,0.7985032796859741
19,19,0.40509694814682007,0.5909072756767273,-0.08216039091348648,0.9682994484901428
19,20,0.3567834794521332,0.5452941060066223,-0.2050280123949051,0.8028784990310669
19,21,0.40591931343078613,0.5870289206504822,-0.061713170260190964,0.9497722387313843
19,22,0.35597798228263855,0.5447585582733154,-0.18388201296329498,0.7753450870513916
19,23,0.3917273283004761,0.6200012564659119,-0.00957585871219635,0.9996524453163147
19,24,0.36789828538894653,0.6225166916847229,0.009571113623678684,0.9997926354408264
19,25,0.37648457288742065,0.6925051808357239,-0.18769682943820953,0.9772323369979858
19,26,0.37210553884506226,0.722243070602417,-0.027178697288036346,0.9111071228981018
19,27,0.3796825110912323,0.7940332293510437,-0.10120896250009537,0.9223321080207825
19,28,0.3790036737918854,0.8045259714126587,0.05522745102643967,0.963079035282135
19,29,0.3804982006549835,0.8043266534805298,-0.09485778957605362,0.8226819634437561
19,30,0.38052934408187866,0.816872775554657,0.06096787005662918,0.8702259063720703
19,31,0.3778856098651886,0.8321753740310669,-0.16446280479431152,0.9269801378250122
19,32,0.3754989802837372,0.8450002670288086,-0.01420816034078598,0.9467713832855225
20,0,0.3777618706226349,0.4517294466495514,-0.13040493428707123,0.9997659921646118
20,1,0.3809203803539276,0.44418758153915405,-0.11876128613948822,0.9994593262672424
20,2,0.38292133808135986,0.44405126571655273,-0.11874308437108994,0.9994483590126038
20,3,0.3847995400428772,0.4441383481025696,-0.11875077337026596,0.9995469450950623
20,4,0.3757011592388153,0.44424915313720703,-0.12014023959636688,0.9991505742073059
20,5,0.37394073605537415,0.4441509246826172,-0.12017463892698288,0.9987559914588928
20,6,0.3722909092903137,0.444284051656723,-0.12018179148435593,0.9986612796783447
20,7,0.3873979151248932,0.4482288360595703,-0.04980463534593582,0.9991718530654907
20,8,0.37083467841148376,0.448176771402359,-0.05899882689118385,0.9930022358894348
20,9,0.38163354992866516,0.46055856347084045,-0.10418600589036942,0.9997672438621521
20,10,0.3748141825199127,0.4599466323852539,-0.10706763714551926,0.9995485544204712
20,11,0.40217697620391846,0.5017178654670715,-0.008433593437075615,0.9999637007713318
20,12,0.35434025526046753,0.4975733458995819,-0.016454624012112617,0.9994547963142395
20,13,0.4176293611526489,0.5492168664932251,0.010061855427920818,0.995775043964386
20,14,0.3310767412185669,0.5527873635292053,-0.05829178914427757,0.8462173938751221
20,15,0.41225767135620117,0.5835998058319092,-0.058100730180740356,0.9881837368011475
20,16,0.3484314978122711,0.5579158663749695,-0.17418929934501648,0.836889922618866
20,17,0.40800538659095764,0.5949905514717102,-0.0753050297498703,0.9663451313972473
20,18,0.3548622727394104,0.5577519536018372,-0.19646693766117096,0.8167469501495361
20,19,0.4049895703792572,0.5881141424179077,-0.08443043380975723,0.9675140380859375
20,20,0.35664692521095276,0.5484939813613892,-0.19741399586200714,0.8206572532653809
20,21,0.4057754576206207,0.5844499468803406,-0.06218454986810684,0.9488060474395752
20,22,0.35592132806777954,0.5475406050682068,-0.17576029896736145,0.7944750189781189
20,23,0.39059576392173767,0.6191782355308533,-0.005289922002702951,0.999670684337616
20,24,0.3661956191062927,0.6191585063934326,0.005274837836623192,0.9997709393501282
20,25,0.3768726885318756,0.695749044418335,-0.1502874195575714,0.9775570631027222
20,26,0.36977818608283997,0.7123970985412598,-0.02535141445696354,0.9086487293243408
20,27,0.3795965313911438,0.7968097925186157,-0.08665627241134644,0.9275979995727539
20,28,0.3776330053806305,0.8006065487861633,0.047674618661403656,0.9596295356750488
20,29,0.3799406886100769,0.8081116080284119,-0.08305045962333679,0.8285631537437439
20,30,0.3785894513130188,0.8132461309432983,0.05134797841310501,0.8558805584907532
20,31,0.37761884927749634,0.8321850299835205,-0.15750806033611298,0.9321585893630981
20,32,0.3748985528945923,0.8370863795280457,-0.01913158781826496,0.9440528154373169
21,0,0.3777162730693817,0.45078155398368835,-0.1312536895275116,0.999788761138916
21,1,0.38069218397140503,0.442995548248291,-0.11996318399906158,0.9995118379592896
21,2,0.38264018297195435,0.442910760641098,-0.11995203793048859,0.999501645565033
21,3,0.3844352662563324,0.44290655851364136,-0.11995618790388107,0.999590277671814
21,4,0.3754723370075226,0.44300952553749084,-0.12124378979206085,0.9992344379425049
21,5,0.37368547916412354,0.44287338852882385,-0.12127364426851273,0.9988792538642883
21,6,0.3719654679298401,0.4429377615451813,-0.12128011137247086,0.9987941980361938
21,7,0.3867410719394684,0.44681456685066223,-0.0510154664516449,0.9992506504058838
21,8,0.37027084827423096,0.44704222679138184,-0.0612042136490345,0.9937000274658203
21,9,0.3815704584121704,0.4594232439994812,-0.1057472974061966,0.9997892379760742
21,10,0.37461385130882263,0.45915526151657104,-0.10834163427352905,0.9995927810668945
21,11,0.40213310718536377,0.5001317858695984,-0.009168047457933426,0.9999645948410034
21,12,0.3542020618915558,0.4969610571861267,-0.01814153417944908,0.9995039105415344
21,13,0.4165082573890686,0.5497138500213623,0.008943034335970879,0.9954119920730591
21,14,0.3296037018299103,0.5499218702316284,-0.05498794466257095,0.8612133264541626
21,15,0.4121516942977905,0.5841984152793884,-0.06022578850388527,0.9879520535469055
21,16,0.3483300805091858,0.5588985085487366,-0.1688103973865509,0.8525974154472351
21,17,0.4081961214542389,0.5948590040206909,-0.07755584269762039,0.9660460352897644
21,18,0.3548092842102051,0.5597972273826599,-0.19064901769161224,0.8333554267883301
21,19,0.4051347076892853,0.5878547430038452,-0.08760295808315277,0.9673366546630859
21,20,0.3564697802066803,0.5507684350013733,-0.19247061014175415,0.8368319869041443
21,21,0.4057445824146271,0.5843102931976318,-0.06475608050823212,0.9486495852470398
21,22,0.35575318336486816,0.5491998791694641,-0.17082948982715607,0.8120701313018799
21,23,0.39016470313072205,0.6194674968719482,-0.003451789263635874,0.999686598777771
21,24,0.3660033345222473,0.6191359758377075,0.0034524553921073675,0.9997565746307373
21,25,0.37709900736808777,0.7010936141014099,-0.11008910089731216,0.9776237607002258
21,26,0.36898601055145264,0.7135099768638611,-0.006943610031157732,0.9091156721115112
21,27,0.3773592710494995,0.8082029819488525,-0.08728060871362686,0.933046817779541
21,28,0.3772818148136139,0.8023159503936768,0.05522928759455681,0.9571367502212524
21,29,0.3756241798400879,0.8228110671043396,-0.08870872110128403,0.8369991183280945
21,30,0.37798210978507996,0.8162039518356323,0.056958429515361786,0.8453196883201599
21,31,0.3765881359577179,0.8401896953582764,-0.16663803160190582,0.937140166759491
21,32,0.3739350140094757,0.835206151008606,-0.014205330051481724,0.9425346851348877
22,0,0.3773905336856842,0.4496551752090454,-0.11395348608493805,0.9998091459274292
22,1,0.3802504539489746,0.44170209765434265,-0.10239151120185852,0.9995593428611755
22,2,0.38217392563819885,0.4416637420654297,-0.10240039229393005,0.9995498657226562
22,3,0.3839639723300934,0.4416291117668152,-0.10240597277879715,0.9996296763420105
22,4,0.3749626576900482,0.4416736662387848,-0.10365790128707886,0.9993100762367249
22,5,0.3731156587600708,0.441596657037735,-0.10367941111326218,0.9989902973175049
22,6,0.3713686168193817,0.441679447889328,-0.1036887988448143,0.9989140033721924
22,7,0.38623759150505066,0.44557106494903564,-0.035164859145879745,0.9993213415145874
22,8,0.3695732653141022,0.44594186544418335,-0.04374898225069046,0.994328498840332
22,9,0.38119691610336304,0.4584413468837738,-0.08870478719472885,0.9998090267181396
22,10,0.3740626573562622,0.4582536220550537,-0.09109751880168915,0.9996325373649597
22,11,0.4015664756298065,0.4998471438884735,0.005786899011582136,0.9999658465385437
22,12,0.35328245162963867,0.4959500730037689,-0.0058825756423175335,0.9995478987693787
22,13,0.415290504693985,0.5504694581031799,0.017662517726421356,0.9944888353347778
22,14,0.32869789004325867,0.548838198184967,-0.037539608776569366,0.8745238780975342
22,15,0.4114093780517578,0.5850647687911987,-0.05340218171477318,0.9870073795318604
22,16,0.34805402159690857,0.5607832074165344,-0.14781203866004944,0.8664182424545288
22,17,0.4077027440071106,0.5948305726051331,-0.07217144221067429,0.964681088924408
22,18,0.35476118326187134,0.5617006421089172,-0.16985440254211426,0.8476362228393555
22,19,0.40472012758255005,0.5875641107559204,-0.08096075803041458,0.966095507144928
22,20,0.35636624693870544,0.5519888401031494,-0.17379984259605408,0.850703775882721
22,21,0.4052414298057556,0.5841154456138611,-0.05762210860848427,0.9472049474716187
22,22,0.3556288182735443,0.5504446029663086,-0.15041665732860565,0.8270589709281921
22,23,0.38950327038764954,0.620705783367157,-0.005291280336678028,0.9997066855430603
22,24,0.364923357963562,0.6202037334442139,0.005321830045431852,0.9997419118881226
22,25,0.37724268436431885,0.7094537615776062,-0.09554165601730347,0.9735780954360962
22,26,0.36796241998672485,0.7141777873039246,0.0036877908278256655,0.8928488492965698
22,27,0.37397781014442444,0.8198308944702148,-0.098582923412323,0.93524569272995
22,28,0.3765827715396881,0.7975831627845764,0.10719741135835648,0.9242187142372131
22,29,0.37114548683166504,0.8364901542663574,-0.10329366475343704,0.8347935676574707
22,30,0.37794026732444763,0.8081141710281372,0.11480024456977844,0.8091824650764465
22,31,0.3733261525630951,0.8484721779823303,-0.1801138073205948,0.9388880133628845
22,32,0.37129831314086914,0.8218221664428711,0.06354185193777084,0.9203571677207947
23,0,0.3771061897277832,0.4487314522266388,-0.14013460278511047,0.9998270273208618
23,1,0.3799366354942322,0.44067874550819397,-0.1286633312702179,0.9996007680892944
23,2,0.3818413019180298,0.44068026542663574,-0.12866686284542084,0.9995917081832886
23,3,0.38361656665802,0.4407050907611847,-0.128672257065773,0.9996634125709534
23,4,0.3745758831501007,0.4405898153781891,-0.130557119846344,0.9993772506713867
23,5,0.37269359827041626,0.4405388832092285,-0.1305917203426361,0.9990893602371216
23,6,0.37093061208724976,0.4406225085258484,-0.13061265647411346,0.9990209937095642
23,7,0.38579246401786804,0.4448395371437073,-0.058381929993629456,0.9993802905082703
23,8,0.36896878480911255,0.44519561529159546,-0.06977907568216324,0.994892954826355
23,9,0.3808445334434509,0.4577254056930542,-0.11370107531547546,0.9998261332511902
23,10,0.37362250685691833,0.4575823247432709,-0.1168912947177887,0.9996680021286011
23,11,0.40120068192481995,0.5005531907081604,-0.00117991934530437,0.9999648332595825
23,12,0.3521277606487274,0.4959966540336609,-0.025217166170477867,0.9995865225791931
23,13,0.41495707631111145,0.5517085790634155,0.005682663526386023,0.993744432926178
23,14,0.32798656821250916,0.5502562522888184,-0.04935842752456665,0.8864770531654358
23,15,0.41036930680274963,0.5857986211776733,-0.0703807845711708,0.9858258962631226
23,16,0.3475322127342224,0.5620229840278625,-0.14857877790927887,0.878685712814331
23,17,0.4070545732975006,0.5950250625610352,-0.09286433458328247,0.9626962542533875
23,18,0.3543596863746643,0.5637917518615723,-0.17068035900592804,0.8600544333457947
23,19,0.40418654680252075,0.5878984928131104,-0.10479731112718582,0.9643750786781311
23,20,0.3562215268611908,0.55757075548172,-0.17986193299293518,0.8628008961677551
23,21,0.40460649132728577,0.5845885872840881,-0.07733762264251709,0.9449976682662964
23,22,0.3550393879413605,0.5546917915344238,-0.15151488780975342,0.8400115370750427
23,23,0.389070987701416,0.6217671036720276,-0.0025049627292901278,0.9997041821479797
23,24,0.3645033836364746,0.6214250922203064,0.002522480906918645,0.9997106790542603
23,25,0.3770952820777893,0.7162987589836121,-0.06813988834619522,0.9709245562553406
23,26,0.3675004243850708,0.7167239785194397,-0.0026966410223394632,0.8852945566177368
23,27,0.3728240132331848,0.820991575717926,-0.04474920034408569,0.9376530051231384
23,28,0.3754712641239166,0.8013096451759338,0.09077347815036774,0.9116470813751221
23,29,0.3696478307247162,0.8359490633010864,-0.04776901751756668,0.8349504470825195
23,30,0.37604156136512756,0.8127397894859314,0.09662633389234543,0.7823280096054077
23,31,0.3728596270084381,0.8533092737197876,-0.12848423421382904,0.9404173493385315
23,32,0.37067899107933044,0.828822672367096,0.035034120082855225,0.9097557067871094
24,0,0.3764309883117676,0.44865182042121887,-0.10843996703624725,0.9998432993888855
24,1,0.37943315505981445,0.4405905604362488,-0.09610193222761154,0.999639093875885
24,2,0.3813542127609253,0.4407082796096802,-0.09612502157688141,0.9996305108070374
24,3,0.3831943869590759,0.44090715050697327,-0.09613578766584396,0.9996951818466187
24,4,0.37391144037246704,0.4403064548969269,-0.09753617644309998,0.9994382858276367
24,5,0.37200698256492615,0.4402817189693451,-0.09754402935504913,0.9991788268089294
24,6,0.37028205394744873,0.4403326213359833,-0.09755159914493561,0.9991177320480347
24,7,0.3853905200958252,0.4454520046710968,-0.026530884206295013,0.9994373917579651
24,8,0.368363618850708,0.4453062117099762,-0.034944429993629456,0.9954017400741577
24,9,0.3801383972167969,0.4578745365142822,-0.08245016634464264,0.9998424649238586
24,10,0.37275293469429016,0.45766395330429077,-0.08485842496156693,0.9997003078460693
24,11,0.4006524980068207,0.5014747977256775,0.013695460744202137,0.9999660849571228
24,12,0.3510621190071106,0.49693241715431213,0.007376350462436676,0.9996213912963867
24,13,0.4145141541957855,0.552518367767334,0.021855320781469345,0.9927127957344055
24,14,0.3272800147533417,0.5493460893630981,-0.009935036301612854,0.8969864845275879
24,15,0.4094993770122528,0.5864860415458679,-0.058861423283815384,0.9840052127838135
24,16,0.34671708941459656,0.5655379295349121,-0.11278413981199265,0.8890373110771179
24,17,0.40639472007751465,0.5957980155944824,-0.08204200863838196,0.9599976539611816
24,18,0.3533209264278412,0.5719532370567322,-0.13558411598205566,0.8699398040771484
24,19,0.4033607840538025,0.5889307856559753,-0.09211466461420059,0.9618241786956787
24,20,0.35530662536621094,0.5664377212524414,-0.1439119577407837,0.8724154829978943
24,21,0.40367141366004944,0.5855962634086609,-0.0643732026219368,0.9421060681343079
24,22,0.35395437479019165,0.5637537240982056,-0.11724480986595154,0.850288987159729
24,23,0.3881365954875946,0.6237583756446838,-0.0038405978120863438,0.9997164607048035
24,24,0.36363479495048523,0.6215767860412598,0.0037763214204460382,0.9996756315231323
24,25,0.3762732446193695,0.7242801785469055,-0.0779477059841156,0.9666065573692322
24,26,0.3667601943016052,0.725165605545044,0.011596581898629665,0.8664323687553406
24,27,0.3710647225379944,0.829287588596344,-0.059027545154094696,0.9383374452590942
24,28,0.375652015209198,0.7988027930259705,0.14262884855270386,0.8672232031822205
24,29,0.3680967688560486,0.8466393947601318,-0.06808971613645554,0.8278617858886719
24,30,0.3756615221500397,0.8062077760696411,0.15316295623779297,0.7460366487503052
24,31,0.37002265453338623,0.8574748039245605,-0.1486470252275467,0.9397992491722107
24,32,0.3689088523387909,0.8244067430496216,0.10447408258914948,0.8788087368011475
25,0,0.37538158893585205,0.4490993022918701,-0.11786769330501556,0.9998582601547241
25,1,0.3785962462425232,0.4413343369960785,-0.10371404141187668,0.9996738433837891
25,2,0.3806091248989105,0.4415830969810486,-0.1037730872631073,0.9996657371520996
25,3,0.38256755471229553,0.4418846070766449,-0.1037559062242508,0.9997239708900452
25,4,0.37291857600212097,0.4408716559410095,-0.10521958768367767,0.9994934797286987
25,5,0.37112563848495483,0.44081923365592957,-0.10518676787614822,0.9992596507072449
25,6,0.36950281262397766,0.44081658124923706,-0.10519912093877792,0.9992050528526306
25,7,0.3849227726459503,0.44653019309043884,-0.02982102707028389,0.9994873404502869
25,8,0.3676753640174866,0.44594186544418335,-0.03598429635167122,0.9958597421646118
25,9,0.37911108136177063,0.45855361223220825,-0.091196708381176,0.9998576045036316
25,10,0.3716549873352051,0.45815402269363403,-0.09303231537342072,0.9997296333312988
25,11,0.3996577262878418,0.5023078322410583,0.006051136180758476,0.9999678730964661
25,12,0.3497907221317291,0.49828600883483887,0.005591886583715677,0.9996545314788818
25,13,0.41416484117507935,0.5530362129211426,0.011799889616668224,0.9916654825210571
25,14,0.3257316052913666,0.5500203967094421,5.5051816161721945e-05,0.9068254232406616
25,15,0.40866753458976746,0.5868861079216003,-0.06411250680685043,0.9811009764671326
25,16,0.34484851360321045,0.5717631578445435,-0.08395745605230331,0.898739755153656
25,17,0.40556660294532776,0.5965487360954285,-0.08473192900419235,0.9555791616439819
25,18,0.35100245475769043,0.5805742740631104,-0.10454684495925903,0.8793203234672546
25,19,0.40276238322257996,0.5895397663116455,-0.09305986016988754,0.9574350714683533
25,20,0.3533937335014343,0.5737976431846619,-0.11295136064291,0.8814765810966492
25,21,0.40304848551750183,0.5860182642936707,-0.0683198943734169,0.9367287158966064
25,22,0.35196128487586975,0.5708739757537842,-0.0879695788025856,0.8600574135780334
25,23,0.386540025472641,0.6266890168190002,-0.010100518353283405,0.9997394680976868
25,24,0.3624610900878906,0.6231696009635925,0.010155744850635529,0.999671459197998
25,25,0.37597742676734924,0.7257670760154724,-0.0915464386343956,0.9676796793937683
25,26,0.3655492961406708,0.7288428544998169,0.04157060384750366,0.8637357950210571
25,27,0.36998194456100464,0.8318470120429993,-0.07683023065328598,0.9430014491081238
25,28,0.37506741285324097,0.7768742442131042,0.2250281274318695,0.8303511738777161
25,29,0.3677713871002197,0.8478717803955078,-0.08155113458633423,0.8275606632232666
25,30,0.3751617670059204,0.7776690125465393,0.2420719563961029,0.7222400307655334
25,31,0.3679397404193878,0.8609791994094849,-0.16068719327449799,0.9437832832336426
25,32,0.3695765733718872,0.8095547556877136,0.2085346132516861,0.8615678548812866
26,0,0.37477561831474304,0.44950827956199646,-0.15039928257465363,0.999871015548706
26,1,0.37806087732315063,0.4416099190711975,-0.140542671084404,0.9997018575668335
26,2,0.38007423281669617,0.4419214725494385,-0.14056304097175598,0.9996939301490784
26,3,0.3820643424987793,0.4422805905342102,-0.14056597650051117,0.9997469186782837
26,4,0.37227436900138855,0.44097900390625,-0.14065104722976685,0.9995407462120056
26,5,0.37039050459861755,0.4410291016101837,-0.14064566791057587,0.999329686164856
26,6,0.3687070906162262,0.4411175549030304,-0.14067761600017548,0.9992814064025879
26,7,0.38442662358283997,0.4474509060382843,-0.07829316705465317,0.9995177984237671
26,8,0.36698299646377563,0.4465714395046234,-0.07971552014350891,0.9962693452835083
26,9,0.3786076009273529,0.4587373733520508,-0.12680187821388245,0.9998700022697449
26,10,0.37107783555984497,0.45920464396476746,-0.12714245915412903,0.9997552037239075
26,11,0.3997136652469635,0.5047012567520142,-0.03379819914698601,0.9999661445617676
26,12,0.3494379222393036,0.49916577339172363,-0.029148675501346588,0.9996801018714905
26,13,0.41362178325653076,0.5561413168907166,-0.01111859455704689,0.9902739524841309
26,14,0.3259648382663727,0.5511351823806763,-0.005821575876325369,0.9154698848724365
26,15,0.40709686279296875,0.5895162224769592,-0.08028565347194672,0.974101722240448
26,16,0.3441624939441681,0.5800781846046448,-0.06093239039182663,0.9051202535629272
26,17,0.40348467230796814,0.600913405418396,-0.09827698767185211,0.9472997188568115
26,18,0.349205881357193,0.5891249775886536,-0.07655459642410278,0.8819702863693237
26,19,0.4010279178619385,0.5946816205978394,-0.10971876233816147,0.9492160081863403
26,20,0.351836234331131,0.5829848051071167,-0.08571235835552216,0.8843677639961243
26,21,0.40157729387283325,0.5909793972969055,-0.08556074649095535,0.9255473017692566
26,22,0.3507482409477234,0.5801190733909607,-0.06464579701423645,0.864059567451477
26,23,0.3851870000362396,0.6336427330970764,-0.008729230612516403,0.9997453689575195
26,24,0.3610629439353943,0.6277705430984497,0.008753583766520023,0.9996278882026672
26,25,0.3740587532520294,0.7361951470375061,-0.02973257191479206,0.9698405861854553
26,26,0.36495810747146606,0.7188237309455872,0.013396074995398521,0.871452271938324
26,27,0.3708330988883972,0.8370724320411682,0.005191350355744362,0.9481273293495178
26,28,0.36821573972702026,0.7372204661369324,0.17775359749794006,0.80390864610672
26,29,0.36949437856674194,0.8503908514976501,0.005154839251190424,0.8388127088546753
26,30,0.367030531167984,0.7283380627632141,0.19499348104000092,0.7074556946754456
26,31,0.36743825674057007,0.8652082085609436,-0.06079929694533348,0.9483106732368469
26,32,0.3642575740814209,0.7749360799789429,0.17315636575222015,0.8449121713638306
27,0,0.3741718530654907,0.451351135969162,-0.15794076025485992,0.999882698059082
27,1,0.37759846448898315,0.443293035030365,-0.14827856421470642,0.9997276067733765
27,2,0.3796188533306122,0.44353893399238586,-0.14829567074775696,0.9997202157974243
27,3,0.3816211521625519,0.4438394010066986,-0.1483091562986374,0.9997686147689819
27,4,0.37167665362358093,0.4428449273109436,-0.14827008545398712,0.9995836615562439
27,5,0.36970391869544983,0.44306662678718567,-0.14827582240104675,0.9993933439254761
27,6,0.36802494525909424,0.44322213530540466,-0.14831188321113586,0.9993506669998169
27,7,0.3840099275112152,0.4482272267341614,-0.08658859878778458,0.9995505213737488
27,8,0.3661819398403168,0.44811415672302246,-0.087677963078022,0.9966388940811157
27,9,0.3779684603214264,0.461235374212265,-0.1344946324825287,0.9998811483383179
27,10,0.3702942132949829,0.4617891311645508,-0.13473889231681824,0.9997782707214355
27,11,0.3990941643714905,0.5076265335083008,-0.04169907793402672,0.9999638199806213
27,12,0.34891000390052795,0.5020026564598083,-0.03686229884624481,0.9997023940086365
27,13,0.41312354803085327,0.5612154603004456,-0.017811723053455353,0.9896071553230286
27,14,0.325747013092041,0.5517326593399048,-0.011200234293937683,0.9229047894477844
27,15,0.40626367926597595,0.5919198989868164,-0.08014398068189621,0.9685668349266052
27,16,0.34235239028930664,0.5864959955215454,-0.06846076995134354,0.9083008766174316
27,17,0.4027373194694519,0.6042152047157288,-0.09719403088092804,0.9405180811882019
27,18,0.3469019830226898,0.5950202941894531,-0.08470439910888672,0.8791607618331909
27,19,0.4006021022796631,0.5978823900222778,-0.10837306827306747,0.9423671960830688
27,20,0.3494412302970886,0.5891628265380859,-0.09425675123929977,0.8821041584014893
27,21,0.40113693475723267,0.5940093994140625,-0.08520660549402237,0.9159553050994873
27,22,0.34858229756355286,0.586340606212616,-0.07264386117458344,0.863126277923584
27,23,0.38431110978126526,0.6350061297416687,-0.006237012799829245,0.9997523427009583
27,24,0.3592189848423004,0.6280595660209656,0.006249743979424238,0.9996126294136047
27,25,0.3731285035610199,0.7368693947792053,-0.03041546791791916,0.9722701907157898
27,26,0.36258265376091003,0.7004244923591614,-0.0630529373884201,0.8820433616638184
27,27,0.3704737424850464,0.8397010564804077,0.005033283960074186,0.9530252814292908
27,28,0.36153799295425415,0.7102640271186829,0.11187846958637238,0.7977685332298279
27,29,0.3695720434188843,0.8515241742134094,0.005157133098691702,0.8520547747612
27,30,0.36314675211906433,0.6991592049598694,0.1336241066455841,0.7073104381561279
27,31,0.367161363363266,0.8655477166175842,-0.05895432457327843,0.9529814720153809
27,32,0.359391987323761,0.7422702312469482,0.10852151364088058,0.8441876769065857
28,0,0.3732687532901764,0.4549046456813812,-0.151819109916687,0.9998922348022461
28,1,0.37693914771080017,0.4462231993675232,-0.14256097376346588,0.9997484087944031
28,2,0.37902605533599854,0.4463958442211151,-0.1425829529762268,0.999741792678833
28,3,0.38105309009552,0.4467277228832245,-0.14259947836399078,0.9997863173484802
28,4,0.37080857157707214,0.4462209939956665,-0.14143888652324677,0.9996199011802673
28,5,0.3688938319683075,0.44644397497177124,-0.14143894612789154,0.9994477033615112
28,6,0.36729034781455994,0.4467960596084595,-0.14147521555423737,0.9994105100631714
28,7,0.3835417926311493,0.45116686820983887,-0.08367940038442612,0.999576210975647
28,8,0.3656432330608368,0.4515322744846344,-0.07923334836959839,0.9969677925109863
28,9,0.3770214319229126,0.466068834066391,-0.1294102817773819,0.9998905658721924
28,10,0.3694435656070709,0.46626344323158264,-0.12811973690986633,0.9997979998588562
28,11,0.39909449219703674,0.5122798085212708,-0.044111624360084534,0.9999614953994751
28,12,0.3487361967563629,0.5070216655731201,-0.02664453536272049,0.9997182488441467
28,13,0.41289207339286804,0.5679765939712524,-0.02676003985106945,0.9892463684082031
28,14,0.32609352469444275,0.5530930757522583,0.00787310115993023,0.9289830327033997
28,15,0.404592365026474,0.5944472551345825,-0.0911739245057106,0.9634655117988586
28,16,0.3416949510574341,0.5955609083175659,-0.04416308179497719,0.9074568748474121
28,17,0.4004225730895996,0.6058745980262756,-0.10802420228719711,0.934522807598114
28,18,0.34574997425079346,0.6076436638832092,-0.0586220845580101,0.8702986836433411
28,19,0.398464173078537,0.5995441675186157,-0.11878767609596252,0.9361904859542847
28,20,0.34829649329185486,0.6029710173606873,-0.06921793520450592,0.8739228248596191
28,21,0.39923378825187683,0.5960658192634583,-0.09578496217727661,0.9070170521736145
28,22,0.3476504981517792,0.5988248586654663,-0.04884100705385208,0.8566984534263611
28,23,0.3838215172290802,0.6394201517105103,-0.006331360898911953,0.9997371435165405
28,24,0.3575493395328522,0.6320040225982666,0.006336450111120939,0.9995149970054626
28,25,0.3722418546676636,0.7412166595458984,-0.033668242394924164,0.9741082787513733
28,26,0.3559683561325073,0.7140257954597473,-0.05215351656079292,0.889876663684845
28,27,0.3699319660663605,0.844188392162323,-0.005131400190293789,0.9572322368621826
28,28,0.35873690247535706,0.7114841341972351,0.10954379290342331,0.7781338095664978
28,29,0.36931610107421875,0.855636715888977,-0.005911482032388449,0.8622276782989502
28,30,0.3607769310474396,0.7010159492492676,0.12878142297267914,0.7000061273574829
28,31,0.3661987781524658,0.8699014186859131,-0.07050236314535141,0.9567711353302002
28,32,0.3532186448574066,0.7343207597732544,0.1046253889799118,0.8330332636833191
29,0,0.3722091615200043,0.45804306864738464,-0.16118741035461426,0.9999014139175415
29,1,0.3761116862297058,0.4494817852973938,-0.15112295746803284,0.999770998954773
29,2,0.3782688081264496,0.44962936639785767,-0.15112662315368652,0.9997648000717163
29,3,0.38033539056777954,0.44996464252471924,-0.1511377990245819,0.9998050332069397
29,4,0.3699142038822174,0.44966015219688416,-0.149706169962883,0.9996551871299744
29,5,0.36808687448501587,0.4498465359210968,-0.14972849190235138,0.9994997382164001
29,6,0.36656588315963745,0.45029690861701965,-0.1497410535812378,0.9994667768478394
29,7,0.3830801546573639,0.4546933174133301,-0.08848748356103897,0.9996094107627869
29,8,0.3651483356952667,0.454843133687973,-0.0828402191400528,0.9972662329673767
29,9,0.3760732114315033,0.46981051564216614,-0.13772618770599365,0.9999006390571594
29,10,0.3684977889060974,0.4696371257305145,-0.136064350605011,0.99981689453125
29,11,0.39919546246528625,0.5176748037338257,-0.050172243267297745,0.9999629259109497
29,12,0.3475016951560974,0.511594831943512,-0.029256638139486313,0.9997373223304749
29,13,0.4124878942966461,0.5774168968200684,-0.05474862828850746,0.9883149266242981
29,14,0.32604318857192993,0.564034640789032,-0.004839033354073763,0.934090256690979
29,15,0.4029129445552826,0.5992350578308105,-0.14801053702831268,0.9565004706382751
29,16,0.3404000401496887,0.6013544201850891,-0.07623989135026932,0.9076263308525085
29,17,0.3980453312397003,0.6126701831817627,-0.16880667209625244,0.924596905708313
29,18,0.34465697407722473,0.6150308847427368,-0.09392712265253067,0.8657371997833252
29,19,0.3958224058151245,0.6056458353996277,-0.17809748649597168,0.9262927174568176
29,20,0.3472839891910553,0.6095117330551147,-0.10305984318256378,0.8688802123069763
29,21,0.3971063792705536,0.6006889343261719,-0.15269950032234192,0.8950338363647461
29,22,0.3464749753475189,0.604885458946228,-0.08067657053470612,0.8499486446380615
29,23,0.38294515013694763,0.6450501680374146,-0.010373357683420181,0.9997510313987732
29,24,0.35515815019607544,0.6396308541297913,0.010347728617489338,0.9994819760322571
29,25,0.370989590883255,0.7457318902015686,-0.032578181475400925,0.9754060506820679
29,26,0.3531239628791809,0.7401034832000732,0.0016438523307442665,0.8968915939331055
29,27,0.3686724305152893,0.8469895124435425,0.030797166749835014,0.9608069062232971
29,28,0.36003074049949646,0.7246520519256592,0.21098865568637848,0.752220630645752
29,29,0.3680693507194519,0.8589081168174744,0.033681947737932205,0.8632201552391052
29,30,0.36267152428627014,0.7146486043930054,0.23180164396762848,0.682300329208374
29,31,0.36438459157943726,0.8697962164878845,-0.028231868520379066,0.9594429135322571
29,32,0.35796985030174255,0.752896249294281,0.2222440093755722,0.8137956261634827
30,0,0.371216356754303,0.46129706501960754,-0.16283920407295227,0.9999105334281921
30,1,0.37514200806617737,0.4527038335800171,-0.15323004126548767,0.9997923970222473
30,2,0.37735065817832947,0.4527689516544342,-0.15322913229465485,0.9997866153717041
30,3,0.3794465661048889,0.4530394375324249,-0.15323133766651154,0.9998228549957275
30,4,0.3688402771949768,0.4527747631072998,-0.15101319551467896,0.9996880888938904
30,5,0.3670739531517029,0.4528579115867615,-0.15102747082710266,0.9995478987693787
30,6,0.3655646741390228,0.45331671833992004,-0.15103107690811157,0.9995185732841492
30,7,0.38251993060112,0.4574469327926636,-0.09229041635990143,0.9996427297592163
30,8,0.3641994297504425,0.45751312375068665,-0.08249078691005707,0.9975369572639465
30,9,0.3751760423183441,0.47280946373939514,-0.13992328941822052,0.9999101161956787
30,10,0.367517352104187,0.4725490212440491,-0.1370510458946228,0.9998345971107483
30,11,0.3990428149700165,0.5204204320907593,-0.05430789291858673,0.9999649524688721
30,12,0.3462176024913788,0.5137410163879395,-0.027776645496487617,0.999760627746582
30,13,0.4109831750392914,0.58170485496521,-0.05980972200632095,0.9878421425819397
30,14,0.3255479335784912,0.5668647289276123,0.0063762241043150425,0.9395897388458252
30,15,0.40027353167533875,0.6040747761726379,-0.15698334574699402,0.9533244967460632
30,16,0.3364981412887573,0.6062163710594177,-0.05135080963373184,0.9134637117385864
30,17,0.3958646357059479,0.6160709857940674,-0.1776256412267685,0.9197394251823425
30,18,0.33898964524269104,0.6210964918136597,-0.0672304630279541,0.8713200092315674
30,19,0.3941260874271393,0.607772946357727,-0.18773242831230164,0.9214006662368774
30,20,0.34237387776374817,0.615890383720398,-0.0788537859916687,0.8742262721061707
30,21,0.39535024762153625,0.6033236384391785,-0.1621273308992386,0.8886745572090149
30,22,0.34238162636756897,0.611074686050415,-0.05658229440450668,0.8552298545837402
30,23,0.3816956877708435,0.6471866965293884,-0.010832676663994789,0.9997656345367432
30,24,0.3534753620624542,0.6431992053985596,0.010777045041322708,0.9994900226593018
30,25,0.3715561330318451,0.7492642402648926,-0.026970412582159042,0.977079451084137
30,26,0.35075581073760986,0.745898425579071,-0.0036092966329306364,0.9052774310112
30,27,0.36877551674842834,0.8449189066886902,0.049811724573373795,0.9642001986503601
30,28,0.36168307065963745,0.7357944846153259,0.2031368911266327,0.7389013767242432
30,29,0.3681505620479584,0.8574643135070801,0.05415986105799675,0.8649255633354187
30,30,0.36487245559692383,0.7277626395225525,0.22365471720695496,0.6674719452857971
30,31,0.36490166187286377,0.8700698614120483,-0.008503918536007404,0.962239146232605
30,32,0.35997241735458374,0.7646828293800354,0.20932655036449432,0.8040001392364502
31,0,0.3689051568508148,0.4633408784866333,-0.16548173129558563,0.9999181628227234
31,1,0.3732605576515198,0.4551524221897125,-0.15631040930747986,0.9998102784156799
31,2,0.3756193220615387,0.45523202419281006,-0.15631574392318726,0.9998047947883606
31,3,0.37782424688339233,0.4554811120033264,-0.1563238650560379,0.9998375773429871
31,4,0.367434561252594,0.4551655948162079,-0.15366724133491516,0.9997163414955139
31,5,0.3659341633319855,0.45515987277030945,-0.15367740392684937,0.9995896816253662
31,6,0.3644900918006897,0.45525944232940674,-0.15368406474590302,0.9995636940002441
31,7,0.3815619647502899,0.4593123495578766,-0.09770487248897552,0.9996675848960876
31,8,0.3636309802532196,0.45855095982551575,-0.08592509478330612,0.9977776408195496
31,9,0.3729175329208374,0.47460365295410156,-0.1435842216014862,0.9999183416366577
31,10,0.36577364802360535,0.47371572256088257,-0.14017345011234283,0.9998500347137451
31,11,0.3979068696498871,0.5216140747070312,-0.060988616198301315,0.9999668002128601
31,12,0.34473398327827454,0.5146015882492065,-0.030738497152924538,0.9997802376747131
31,13,0.4106065630912781,0.5819990038871765,-0.060223449021577835,0.9875787496566772
31,14,0.325861394405365,0.5686189532279968,0.007754683494567871,0.9438374042510986
31,15,0.39801591634750366,0.6043752431869507,-0.14745104312896729,0.9514375329017639
31,16,0.3345855176448822,0.6082830429077148,-0.04566001147031784,0.9168012142181396
31,17,0.39316225051879883,0.6143178343772888,-0.16788750886917114,0.9165922403335571
31,18,0.3358421325683594,0.6224706768989563,-0.060480546206235886,0.8733768463134766
31,19,0.39150726795196533,0.6063113808631897,-0.1783970147371292,0.9182555675506592
31,20,0.3393329381942749,0.6190412044525146,-0.07364057004451752,0.8761121034622192
31,21,0.392886757850647,0.6021838188171387,-0.15260213613510132,0.8845034241676331
31,22,0.3397758901119232,0.6142271161079407,-0.051392994821071625,0.857067883014679
31,23,0.3802649676799774,0.6493406295776367,-0.01081217359751463,0.9997792840003967
31,24,0.35218948125839233,0.645961344242096,0.010760148987174034,0.9994789958000183
31,25,0.3720792233943939,0.7509133815765381,-0.02057337388396263,0.9784111976623535
31,26,0.35103532671928406,0.7480464577674866,0.011661280877888203,0.9117394685745239
31,27,0.36870935559272766,0.8464463353157043,0.045821573585271835,0.9671844840049744
31,28,0.35601377487182617,0.7274232506752014,0.22103595733642578,0.7169336676597595
31,29,0.3685835003852844,0.8598467111587524,0.04919631406664848,0.8658062815666199
31,30,0.35970860719680786,0.7118576765060425,0.24196277558803558,0.6516507267951965
31,31,0.36407941579818726,0.8704301118850708,-0.011253969743847847,0.9645678997039795
31,32,0.35441190004348755,0.7469144463539124,0.234186053276062,0.7910961508750916
32,0,0.36751312017440796,0.46365249156951904,-0.16849085688591003,0.9999250769615173
32,1,0.37163683772087097,0.45524320006370544,-0.159982830286026,0.9998261332511902
32,2,0.37392300367355347,0.45523467659950256,-0.15999118983745575,0.9998211860656738
32,3,0.3761216998100281,0.4554068148136139,-0.15999950468540192,0.9998509883880615
32,4,0.366269588470459,0.4555427134037018,-0.15681451559066772,0.99974125623703
32,5,0.36486122012138367,0.45567741990089417,-0.15682244300842285,0.9996266961097717
32,6,0.3634661138057709,0.45584729313850403,-0.15683095157146454,0.9996036291122437
32,7,0.3802421987056732,0.4597975015640259,-0.10412958264350891,0.999690592288971
32,8,0.3627558648586273,0.45920929312705994,-0.09008289128541946,0.9979934096336365
32,9,0.3715386390686035,0.4743569791316986,-0.14762327075004578,0.9999258518218994
32,10,0.3646986186504364,0.4737653434276581,-0.14358669519424438,0.9998639822006226
32,11,0.3962427079677582,0.5221089124679565,-0.07047116756439209,0.9999693036079407
32,12,0.3438493311405182,0.5154099464416504,-0.03442564234137535,0.9997990727424622
32,13,0.4095541834831238,0.5814985036849976,-0.07232742756605148,0.9878622889518738
32,14,0.32602351903915405,0.5683919787406921,0.008448568172752857,0.9477056264877319
32,15,0.39650246500968933,0.6050063967704773,-0.15954537689685822,0.9533170461654663
32,16,0.33341458439826965,0.6113842725753784,-0.038835249841213226,0.9201868772506714
32,17,0.39120739698410034,0.6133679747581482,-0.1801183670759201,0.9194641709327698
32,18,0.3339329957962036,0.6259051561355591,-0.05232923850417137,0.8758286833763123
32,19,0.3895610570907593,0.6054512858390808,-0.18998552858829498,0.9210221171379089
32,20,0.33737653493881226,0.6226204037666321,-0.06499239057302475,0.8782966732978821
32,21,0.3911242187023163,0.6013864278793335,-0.16428834199905396,0.887691855430603
32,22,0.33803439140319824,0.6176425814628601,-0.044301796704530716,0.8595595955848694
32,23,0.37939876317977905,0.6492652297019958,-0.010801400057971478,0.9997959136962891
32,24,0.3517071008682251,0.6455143690109253,0.010732952505350113,0.9994992017745972
32,25,0.3723725974559784,0.7492488622665405,-0.012957686558365822,0.9796947240829468
32,26,0.35111185908317566,0.7449046969413757,0.00411108648404479,0.9183713793754578
32,27,0.3687100410461426,0.8469995856285095,0.06407623738050461,0.9699816107749939
32,28,0.35372111201286316,0.7164082527160645,0.21019873023033142,0.7030927538871765
32,29,0.36854034662246704,0.8606208562850952,0.06906012445688248,0.8693978786468506
32,30,0.35570210218429565,0.7004905343055725,0.2318817526102066,0.6386803984642029
32,31,0.3635345995426178,0.8715000748634338,0.011396229267120361,0.9670762419700623
32,32,0.35417526960372925,0.7440111637115479,0.22629714012145996,0.7851719260215759
33,0,0.36577457189559937,0.4632735550403595,-0.16379401087760925,0.9999297261238098
33,1,0.3697470426559448,0.45489370822906494,-0.15591935813426971,0.9998372197151184
33,2,0.37209731340408325,0.45491355657577515,-0.15594297647476196,0.9998329877853394
33,3,0.3743487000465393,0.4550914168357849,-0.15596236288547516,0.9998612403869629
33,4,0.36471378803253174,0.4551727771759033,-0.15178200602531433,0.9997589588165283
33,5,0.36337101459503174,0.4552934765815735,-0.15178075432777405,0.9996532201766968
33,6,0.3620648980140686,0.45546454191207886,-0.1517920345067978,0.999632716178894
33,7,0.37890225648880005,0.45973801612854004,-0.10281015187501907,0.9997056722640991
33,8,0.36162269115448,0.45904046297073364,-0.08446486294269562,0.9981750249862671
33,9,0.3698241412639618,0.4738767743110657,-0.14370553195476532,0.9999322891235352
33,10,0.36336860060691833,0.4733221232891083,-0.13840988278388977,0.9998753666877747
33,11,0.3952239751815796,0.5221981406211853,-0.07335943728685379,0.9999719262123108
33,12,0.3432995676994324,0.5147665143013,-0.023957792669534683,0.9998140931129456
33,13,0.40970778465270996,0.5802985429763794,-0.09070639312267303,0.9887768030166626
33,14,0.32602638006210327,0.567405104637146,0.029966233298182487,0.949853777885437
33,15,0.39211133122444153,0.6038907170295715,-0.19108909368515015,0.9572787880897522
33,16,0.33111098408699036,0.6083502173423767,-0.024959364905953407,0.9224309921264648
33,17,0.38625097274780273,0.6113919019699097,-0.21530325710773468,0.9259540438652039
33,18,0.33066534996032715,0.6217042803764343,-0.03793291747570038,0.8771808743476868
33,19,0.3848182260990143,0.6010059118270874,-0.22137704491615295,0.9273636341094971
33,20,0.3344557285308838,0.6191971302032471,-0.053067032247781754,0.8796573877334595
33,21,0.38653987646102905,0.5981646180152893,-0.19414815306663513,0.8959394693374634
33,22,0.3354407548904419,0.6148457527160645,-0.0316411517560482,0.8610026240348816
33,23,0.3792039752006531,0.6478296518325806,-0.011783082969486713,0.9998108744621277
33,24,0.3516322374343872,0.644106924533844,0.011744244955480099,0.9995179772377014
33,25,0.3724649250507355,0.749779224395752,-0.024836169555783272,0.9805354475975037
33,26,0.35052263736724854,0.7393998503684998,-0.00979567039757967,0.9231511354446411
33,27,0.3684033751487732,0.8483387231826782,0.04423750564455986,0.9721674919128418
33,28,0.35364770889282227,0.7276527881622314,0.1973595917224884,0.6829110980033875
33,29,0.3682413697242737,0.8622238039970398,0.04831192269921303,0.8715134263038635
33,30,0.356001079082489,0.7176949381828308,0.2182503491640091,0.6201308965682983
33,31,0.3629162609577179,0.8713696002960205,-0.01286197081208229,0.9686446785926819
33,32,0.3541094958782196,0.754845917224884,0.20522166788578033,0.7738746404647827
34,0,0.36493515968322754,0.46100470423698425,-0.16054436564445496,0.9999350309371948
34,1,0.3685818314552307,0.4527215361595154,-0.15192031860351562,0.9998492002487183
34,2,0.37096884846687317,0.45254024863243103,-0.15194003283977509,0.9998459219932556
34,3,0.3731078505516052,0.45266032218933105,-0.15195679664611816,0.9998723268508911
34,4,0.3634289503097534,0.45343017578125,-0.1494874656200409,0.9997767806053162
34,5,0.36203980445861816,0.45354482531547546,-0.14950916171073914,0.999679684638977
34,6,0.36071115732192993,0.45377206802368164,-0.14953036606311798,0.9996610879898071
34,7,0.3774190843105316,0.45815423130989075,-0.0964486300945282,0.9997266530990601
34,8,0.36029052734375,0.45801374316215515,-0.07842172682285309,0.9983453154563904
34,9,0.36879029870033264,0.47108808159828186,-0.1394909769296646,0.9999384880065918
34,10,0.36250099539756775,0.47060614824295044,-0.13591615855693817,0.9998865127563477
34,11,0.39331239461898804,0.5213235020637512,-0.067478708922863,0.9999744892120361
34,12,0.3425484895706177,0.5118728876113892,-0.014759032987058163,0.9998287558555603
34,13,0.40903526544570923,0.5792179107666016,-0.09879588335752487,0.9897680282592773
34,14,0.3261508345603943,0.5627235770225525,0.03304332122206688,0.9514032006263733
34,15,0.3879839777946472,0.5982171297073364,-0.21135562658309937,0.9613632559776306
34,16,0.33067524433135986,0.6063184142112732,-0.031032055616378784,0.9243420362472534
34,17,0.38071903586387634,0.6016031503677368,-0.2377123087644577,0.9328542351722717
34,18,0.32982337474823,0.6189479827880859,-0.046245940029621124,0.8790539503097534
34,19,0.3794843554496765,0.5915833711624146,-0.24183090031147003,0.9341241121292114
34,20,0.3331891894340515,0.6166974306106567,-0.06184300035238266,0.8814662098884583
34,21,0.3814743757247925,0.5899493098258972,-0.21381506323814392,0.905262291431427
34,22,0.33425936102867126,0.6127189993858337,-0.038320887833833694,0.8627446293830872
34,23,0.3782356083393097,0.6474952697753906,-0.00987834483385086,0.9998255968093872
34,24,0.350549578666687,0.6438957452774048,0.009862941689789295,0.9995532631874084
34,25,0.37263381481170654,0.7479745745658875,-0.02833709865808487,0.98161381483078
34,26,0.349416583776474,0.7308824062347412,-0.10133253782987595,0.9299980998039246
34,27,0.3682902753353119,0.8477117419242859,0.04978301003575325,0.9742313623428345
34,28,0.3519147038459778,0.7367091774940491,0.10372806340456009,0.6852923035621643
34,29,0.3676697313785553,0.8606899976730347,0.054739147424697876,0.8738514184951782
34,30,0.35404840111732483,0.7290551066398621,0.1238093301653862,0.6064764261245728
34,31,0.36352279782295227,0.8712427020072937,-0.009978567250072956,0.970437228679657
34,32,0.3538554608821869,0.7763201594352722,0.10019566863775253,0.7775365114212036
35,0,0.36456912755966187,0.45682018995285034,-0.14826199412345886,0.9999397397041321
35,1,0.3681710660457611,0.4485645890235901,-0.13774187862873077,0.999859631061554
35,2,0.3704532980918884,0.4485955238342285,-0.13778634369373322,0.9998569488525391
35,3,0.37246862053871155,0.44883230328559875,-0.13780708611011505,0.9998819231987
35,4,0.36266565322875977,0.44926708936691284,-0.13492771983146667,0.9997924566268921
35,5,0.361071914434433,0.4496266543865204,-0.13491247594356537,0.9997026324272156
35,6,0.3594774305820465,0.4499698877334595,-0.13491003215312958,0.9996863603591919
35,7,0.37633180618286133,0.4545770287513733,-0.07540667057037354,0.9997431039810181
35,8,0.3586452901363373,0.4551040530204773,-0.0616004653275013,0.9984973669052124
35,9,0.36853981018066406,0.46700990200042725,-0.12556764483451843,0.9999439716339111
35,10,0.36186718940734863,0.46643516421318054,-0.12184741348028183,0.9998965859413147
35,11,0.39110976457595825,0.5163002610206604,-0.05084081366658211,0.9999767541885376
35,12,0.3418339490890503,0.5081760287284851,-0.0018280590884387493,0.9998416304588318
35,13,0.40713611245155334,0.5767179131507874,-0.09105007350444794,0.9905548691749573
35,14,0.3261496424674988,0.557333767414093,0.03907447308301926,0.953555703163147
35,15,0.3860592246055603,0.5877529382705688,-0.22104096412658691,0.9649713039398193
35,16,0.33065134286880493,0.6045511960983276,-0.028116080909967422,0.9269392490386963
35,17,0.3789120316505432,0.588652491569519,-0.24864265322685242,0.9389531016349792
35,18,0.3293406665325165,0.6164904832839966,-0.04415144398808479,0.8823091983795166
35,19,0.377198189496994,0.5805801749229431,-0.25213107466697693,0.9400991797447205
35,20,0.3325798511505127,0.6137867569923401,-0.05910858139395714,0.8845911622047424
35,21,0.3793979585170746,0.5799991488456726,-0.2237977683544159,0.9134420156478882
35,22,0.3338402509689331,0.6098057627677917,-0.03510001301765442,0.8657841682434082
35,23,0.37785154581069946,0.6427118182182312,-0.007650371640920639,0.9998382925987244
35,24,0.3500472605228424,0.6399216651916504,0.007638321258127689,0.999586284160614
35,25,0.37277284264564514,0.7466411590576172,-0.02980288863182068,0.9825985431671143
35,26,0.3483003079891205,0.7203655242919922,-0.12562593817710876,0.9364576935768127
35,27,0.36803001165390015,0.8462281823158264,0.049416523426771164,0.9760276079177856
35,28,0.3511110246181488,0.7454184889793396,0.0658392384648323,0.693088710308075
35,29,0.36701393127441406,0.8589557409286499,0.05438116937875748,0.8728821873664856
35,30,0.3537197709083557,0.7409263253211975,0.08431082218885422,0.5936771631240845
35,31,0.36359333992004395,0.8705700635910034,-0.01410417165607214,0.9720376133918762
35,32,0.35280629992485046,0.7894155979156494,0.052404310554265976,0.7838372588157654
36,0,0.36306798458099365,0.4509872794151306,-0.13594822585582733,0.9999445080757141
36,1,0.36673083901405334,0.44283807277679443,-0.12658211588859558,0.999869704246521
36,2,0.36900055408477783,0.4428746998310089,-0.12662482261657715,0.9998676776885986
36,3,0.37100157141685486,0.4431648552417755,-0.12664267420768738,0.9998911023139954
36,4,0.3614117503166199,0.4430959224700928,-0.12264092266559601,0.9998078346252441
36,5,0.3599618971347809,0.44324979186058044,-0.12262250483036041,0.999725341796875
36,6,0.3583335876464844,0.4434378147125244,-0.12262118607759476,0.999711275100708
36,7,0.37499022483825684,0.4491840600967407,-0.06883662939071655,0.9997601509094238
36,8,0.3577687740325928,0.44881948828697205,-0.05109106004238129,0.9986385107040405
36,9,0.3671310245990753,0.46232500672340393,-0.11484766751527786,0.9999489784240723
36,10,0.36064738035202026,0.46137386560440063,-0.10978444665670395,0.9999058842658997
36,11,0.3897325098514557,0.5096015930175781,-0.04674918204545975,0.9999786615371704
36,12,0.3408626914024353,0.5027132630348206,0.007770750671625137,0.999854564666748
36,13,0.4045298099517822,0.571430504322052,-0.09355682134628296,0.9913071990013123
36,14,0.32650578022003174,0.5479591488838196,0.05724872648715973,0.9550925493240356
36,15,0.3820049464702606,0.5760048031806946,-0.2214590311050415,0.968265950679779
36,16,0.3306232988834381,0.6004459261894226,-0.0003625492681749165,0.9301668405532837
36,17,0.3739086091518402,0.5742365121841431,-0.24859213829040527,0.9445319771766663
36,18,0.3285674452781677,0.6140873432159424,-0.014455887489020824,0.8869039416313171
36,19,0.3725196421146393,0.5642922520637512,-0.2511570453643799,0.945553183555603
36,20,0.3312910795211792,0.6123638153076172,-0.03056413307785988,0.8891032338142395
36,21,0.3747188150882721,0.5643275380134583,-0.22388049960136414,0.9209483861923218
36,22,0.33296307921409607,0.6073403358459473,-0.007630553562194109,0.8704541325569153
36,23,0.37710607051849365,0.6352391839027405,-0.007746444549411535,0.9998456239700317
36,24,0.34961462020874023,0.6327717900276184,0.007727599237114191,0.9996181130409241
36,25,0.3728533685207367,0.7438769936561584,-0.03348838537931442,0.9835750460624695
36,26,0.34779584407806396,0.7033919095993042,-0.16816985607147217,0.9425637722015381
36,27,0.36814844608306885,0.8454902768135071,0.044459909200668335,0.9777793884277344
36,28,0.35047733783721924,0.7534365057945251,-0.007278308738023043,0.7141930460929871
36,29,0.3669890761375427,0.858261227607727,0.04909311980009079,0.8743500113487244
36,30,0.35281118750572205,0.7532967329025269,0.007689467165619135,0.6026537418365479
36,31,0.36362332105636597,0.8698500990867615,-0.022354045882821083,0.973595142364502
36,32,0.35114172101020813,0.7996277809143066,-0.03647635504603386,0.7982859015464783
37,0,0.36111533641815186,0.44505298137664795,-0.15332508087158203,0.9999493956565857
37,1,0.36485370993614197,0.43629345297813416,-0.14426256716251373,0.9998809695243835
37,2,0.3672170042991638,0.4364444315433502,-0.14430129528045654,0.9998792409896851
37,3,0.3693573474884033,0.43665140867233276,-0.14431531727313995,0.9999006986618042
37,4,0.359612375497818,0.43611183762550354,-0.13889305293560028,0.9998244643211365
37,5,0.3581395149230957,0.4361480474472046,-0.13887447118759155,0.999749481678009
37,6,0.3565938472747803,0.4362417161464691,-0.13886645436286926,0.9997371435165405
37,7,0.373721718788147,0.4421655833721161,-0.08274627476930618,0.9997804760932922
37,8,0.35632404685020447,0.44123712182044983,-0.05742353945970535,0.9987707734107971
37,9,0.3652421534061432,0.4569651186466217,-0.1301788091659546,0.9999538064002991
37,10,0.3589954078197479,0.45595818758010864,-0.12278635799884796,0.999914824962616
37,11,0.38901448249816895,0.5019866824150085,-0.0560801737010479,0.9999805688858032
37,12,0.3402863144874573,0.49693188071250916,0.002419461263343692,0.9998675584793091
37,13,0.40387463569641113,0.5663400292396545,-0.10941947996616364,0.992024302482605
37,14,0.32656097412109375,0.5434512495994568,0.05995771661400795,0.9563615322113037
37,15,0.3778284192085266,0.5662643313407898,-0.24533981084823608,0.9712463021278381
37,16,0.32989272475242615,0.5920671224594116,0.005206726491451263,0.9331163167953491
37,17,0.3696959912776947,0.5658108592033386,-0.2735338509082794,0.9495675563812256
37,18,0.32772698998451233,0.6061426401138306,-0.008236431516706944,0.8908027410507202
37,19,0.3681623637676239,0.556337833404541,-0.27534255385398865,0.9504771828651428
37,20,0.33006447553634644,0.6030856966972351,-0.02499697171151638,0.8929309248924255
37,21,0.3701784014701843,0.5555965900421143,-0.24753694236278534,0.9276658892631531
37,22,0.33185216784477234,0.597915530204773,-0.0021623936481773853,0.8741308450698853
37,23,0.37615206837654114,0.6297321319580078,-0.00953600276261568,0.9998549222946167
37,24,0.3488628566265106,0.6256381273269653,0.00950479507446289,0.9996495842933655
37,25,0.37271758913993835,0.7372854948043823,-0.033320873975753784,0.9847091436386108
37,26,0.34597650170326233,0.7010881900787354,-0.1547817438840866,0.9481471180915833
37,27,0.36818018555641174,0.8453536033630371,0.0556991882622242,0.9796221852302551
37,28,0.3497806191444397,0.7641142010688782,0.01421074103564024,0.7372418642044067
37,29,0.36713749170303345,0.8568669557571411,0.061074819415807724,0.8767942190170288
37,30,0.3525937497615814,0.7644996047019958,0.02957705222070217,0.6174525022506714
37,31,0.36386606097221375,0.869392454624176,-0.01666387915611267,0.9754855036735535
37,32,0.34928494691848755,0.808638334274292,-0.018802158534526825,0.8144450187683105
38,0,0.3595234751701355,0.4395800232887268,-0.15325023233890533,0.9999542832374573
38,1,0.36345383524894714,0.4310402572154999,-0.1439465433359146,0.9998922348022461
38,2,0.3658939301967621,0.4312593340873718,-0.14398734271526337,0.9998907446861267
38,3,0.3680870532989502,0.43147772550582886,-0.14399512112140656,0.9999101161956787
38,4,0.3582008183002472,0.4305625855922699,-0.1382378339767456,0.9998411536216736
38,5,0.3567534387111664,0.4305047392845154,-0.13821734488010406,0.999773383140564
38,6,0.3552781939506531,0.4304863512516022,-0.1382046639919281,0.9997623562812805
38,7,0.37273088097572327,0.4366871118545532,-0.08097680658102036,0.9998010993003845
38,8,0.3552587032318115,0.4351765811443329,-0.05817515030503273,0.9988921880722046
38,9,0.36365029215812683,0.45155012607574463,-0.12954087555408478,0.9999582767486572
38,10,0.35743972659111023,0.45029398798942566,-0.12246701121330261,0.9999231100082397
38,11,0.3877704441547394,0.49420252442359924,-0.05492543429136276,0.9999822974205017
38,12,0.3392115533351898,0.4920670986175537,0.010597001761198044,0.9998792409896851
38,13,0.4022804796695709,0.559482991695404,-0.10713859647512436,0.992706835269928
38,14,0.32749950885772705,0.5434311628341675,0.07018643617630005,0.9561078548431396
38,15,0.37629207968711853,0.5570312142372131,-0.242585688829422,0.9739978909492493
38,16,0.32936984300613403,0.5855684280395508,0.017440030351281166,0.9348991513252258
38,17,0.3680218756198883,0.5555554628372192,-0.2707551419734955,0.9542441368103027
38,18,0.32737743854522705,0.5995677709579468,0.0048276628367602825,0.8930457234382629
38,19,0.36681777238845825,0.5471361875534058,-0.27274012565612793,0.9550557136535645
38,20,0.3298186957836151,0.5972482562065125,-0.011470490135252476,0.8951936960220337
38,21,0.36881598830223083,0.5465626120567322,-0.2449040710926056,0.9340238571166992
38,22,0.3314628005027771,0.5921587944030762,0.01027070451527834,0.875756561756134
38,23,0.37521326541900635,0.6251998543739319,-0.010768011212348938,0.999861478805542
38,24,0.34855854511260986,0.6202577948570251,0.010730310343205929,0.9996789693832397
38,25,0.3727715015411377,0.7309136986732483,-0.032543737441301346,0.9859271049499512
38,26,0.3462383449077606,0.6964496970176697,-0.15712374448776245,0.9532583951950073
38,27,0.3691595494747162,0.836965024471283,0.0680602490901947,0.9814544320106506
38,28,0.3486536145210266,0.7780476808547974,-0.01981152966618538,0.7626424431800842
38,29,0.36729252338409424,0.8478554487228394,0.07401782274246216,0.8828522562980652
38,30,0.3514137864112854,0.7836589813232422,-0.008716762997210026,0.6464096903800964
38,31,0.3646884858608246,0.8692324161529541,-0.009129075333476067,0.9775403738021851
38,32,0.34710925817489624,0.8224082589149475,-0.07327906787395477,0.8322005867958069
39,0,0.35818418860435486,0.4341656267642975,-0.14741240441799164,0.9999586939811707
39,1,0.36214637756347656,0.425777405500412,-0.13668271899223328,0.999902606010437
39,2,0.3646197021007538,0.4259357750415802,-0.13673099875450134,0.999901294708252
39,3,0.3668859899044037,0.4260979890823364,-0.13675126433372498,0.9999188184738159
39,4,0.35691747069358826,0.42543843388557434,-0.1319977343082428,0.9998564124107361
39,5,0.35547834634780884,0.4253895580768585,-0.1319728046655655,0.9997951984405518
39,6,0.35399675369262695,0.4253774583339691,-0.13195352256298065,0.9997852444648743
39,7,0.37171968817710876,0.43110620975494385,-0.06959126889705658,0.9998202919960022
39,8,0.35418763756752014,0.4298040568828583,-0.04995344579219818,0.9990017414093018
39,9,0.36247897148132324,0.44617265462875366,-0.12223600596189499,0.999962329864502
39,10,0.3562403619289398,0.4449573755264282,-0.11642700433731079,0.9999306201934814
39,11,0.38689765334129333,0.4887019693851471,-0.04418615251779556,0.9999838471412659
39,12,0.3393004536628723,0.4879775941371918,0.020896805450320244,0.9998884797096252
39,13,0.40191057324409485,0.5520328879356384,-0.10207495838403702,0.9933503270149231
39,14,0.33207011222839355,0.5434002876281738,0.07971040904521942,0.9487448930740356
39,15,0.37391605973243713,0.5488991737365723,-0.2392868548631668,0.9765080213546753
39,16,0.32920223474502563,0.5825789570808411,0.025907091796398163,0.9303759336471558
39,17,0.36518412828445435,0.5473122000694275,-0.26834070682525635,0.9585326313972473
39,18,0.32746562361717224,0.5959932208061218,0.012698243372142315,0.8877211809158325
39,19,0.36417317390441895,0.538934051990509,-0.26963290572166443,0.9592574834823608
39,20,0.3297140300273895,0.5936456918716431,-0.0045879799872636795,0.890174388885498
39,21,0.3661922216415405,0.5384082198143005,-0.24136023223400116,0.9399254322052002
39,22,0.33131155371665955,0.5890200734138489,0.018142815679311752,0.8682709336280823
39,23,0.37480244040489197,0.6213995218276978,-0.010745077393949032,0.9998635649681091
39,24,0.3484894037246704,0.6165674328804016,0.010702244937419891,0.9997034072875977
39,25,0.3728334307670593,0.72480309009552,-0.03284944221377373,0.9869251251220703
39,26,0.3464418053627014,0.6951147317886353,-0.15880803763866425,0.957859218120575
39,27,0.36977455019950867,0.8299512267112732,0.07463372498750687,0.9830440878868103
39,28,0.3478492796421051,0.7898253798484802,-0.056272175163030624,0.7860981225967407
39,29,0.36736002564430237,0.8403909206390381,0.08088186383247375,0.8897765874862671
39,30,0.351109117269516,0.798639714717865,-0.049762189388275146,0.6771436333656311
39,31,0.365735799074173,0.868666410446167,-0.005577900446951389,0.9793365001678467
39,32,0.34691864252090454,0.8355042934417725,-0.1318773329257965,0.848642885684967
40,0,0.35721728205680847,0.4287515878677368,-0.1287510097026825,0.9999616742134094
40,1,0.3611014485359192,0.4207003712654114,-0.11817499250173569,0.9999093413352966
40,2,0.363519549369812,0.4207627773284912,-0.11822964996099472,0.9999081492424011
40,3,0.3657750189304352,0.4208308160305023,-0.11825740337371826,0.9999247193336487
40,4,0.35592564940452576,0.42059585452079773,-0.11484773457050323,0.9998663663864136
40,5,0.35443881154060364,0.42060643434524536,-0.11481580138206482,0.9998095035552979
40,6,0.3528834581375122,0.42067527770996094,-0.1148090735077858,0.9998008012771606
40,7,0.37042784690856934,0.4257546663284302,-0.05257849767804146,0.9998335242271423
40,8,0.35288891196250916,0.4253217577934265,-0.03749701380729675,0.9990911483764648
40,9,0.36149707436561584,0.4404584467411041,-0.10412095487117767,0.9999651908874512
40,10,0.3552120625972748,0.43943777680397034,-0.09989622235298157,0.999936044216156
40,11,0.38463926315307617,0.48172324895858765,-0.0273932795971632,0.9999847412109375
40,12,0.33893799781799316,0.4827237129211426,0.030427318066358566,0.9998888969421387
40,13,0.401233971118927,0.5432478785514832,-0.0897795557975769,0.9938565492630005
40,14,0.3328358232975006,0.5385416150093079,0.0751955583691597,0.9341497421264648
40,15,0.3715210556983948,0.5401629209518433,-0.21665306389331818,0.9786478877067566
40,16,0.3289059102535248,0.5784526467323303,0.010111536830663681,0.9154031872749329
40,17,0.36271390318870544,0.5404980778694153,-0.24374578893184662,0.9620562195777893
40,18,0.3272858262062073,0.5905364155769348,-0.004731123335659504,0.8699462413787842
40,19,0.36152687668800354,0.5329250693321228,-0.2466556429862976,0.9626997709274292
40,20,0.3295323848724365,0.5891544818878174,-0.021513519808650017,0.8728788495063782
40,21,0.3633970320224762,0.532006025314331,-0.21930450201034546,0.9445173144340515
40,22,0.3314206898212433,0.5824666619300842,0.0020944022107869387,0.8482535481452942
40,23,0.37361884117126465,0.6134195327758789,-0.010710732080042362,0.9998399019241333
40,24,0.3478185832500458,0.6096147298812866,0.0106706777587533,0.9996991157531738
40,25,0.3728659749031067,0.7202117443084717,-0.03451214358210564,0.9869424700737
40,26,0.34648823738098145,0.6986547112464905,-0.12395593523979187,0.9616731405258179
40,27,0.3705174922943115,0.8273924589157104,0.04604540392756462,0.9838647842407227
40,28,0.3470351994037628,0.7998478412628174,-0.03678392991423607,0.8068243861198425
40,29,0.3681177794933319,0.838111162185669,0.04774264618754387,0.8879629373550415
40,30,0.350456565618515,0.8095975518226624,-0.03311488777399063,0.7005533576011658
40,31,0.36645734310150146,0.8674455881118774,-0.04592929407954216,0.9800729155540466
40,32,0.3446199893951416,0.8418095707893372,-0.11748070269823074,0.8629676103591919
41,0,0.3563438653945923,0.42350339889526367,-0.12298308312892914,0.9999631643295288
41,1,0.3599955141544342,0.415621280670166,-0.11200882494449615,0.9999135732650757
41,2,0.36238914728164673,0.4154430627822876,-0.11207141727209091,0.9999130964279175
41,3,0.3645067811012268,0.4154197871685028,-0.11211095005273819,0.9999290108680725
41,4,0.35477203130722046,0.4159804582595825,-0.10931815952062607,0.9998721480369568
41,5,0.35333362221717834,0.4161033034324646,-0.10928665101528168,0.9998183250427246
41,6,0.3516927659511566,0.41626760363578796,-0.10928677022457123,0.9998098015785217
41,7,0.36917605996131897,0.42047256231307983,-0.04615369439125061,0.9998435378074646
41,8,0.35156378149986267,0.4215012192726135,-0.0333092026412487,0.9991620779037476
41,9,0.3607877790927887,0.435062974691391,-0.09829197824001312,0.9999669790267944
41,10,0.35420453548431396,0.43410730361938477,-0.094803586602211,0.9999390244483948
41,11,0.3840542137622833,0.4776272773742676,-0.018502380698919296,0.9999852776527405
41,12,0.33869680762290955,0.4784596264362335,0.02863975241780281,0.9998865723609924
41,13,0.4008671045303345,0.5396810173988342,-0.08667179197072983,0.9943265914916992
41,14,0.33440497517585754,0.5383409261703491,0.07113105058670044,0.9125176072120667
41,15,0.36977213621139526,0.5346525311470032,-0.2129504233598709,0.9805625677108765
41,16,0.32890549302101135,0.5801223516464233,0.009012453258037567,0.885504961013794
41,17,0.3606230616569519,0.5335454344749451,-0.2414279729127884,0.965151846408844
41,18,0.32735854387283325,0.5940863490104675,-0.0058809001930058,0.8372287154197693
41,19,0.35994529724121094,0.5257981419563293,-0.24204614758491516,0.9657188057899475
41,20,0.3290880024433136,0.5968178510665894,-0.024772554636001587,0.8403782844543457
41,21,0.36195108294487,0.5253052115440369,-0.21491855382919312,0.9484871625900269
41,22,0.3307479918003082,0.5897596478462219,0.00010761534213088453,0.8128446340560913
41,23,0.3726530969142914,0.6054795384407043,-0.00609617680311203,0.9998213648796082
41,24,0.34713849425315857,0.6025494933128357,0.006135154981166124,0.9996981024742126
41,25,0.37276583909988403,0.7128065824508667,-0.029673496261239052,0.9862436056137085
41,26,0.34550949931144714,0.6994873881340027,-0.12094999849796295,0.9650094509124756
41,27,0.3705189526081085,0.8212392926216125,0.037038784474134445,0.9839870929718018
41,28,0.3450703024864197,0.8092067837715149,-0.045217324048280716,0.8254369497299194
41,29,0.3680865466594696,0.8321658968925476,0.037660710513591766,0.8843678832054138
41,30,0.3487042486667633,0.8208898901939392,-0.044258709996938705,0.7193740606307983
41,31,0.3675406873226166,0.8615939617156982,-0.051221366971731186,0.9799407720565796
41,32,0.3424876630306244,0.8494575023651123,-0.13312381505966187,0.87574303150177
42,0,0.3552991449832916,0.41890695691108704,-0.1306566298007965,0.9999653697013855
42,1,0.35863593220710754,0.4112395644187927,-0.11965291202068329,0.9999194145202637
42,2,0.36087244749069214,0.41116172075271606,-0.11970948427915573,0.9999194145202637
42,3,0.3629923462867737,0.4111008644104004,-0.11974842846393585,0.9999341368675232
42,4,0.35363712906837463,0.41158199310302734,-0.11680833995342255,0.9998802542686462
42,5,0.3520599901676178,0.41169798374176025,-0.11678167432546616,0.9998301863670349
42,6,0.35029157996177673,0.41197115182876587,-0.11677724868059158,0.9998213052749634
42,7,0.367598295211792,0.4155729115009308,-0.05117440223693848,0.9998558163642883
42,8,0.34990835189819336,0.4175206124782562,-0.03751354664564133,0.9992326498031616
42,9,0.3594474196434021,0.42991459369659424,-0.10517167299985886,0.9999693036079407
42,10,0.3530902564525604,0.4294734001159668,-0.10142790526151657,0.9999428987503052
42,11,0.3832938075065613,0.47181645035743713,-0.018181996420025826,0.9999861121177673
42,12,0.3380264639854431,0.47494783997535706,0.025479082018136978,0.9998844861984253
42,13,0.40052980184555054,0.5343186855316162,-0.08498457074165344,0.9947971105575562
42,14,0.33567166328430176,0.534702718257904,0.07158591598272324,0.893335223197937
42,15,0.36771443486213684,0.5301516652107239,-0.21473926305770874,0.98236483335495
42,16,0.32895728945732117,0.5821472406387329,0.012546245008707047,0.8580659627914429
42,17,0.3582981526851654,0.5296663045883179,-0.24456745386123657,0.9681621193885803
42,18,0.32725822925567627,0.5966871976852417,-0.002267851261422038,0.8077241778373718
42,19,0.3575392961502075,0.52052903175354,-0.24426288902759552,0.9686659574508667
42,20,0.3283698856830597,0.6018245220184326,-0.022643567994236946,0.8112818002700806
42,21,0.35966381430625916,0.5198833346366882,-0.2163730412721634,0.952566921710968
42,22,0.3297448754310608,0.5952229499816895,0.003184532281011343,0.780527651309967
42,23,0.3713383674621582,0.6025736927986145,-0.0013841332402080297,0.9997993111610413
42,24,0.34573984146118164,0.6003370881080627,0.0014400177169591188,0.9996889233589172
42,25,0.37227922677993774,0.7074427008628845,-0.02424672618508339,0.9852455258369446
42,26,0.3450832664966583,0.6997843980789185,-0.11468502134084702,0.9680179953575134
42,27,0.3704303801059723,0.8155611157417297,0.04927894473075867,0.9837409853935242
42,28,0.3437320291996002,0.8142245411872864,-0.04877769201993942,0.8420951962471008
42,29,0.36781045794487,0.825427770614624,0.05123494192957878,0.8810633420944214
42,30,0.3467157483100891,0.8272519111633301,-0.048367809504270554,0.7350538372993469
42,31,0.36795344948768616,0.8589863777160645,-0.03766459599137306,0.979526698589325
42,32,0.34358149766921997,0.8537173867225647,-0.13766661286354065,0.8870610594749451
43,0,0.35342302918434143,0.41558167338371277,-0.13412149250507355,0.9999669790267944
43,1,0.35653844475746155,0.4070415198802948,-0.1235223263502121,0.9999239444732666
43,2,0.35872283577919006,0.40680697560310364,-0.12356995791196823,0.9999244213104248
43,3,0.3609809875488281,0.40673309564590454,-0.12359800189733505,0.9999381899833679
43,4,0.35180148482322693,0.40802618861198425,-0.12055635452270508,0.9998863339424133
43,5,0.35017019510269165,0.4083825945854187,-0.1205347329378128,0.9998393654823303
43,6,0.34856924414634705,0.4088699221611023,-0.1205316111445427,0.9998297095298767
43,7,0.3661211431026459,0.412109911441803,-0.05698061361908913,0.9998666048049927
43,8,0.34864097833633423,0.41455599665641785,-0.040392644703388214,0.9992918372154236
43,9,0.3573789894580841,0.42669782042503357,-0.10934832692146301,0.9999713897705078
43,10,0.3515433669090271,0.4263423979282379,-0.10502367466688156,0.999946117401123
43,11,0.3826311528682709,0.4691968262195587,-0.023029524832963943,0.9999867677688599
43,12,0.3375329375267029,0.4726981520652771,0.02356870286166668,0.9998801946640015
43,13,0.39976850152015686,0.5318689346313477,-0.08602149784564972,0.9951954483985901
43,14,0.3366440236568451,0.532855749130249,0.06619852036237717,0.8696825504302979
43,15,0.36587509512901306,0.5267654061317444,-0.21612992882728577,0.9839513301849365
43,16,0.32912126183509827,0.5827813744544983,0.004491447936743498,0.8280296921730042
43,17,0.356640487909317,0.5270779132843018,-0.24617382884025574,0.970758855342865
43,18,0.3272210657596588,0.6033665537834167,-0.01078681368380785,0.7763477563858032
43,19,0.3559972941875458,0.5175625085830688,-0.2457539588212967,0.9712016582489014
43,20,0.32829931378364563,0.6074848175048828,-0.028544612228870392,0.7800387144088745
43,21,0.35805991291999817,0.5167461633682251,-0.21762368083000183,0.956017792224884
43,22,0.3301633298397064,0.6010904312133789,-0.004304387141019106,0.7467368841171265
43,23,0.3704264760017395,0.6001254320144653,-0.0008147429907694459,0.9997775554656982
43,24,0.34503501653671265,0.59842449426651,0.0008671956602483988,0.999675452709198
43,25,0.3721632659435272,0.708029568195343,-0.024268923327326775,0.9853796362876892
43,26,0.344295471906662,0.7013339996337891,-0.08894664794206619,0.9708982110023499
43,27,0.3701184093952179,0.8121304512023926,0.06638868898153305,0.9842376708984375
43,28,0.3432116210460663,0.8194177746772766,-0.022994866594672203,0.8574404120445251
43,29,0.3671054244041443,0.8209763765335083,0.07082963734865189,0.8819478750228882
43,30,0.3460250496864319,0.8322319388389587,-0.02125200629234314,0.7527465224266052
43,31,0.36818885803222656,0.8571290373802185,-0.013391991145908833,0.9800158739089966
43,32,0.3441886305809021,0.8575447201728821,-0.10926416516304016,0.8976148366928101
44,0,0.3519582152366638,0.41488516330718994,-0.15808548033237457,0.999968945980072
44,1,0.3548542261123657,0.4061130881309509,-0.14723840355873108,0.9999293684959412
44,2,0.3570164442062378,0.40598851442337036,-0.14727969467639923,0.9999300241470337
44,3,0.35923224687576294,0.4059574604034424,-0.14732781052589417,0.9999426603317261
44,4,0.3502185344696045,0.4066846966743469,-0.14418737590312958,0.9998942017555237
44,5,0.34862270951271057,0.4069947898387909,-0.14416757225990295,0.9998506903648376
44,6,0.34721025824546814,0.40734466910362244,-0.1441597193479538,0.999840497970581
44,7,0.36467477679252625,0.4110960066318512,-0.07253838330507278,0.9998776316642761
44,8,0.34724223613739014,0.41281887888908386,-0.05690617486834526,0.9993512034416199
44,9,0.3559112846851349,0.42549556493759155,-0.1295633465051651,0.9999735951423645
44,10,0.3502730131149292,0.4253213703632355,-0.1253187209367752,0.9999497532844543
44,11,0.38156214356422424,0.4653046131134033,-0.0271257683634758,0.9999873638153076
44,12,0.335887610912323,0.47210583090782166,0.006385807879269123,0.9998805522918701
44,13,0.3989070653915405,0.5300458073616028,-0.09358549118041992,0.9955190420150757
44,14,0.33609771728515625,0.535305917263031,0.046113647520542145,0.8502214550971985
44,15,0.3653582036495209,0.5272011160850525,-0.23073741793632507,0.9853110313415527
44,16,0.3294496238231659,0.5927796363830566,-0.016118263825774193,0.8007388710975647
44,17,0.35587069392204285,0.5273921489715576,-0.26193830370903015,0.9729055762290955
44,18,0.3274805247783661,0.6120681166648865,-0.03359583020210266,0.7488712072372437
44,19,0.3552330434322357,0.5164833068847656,-0.26263147592544556,0.9732969403266907
44,20,0.32836201786994934,0.6147763133049011,-0.05390692502260208,0.7528749704360962
44,21,0.3572940230369568,0.5158467888832092,-0.23276953399181366,0.9588310718536377
44,22,0.3305833339691162,0.6081250309944153,-0.02567269466817379,0.7169474363327026
44,23,0.36910173296928406,0.5983823537826538,0.005354488268494606,0.9997607469558716
44,24,0.343591570854187,0.5971088409423828,-0.005324710160493851,0.9996738433837891
44,25,0.37181541323661804,0.7082486152648926,-0.015442478470504284,0.984738826751709
44,26,0.3429952561855316,0.703780472278595,-0.08314907550811768,0.973466694355011
44,27,0.37003350257873535,0.8054405450820923,0.10335075855255127,0.9839258193969727
44,28,0.34140175580978394,0.8250504732131958,-0.017215223982930183,0.8712984919548035
44,29,0.3666950464248657,0.813300609588623,0.1112760454416275,0.8839991092681885
44,30,0.3432977795600891,0.8376123905181885,-0.015300785191357136,0.7700410485267639
44,31,0.3696448504924774,0.8515211343765259,0.03639008477330208,0.979741632938385
44,32,0.34493759274482727,0.8586036562919617,-0.10394659638404846,0.9070675373077393
45,0,0.35036012530326843,0.41344690322875977,-0.18439191579818726,0.9999710321426392
45,1,0.3531852960586548,0.4045186936855316,-0.17366446554660797,0.9999343752861023
45,2,0.35535168647766113,0.40455546975135803,-0.17370426654815674,0.9999352097511292
45,3,0.35759633779525757,0.40483996272087097,-0.17374670505523682,0.9999465942382812
45,4,0.34839147329330444,0.40523022413253784,-0.16974493861198425,0.999902069568634
45,5,0.34676477313041687,0.40573376417160034,-0.16972361505031586,0.999862015247345
45,6,0.3453603684902191,0.40642112493515015,-0.16972586512565613,0.999851405620575
45,7,0.3633710443973541,0.4101513624191284,-0.10022752732038498,0.999887228012085
45,8,0.3452901542186737,0.4117518365383148,-0.08128049224615097,0.9994043707847595
45,9,0.35437896847724915,0.42407354712486267,-0.15643484890460968,0.9999754428863525
45,10,0.34862011671066284,0.4238588511943817,-0.15121734142303467,0.9999529719352722
45,11,0.3805277943611145,0.46439117193222046,-0.05629171058535576,0.9999873042106628
45,12,0.3345382511615753,0.472637414932251,-0.016223803162574768,0.9998843669891357
45,13,0.3980919420719147,0.528104305267334,-0.11872168630361557,0.9957210421562195
45,14,0.3357464671134949,0.5367029309272766,0.026248261332511902,0.8317285776138306
45,15,0.3643379211425781,0.5286058783531189,-0.25142908096313477,0.9863042831420898
45,16,0.3296087086200714,0.6007124185562134,-0.03137480840086937,0.770682692527771
45,17,0.3551224172115326,0.5282670259475708,-0.2810356914997101,0.9742113351821899
45,18,0.3275631368160248,0.6196978092193604,-0.04703652486205101,0.7192451357841492
45,19,0.35426977276802063,0.5177878737449646,-0.28275635838508606,0.9745616316795349
45,20,0.32839328050613403,0.6218942999839783,-0.0673651471734047,0.7237222194671631
45,21,0.35636648535728455,0.5171604156494141,-0.2534720301628113,0.9601436257362366
45,22,0.33057084679603577,0.6155200004577637,-0.04064762964844704,0.6847386956214905
45,23,0.3685280382633209,0.6011440753936768,0.005587845109403133,0.9997445344924927
45,24,0.34214457869529724,0.5997520685195923,-0.005601373501121998,0.999694287776947
45,25,0.37109166383743286,0.7064225673675537,0.01874055527150631,0.9846758246421814
45,26,0.34141796827316284,0.709597647190094,-0.08471012860536575,0.9759803414344788
45,27,0.37025901675224304,0.7984887957572937,0.1700948029756546,0.9838053584098816
45,28,0.3394577205181122,0.8316001892089844,-0.04515976458787918,0.8839895129203796
45,29,0.366762638092041,0.8064566254615784,0.18164879083633423,0.8865435123443604
45,30,0.34145113825798035,0.8459113836288452,-0.04652499407529831,0.7867156267166138
45,31,0.3724033534526825,0.8430025577545166,0.11434055119752884,0.9798680543899536
45,32,0.3442608118057251,0.8648573756217957,-0.13903382420539856,0.9159448146820068
46,0,0.34920626878738403,0.41236189007759094,-0.18448112905025482,0.9999731779098511
46,1,0.35228800773620605,0.40363967418670654,-0.17342379689216614,0.9999392628669739
46,2,0.3544674515724182,0.40380892157554626,-0.17346444725990295,0.9999402761459351
46,3,0.3567711114883423,0.40426626801490784,-0.17349547147750854,0.9999504089355469
46,4,0.3472675085067749,0.4042316675186157,-0.16967064142227173,0.9999098181724548
46,5,0.34556859731674194,0.4047872722148895,-0.16963788866996765,0.9998732805252075
46,6,0.3440621793270111,0.40557509660720825,-0.16964013874530792,0.9998624324798584
46,7,0.362383097410202,0.40977245569229126,-0.10088170319795609,0.9998959898948669
46,8,0.343801885843277,0.41128864884376526,-0.08322068303823471,0.9994527101516724
46,9,0.35332345962524414,0.42303919792175293,-0.1571389138698578,0.9999772310256958
46,10,0.3472152650356293,0.42283883690834045,-0.15230710804462433,0.9999564290046692
46,11,0.3791196644306183,0.46466249227523804,-0.06144299730658531,0.999987781047821
46,12,0.33330756425857544,0.47425827383995056,-0.018285516649484634,0.9998920559883118
46,13,0.39777565002441406,0.5263535976409912,-0.12050153315067291,0.9959180355072021
46,14,0.33516228199005127,0.5417092442512512,0.023603463545441628,0.8123756647109985
46,15,0.3641783893108368,0.5313555002212524,-0.24878504872322083,0.9871881008148193
46,16,0.3291245996952057,0.6071346998214722,-0.036409892141819,0.7456567883491516
46,17,0.3550082743167877,0.5314180254936218,-0.27818772196769714,0.9754111170768738
46,18,0.32691070437431335,0.6253190040588379,-0.052705392241477966,0.695847749710083
46,19,0.35414227843284607,0.5214818120002747,-0.2812078297138214,0.9757699966430664
46,20,0.32746511697769165,0.6277778148651123,-0.07354401051998138,0.701227605342865
46,21,0.35618242621421814,0.5208325982093811,-0.25107693672180176,0.9613086581230164
46,22,0.3296375274658203,0.6213811039924622,-0.045908909291028976,0.6576648354530334
46,23,0.3676052391529083,0.6036030054092407,0.005871287081390619,0.9997432827949524
46,24,0.341031551361084,0.6020550727844238,-0.005920039489865303,0.9997217059135437
46,25,0.36944353580474854,0.706207811832428,0.05815621092915535,0.9844340682029724
46,26,0.3405858874320984,0.7146619558334351,-0.10554702579975128,0.9782939553260803
46,27,0.37078776955604553,0.7928469181060791,0.23774318397045135,0.9816856980323792
46,28,0.3382652997970581,0.8368980884552002,-0.1041080579161644,0.8954681158065796
46,29,0.36709386110305786,0.7994663715362549,0.2524666488170624,0.8832780718803406
46,30,0.3394879996776581,0.8524459600448608,-0.10915666818618774,0.7997079491615295
46,31,0.3736485242843628,0.8362752795219421,0.19236546754837036,0.9787344336509705
46,32,0.34293046593666077,0.8705503940582275,-0.20636332035064697,0.9240399599075317
47,0,0.3480250835418701,0.4124961495399475,-0.20112545788288116,0.9999747276306152
47,1,0.35120442509651184,0.40361514687538147,-0.19070683419704437,0.999942421913147
47,2,0.3533923029899597,0.4038795232772827,-0.19074763357639313,0.9999439120292664
47,3,0.3557397425174713,0.40447548031806946,-0.1907821148633957,0.9999526739120483
47,4,0.34610772132873535,0.40406534075737,-0.18658596277236938,0.999915361404419
47,5,0.34440866112709045,0.4046109914779663,-0.18655258417129517,0.9998817443847656
47,6,0.34291771054267883,0.4054015874862671,-0.18655484914779663,0.999869704246521
47,7,0.36136215925216675,0.41007643938064575,-0.11901416629552841,0.999902606010437
47,8,0.3424363136291504,0.41123417019844055,-0.09979165345430374,0.9994885325431824
47,9,0.3522191047668457,0.4233052730560303,-0.173917755484581,0.9999786019325256
47,10,0.3458944261074066,0.4229111671447754,-0.16860581934452057,0.9999591708183289
47,11,0.37817835807800293,0.4655384123325348,-0.08147820085287094,0.9999883770942688
47,12,0.3320860266685486,0.47573012113571167,-0.03120896779000759,0.9998998045921326
47,13,0.39752689003944397,0.5267983078956604,-0.13879789412021637,0.9960752129554749
47,14,0.3333778977394104,0.5488182902336121,0.010374912992119789,0.7932522892951965
47,15,0.3635730445384979,0.534541666507721,-0.2660476267337799,0.9878861308097839
47,16,0.3274616003036499,0.6159139275550842,-0.04958456754684448,0.7198114395141602
47,17,0.3543541729450226,0.5349039435386658,-0.29637160897254944,0.9762831330299377
47,18,0.3250005841255188,0.6333158612251282,-0.06668427586555481,0.6715934872627258
47,19,0.3531934320926666,0.5252073407173157,-0.30030760169029236,0.9766824841499329
47,20,0.32519856095314026,0.6360081434249878,-0.087489053606987,0.6779814958572388
47,21,0.35533490777015686,0.5244349837303162,-0.2686416804790497,0.9619643688201904
47,22,0.32745373249053955,0.6292574405670166,-0.05924833565950394,0.6301976442337036
47,23,0.3673340082168579,0.6036916375160217,0.004438389092683792,0.999748706817627
47,24,0.34015321731567383,0.6055718064308167,-0.004480651114135981,0.9997478723526001
47,25,0.3689674437046051,0.7074186205863953,0.06966333091259003,0.9840958714485168
47,26,0.33987298607826233,0.7230778932571411,-0.10707010328769684,0.9803764224052429
47,27,0.37135037779808044,0.7845689654350281,0.28646472096443176,0.9761787056922913
47,28,0.33724814653396606,0.8417837023735046,-0.0882306843996048,0.9057779312133789
47,29,0.3676277995109558,0.7869049906730652,0.3054688572883606,0.8710273504257202
47,30,0.3383522629737854,0.8574650883674622,-0.09143082797527313,0.8084521293640137
47,31,0.3737352788448334,0.8281065225601196,0.25126880407333374,0.9753096103668213
47,32,0.3421325385570526,0.8755862712860107,-0.18799874186515808,0.93125981092453
48,0,0.3464536964893341,0.41300341486930847,-0.20257048308849335,0.9999764561653137
48,1,0.34973737597465515,0.4039918780326843,-0.19224581122398376,0.9999460577964783
48,2,0.35192036628723145,0.4041842818260193,-0.19229204952716827,0.9999479651451111
48,3,0.35426849126815796,0.4047172963619232,-0.19232231378555298,0.9999555349349976
48,4,0.3445139527320862,0.4047856032848358,-0.1881534457206726,0.9999210238456726
48,5,0.34277796745300293,0.4054817855358124,-0.1881142407655716,0.9998905062675476
48,6,0.34123456478118896,0.40632322430610657,-0.1881212592124939,0.9998774528503418
48,7,0.3598988652229309,0.4104210436344147,-0.12141664326190948,0.9999092817306519
48,8,0.34057968854904175,0.4120916724205017,-0.10301477462053299,0.9995240569114685
48,9,0.3506617248058319,0.4236074686050415,-0.17573292553424835,0.9999802112579346
48,10,0.344200074672699,0.42344626784324646,-0.17067301273345947,0.999962329864502
48,11,0.37726762890815735,0.4668217599391937,-0.08478984236717224,0.9999893307685852
48,12,0.3301472067832947,0.4759252667427063,-0.035107798874378204,0.9999088644981384
48,13,0.3977484107017517,0.5284376740455627,-0.14363889396190643,0.9962764382362366
48,14,0.3312971591949463,0.5554707646369934,0.007765389047563076,0.7798137664794922
48,15,0.3641052842140198,0.5372791886329651,-0.269513338804245,0.9886116981506348
48,16,0.3243551552295685,0.6210787296295166,-0.052970994263887405,0.7028660178184509
48,17,0.35431745648384094,0.5382604598999023,-0.2996078133583069,0.9773498177528381
48,18,0.3219817280769348,0.6378665566444397,-0.07015099376440048,0.6564819812774658
48,19,0.3530004322528839,0.529149055480957,-0.3026358187198639,0.9777975678443909
48,20,0.3220747709274292,0.6408983469009399,-0.09079989790916443,0.6639523506164551
48,21,0.35552534461021423,0.5286763310432434,-0.2714785635471344,0.962955117225647
48,22,0.3235505223274231,0.6339524984359741,-0.06252006441354752,0.6105207204818726
48,23,0.3669983446598053,0.6100978255271912,0.006441223900765181,0.9997638463973999
48,24,0.33953651785850525,0.6133815050125122,-0.006521083414554596,0.9997725486755371
48,25,0.3679603636264801,0.7075949311256409,0.101307712495327,0.9820884466171265
48,26,0.3389861285686493,0.7242394089698792,-0.13380436599254608,0.9822494983673096
48,27,0.37185803055763245,0.7731042504310608,0.3424704968929291,0.9609473347663879
48,28,0.3375733196735382,0.8460174798965454,-0.12863308191299438,0.9150475859642029
48,29,0.3685358762741089,0.776197612285614,0.36444994807243347,0.8510611057281494
48,30,0.33839723467826843,0.8619835376739502,-0.13319486379623413,0.8115231990814209
48,31,0.37410107254981995,0.818198025226593,0.31688952445983887,0.9673089981079102
48,32,0.3427075445652008,0.8794665336608887,-0.23447532951831818,0.9377351403236389
49,0,0.3451433479785919,0.4143593907356262,-0.18973524868488312,0.9999775886535645
49,1,0.3486645519733429,0.40546914935112,-0.17951470613479614,0.9999486207962036
49,2,0.3508528470993042,0.40558481216430664,-0.17956724762916565,0.9999511241912842
49,3,0.35333251953125,0.40599524974823,-0.1796041876077652,0.9999575614929199
49,4,0.3432515561580658,0.40626755356788635,-0.17527219653129578,0.9999250769615173
49,5,0.341417133808136,0.406884104013443,-0.17522910237312317,0.9998971223831177
49,6,0.33977434039115906,0.40761128067970276,-0.1752339005470276,0.9998819828033447
49,7,0.35881075263023376,0.4113176167011261,-0.11114004254341125,0.9999150037765503
49,8,0.3392789363861084,0.4131152629852295,-0.09196121245622635,0.9995480179786682
49,9,0.3494814336299896,0.4247654974460602,-0.1639486700296402,0.9999814033508301
49,10,0.342938631772995,0.42467159032821655,-0.15864761173725128,0.9999646544456482
49,11,0.37607231736183167,0.46778857707977295,-0.07741205394268036,0.9999901652336121
49,12,0.329182505607605,0.47769197821617126,-0.024156400933861732,0.9999160170555115
49,13,0.3978036940097809,0.5289142727851868,-0.1290520876646042,0.9964916110038757
49,14,0.3301616907119751,0.5580448508262634,0.02005743607878685,0.7564894556999207
49,15,0.3643418550491333,0.5444566011428833,-0.25694602727890015,0.9893522262573242
49,16,0.3243289887905121,0.6226237416267395,-0.04054593667387962,0.6791101694107056
49,17,0.3546159565448761,0.5499187707901001,-0.2906157374382019,0.9785128831863403
49,18,0.32044267654418945,0.6401325464248657,-0.05736427754163742,0.6354569792747498
49,19,0.3529725968837738,0.5402743816375732,-0.2920324206352234,0.9789725542068481
49,20,0.31987929344177246,0.6404268145561218,-0.07655695825815201,0.6441923975944519
49,21,0.3555014133453369,0.538604736328125,-0.26167023181915283,0.9642745852470398
49,22,0.323382169008255,0.6365867853164673,-0.04957308992743492,0.5872405767440796
49,23,0.3661152124404907,0.6144082546234131,0.006102934945374727,0.9997764229774475
49,24,0.33801376819610596,0.618168830871582,-0.006171577610075474,0.9997945427894592
49,25,0.3676717281341553,0.7084910273551941,0.09626320004463196,0.9807113409042358
49,26,0.33826422691345215,0.7265686988830566,-0.1255820244550705,0.9839286804199219
49,27,0.37181320786476135,0.7658194899559021,0.33682388067245483,0.9434877634048462
49,28,0.33837729692459106,0.8529031276702881,-0.12707635760307312,0.9233602285385132
49,29,0.3688347339630127,0.7697762250900269,0.3590831756591797,0.8321262001991272
49,30,0.3395853340625763,0.8692207336425781,-0.13230136036872864,0.8147239685058594
49,31,0.3759177327156067,0.8046875,0.31817519664764404,0.9569451808929443
49,32,0.3429897129535675,0.884236216545105,-0.2290954291820526,0.9434464573860168
50,0,0.3437723219394684,0.41466301679611206,-0.18623970448970795,0.9999788403511047
50,1,0.34749066829681396,0.40570366382598877,-0.17541687190532684,0.9999509453773499
50,2,0.34986412525177,0.40585219860076904,-0.17547044157981873,0.999954104423523
50,3,0.3523799180984497,0.40646952390670776,-0.17550097405910492,0.9999592900276184
50,4,0.3418281078338623,0.4066588282585144,-0.17178736627101898,0.9999291300773621
50,5,0.3399880528450012,0.4073399305343628,-0.17173638939857483,0.9999037981033325
50,6,0.33834439516067505,0.4082224667072296,-0.1717388778924942,0.9998874068260193
50,7,0.35769450664520264,0.41234490275382996,-0.1050490289926529,0.9999193549156189
50,8,0.33780041337013245,0.41389358043670654,-0.08880554139614105,0.9995735883712769
50,9,0.34794551134109497,0.4250084459781647,-0.1597021222114563,0.9999824166297913
50,10,0.3412584960460663,0.4248136579990387,-0.1553308069705963,0.9999669194221497
50,11,0.37551745772361755,0.4688223600387573,-0.07039804011583328,0.9999909400939941
50,12,0.3276720643043518,0.47976741194725037,-0.021667618304491043,0.9999235272407532
50,13,0.3978520929813385,0.5299414992332458,-0.12602263689041138,0.9966378808021545
50,14,0.3293762505054474,0.5586508512496948,0.024106374010443687,0.7462098002433777
50,15,0.36478424072265625,0.5521256327629089,-0.2295611947774887,0.9897507429122925
50,16,0.32339826226234436,0.6225315928459167,-0.03736093267798424,0.6671448945999146
50,17,0.35497114062309265,0.5585814118385315,-0.25665077567100525,0.9787687659263611
50,18,0.3210620582103729,0.6413272619247437,-0.055911384522914886,0.6240178942680359
50,19,0.3529856204986572,0.5497363209724426,-0.2610463500022888,0.9793166518211365
50,20,0.3211314082145691,0.642951488494873,-0.07321488857269287,0.6340864300727844
50,21,0.3555329144001007,0.5476295948028564,-0.23194476962089539,0.9639182686805725
50,22,0.32302454113960266,0.6362048387527466,-0.04617520049214363,0.5730488300323486
50,23,0.3657989799976349,0.6182366609573364,0.007892884314060211,0.9997888207435608
50,24,0.3371417820453644,0.621812641620636,-0.007986086420714855,0.9998148083686829
50,25,0.3672431409358978,0.7095506191253662,0.12634998559951782,0.9790424704551697
50,26,0.33689674735069275,0.7272199392318726,-0.14107905328273773,0.9854738712310791
50,27,0.3719203770160675,0.7658227682113647,0.371972918510437,0.9211385846138
50,28,0.33893078565597534,0.8555474877357483,-0.16693592071533203,0.9309059381484985
50,29,0.36926743388175964,0.7705239057540894,0.39473044872283936,0.8132036924362183
50,30,0.33987513184547424,0.875870406627655,-0.1747991442680359,0.8187203407287598
50,31,0.38077297806739807,0.7953870892524719,0.356503427028656,0.9464966058731079
50,32,0.3430885374546051,0.8877699375152588,-0.27562180161476135,0.9487621784210205
51,0,0.34205174446105957,0.4174547493457794,-0.19334399700164795,0.9999797344207764
51,1,0.3459959924221039,0.4081883728504181,-0.18247367441654205,0.9999521374702454
51,2,0.34843406081199646,0.4082215428352356,-0.1825256198644638,0.9999558925628662
51,3,0.3509928286075592,0.408590167760849,-0.1825525462627411,0.9999598264694214
51,4,0.3402421474456787,0.408857136964798,-0.17887438833713531,0.9999316930770874
51,5,0.3385065197944641,0.40931084752082825,-0.17883163690567017,0.9999085068702698
51,6,0.33690014481544495,0.41003113985061646,-0.1788342148065567,0.9998914003372192
51,7,0.35634946823120117,0.41368749737739563,-0.11162535101175308,0.9999224543571472
51,8,0.33661866188049316,0.41576245427131653,-0.09631626307964325,0.999592125415802
51,9,0.3462775647640228,0.42878466844558716,-0.16681115329265594,0.999983012676239
51,10,0.3396587073802948,0.4284154772758484,-0.1626100242137909,0.9999685287475586
51,11,0.37399643659591675,0.47084733843803406,-0.07793514430522919,0.9999914169311523
51,12,0.3259422481060028,0.48461100459098816,-0.024476058781147003,0.9999293088912964
51,13,0.3974439799785614,0.5300751328468323,-0.11952225863933563,0.99680495262146
51,14,0.32473984360694885,0.5603744387626648,0.024255456402897835,0.7452247142791748
51,15,0.3652685284614563,0.5613042712211609,-0.21392430365085602,0.9902374744415283
51,16,0.3163321912288666,0.6192940473556519,-0.036683209240436554,0.6721675395965576
51,17,0.3555428385734558,0.5703640580177307,-0.23914998769760132,0.9791581630706787
51,18,0.3154228627681732,0.6392897963523865,-0.05343274772167206,0.6279212236404419
51,19,0.3536486327648163,0.5613133907318115,-0.24738100171089172,0.9797720909118652
51,20,0.31285008788108826,0.6392731070518494,-0.07212609797716141,0.6391496062278748
51,21,0.356107234954834,0.5581516027450562,-0.21724833548069,0.9642201662063599
51,22,0.31604278087615967,0.632280170917511,-0.04551820084452629,0.5756896138191223
51,23,0.36503544449806213,0.622061014175415,0.005388809368014336,0.999794065952301
51,24,0.3359120488166809,0.6266161203384399,-0.005496523343026638,0.9998327493667603
51,25,0.3666033148765564,0.7159996628761292,0.09639687091112137,0.9778422713279724
51,26,0.33557945489883423,0.7331812977790833,-0.12917783856391907,0.9868088364601135
51,27,0.3725588321685791,0.7687011361122131,0.33271828293800354,0.9064599871635437
51,28,0.34026670455932617,0.8607614040374756,-0.1302070915699005,0.9376347661018372
51,29,0.37105265259742737,0.7757814526557922,0.3541908860206604,0.7905888557434082
51,30,0.3438791334629059,0.8796437978744507,-0.13579179346561432,0.8234008550643921
51,31,0.38588666915893555,0.7970351576805115,0.3104833960533142,0.9382306933403015
51,32,0.34156298637390137,0.8947566747665405,-0.23299123346805573,0.9534013271331787
52,0,0.34026166796684265,0.4194794297218323,-0.19335003197193146,0.9999797344207764
52,1,0.344310462474823,0.4103459417819977,-0.1826256960630417,0.9999517202377319
52,2,0.3468444049358368,0.4103570580482483,-0.18267914652824402,0.9999557137489319
52,3,0.3494705259799957,0.41060781478881836,-0.18271669745445251,0.9999589920043945
52,4,0.338433176279068,0.41072940826416016,-0.1786666214466095,0.9999322295188904
52,5,0.33663904666900635,0.41104206442832947,-0.17863045632839203,0.9999099969863892
52,6,0.33501505851745605,0.41154131293296814,-0.17862755060195923,0.9998921155929565
52,7,0.3547213673591614,0.4154173731803894,-0.11232351511716843,0.9999247193336487
52,8,0.33483198285102844,0.4173772633075714,-0.09498779475688934,0.9995980262756348
52,9,0.3441973626613617,0.43126827478408813,-0.16703519225120544,0.9999837875366211
52,10,0.3376067876815796,0.4308125376701355,-0.16221469640731812,0.9999701380729675
52,11,0.3732384741306305,0.47552043199539185,-0.07955777645111084,0.999991774559021
52,12,0.32329225540161133,0.48983150720596313,-0.021839668974280357,0.9999332427978516
52,13,0.3969322144985199,0.5354454517364502,-0.1101137101650238,0.9969649910926819
52,14,0.3203052580356598,0.5679592490196228,0.025400245562195778,0.7413669228553772
52,15,0.36550313234329224,0.5708886981010437,-0.20953136682510376,0.9905053377151489
52,16,0.3131297528743744,0.6246479749679565,-0.037898752838373184,0.6687683463096619
52,17,0.3556026220321655,0.5812281370162964,-0.2346908152103424,0.9789315462112427
52,18,0.312520831823349,0.6431077718734741,-0.05472991615533829,0.6238422989845276
52,19,0.35414135456085205,0.5716497302055359,-0.24418789148330688,0.9795632362365723
52,20,0.30935531854629517,0.6418043971061707,-0.07380832731723785,0.6359550356864929
52,21,0.3565449118614197,0.5681108832359314,-0.21347208321094513,0.9637501239776611
52,22,0.31232330203056335,0.6343868970870972,-0.04691906273365021,0.5713484287261963
52,23,0.36371174454689026,0.6278045177459717,-0.0002081018319586292,0.9998049139976501
52,24,0.3336513042449951,0.6328173875808716,0.0001650123012950644,0.999848484992981
52,25,0.3662317991256714,0.7413231134414673,0.04643811285495758,0.9762728214263916
52,26,0.33644700050354004,0.7465645670890808,-0.08172985166311264,0.9878519177436829
52,27,0.3726406395435333,0.7445036172866821,0.3082908093929291,0.8647478818893433
52,28,0.3414028584957123,0.8642183542251587,-0.043106645345687866,0.9434097409248352
52,29,0.368882954120636,0.7321203351020813,0.33359894156455994,0.7459208965301514
52,30,0.34608006477355957,0.8805228471755981,-0.04358498007059097,0.8273670673370361
52,31,0.3830220699310303,0.7774850130081177,0.2998165786266327,0.9056564569473267
52,32,0.3401004374027252,0.8986809849739075,-0.1310286819934845,0.9569649696350098
53,0,0.3387746512889862,0.4221945106983185,-0.191995307803154,0.9999790787696838
53,1,0.34289297461509705,0.413158655166626,-0.1817423552274704,0.9999487400054932
53,2,0.34547993540763855,0.41314196586608887,-0.18178904056549072,0.9999521374702454
53,3,0.34813982248306274,0.4132626950740814,-0.18182682991027832,0.9999552965164185
53,4,0.3369212746620178,0.41351526975631714,-0.17775963246822357,0.9999313354492188
53,5,0.33501434326171875,0.4138658046722412,-0.17772287130355835,0.9999087452888489
53,6,0.33337101340293884,0.4143020510673523,-0.17772237956523895,0.9998905658721924
53,7,0.353569358587265,0.41783517599105835,-0.11303161829710007,0.9999231696128845
53,8,0.3333195149898529,0.4200824797153473,-0.09545856714248657,0.9995871782302856
53,9,0.34294024109840393,0.434114545583725,-0.16616351902484894,0.9999839663505554
53,10,0.3360755741596222,0.433782160282135,-0.16122989356517792,0.9999709129333496
53,11,0.3734699487686157,0.48079410195350647,-0.08128990978002548,0.9999915957450867
53,12,0.3205791413784027,0.49303510785102844,-0.02303323894739151,0.9999372363090515
53,13,0.39688625931739807,0.5405113101005554,-0.09581665694713593,0.9969649314880371
53,14,0.31631216406822205,0.5702047348022461,0.022517019882798195,0.731461763381958
53,15,0.3670169413089752,0.5807170271873474,-0.17944085597991943,0.9893437623977661
53,16,0.308866024017334,0.6264488101005554,-0.042986996471881866,0.6513301134109497
53,17,0.3579387366771698,0.5934231281280518,-0.20137238502502441,0.9746677875518799
53,18,0.307245671749115,0.6454384922981262,-0.05875226855278015,0.6070014238357544
53,19,0.3551790416240692,0.5822774171829224,-0.21256262063980103,0.9754781723022461
53,20,0.3067796230316162,0.6437283158302307,-0.07820043712854385,0.6200066208839417
53,21,0.3571823835372925,0.5777680277824402,-0.18389271199703217,0.9578390717506409
53,22,0.3096874952316284,0.6360581517219543,-0.05219099298119545,0.5569279789924622
53,23,0.3624280095100403,0.6330728530883789,-0.005309232976287603,0.9998116493225098
53,24,0.3316829204559326,0.6358996629714966,0.005310906562954187,0.9998624324798584
53,25,0.3655719459056854,0.7494102716445923,0.014208035543560982,0.9686049222946167
53,26,0.3360818326473236,0.7501160502433777,-0.04996122047305107,0.988082766532898
53,27,0.36683815717697144,0.7147810459136963,0.2792291045188904,0.7910335659980774
53,28,0.34203997254371643,0.865068256855011,0.00036967784399166703,0.9474459886550903
53,29,0.36734679341316223,0.704288899898529,0.30331119894981384,0.6872382164001465
53,30,0.3475567400455475,0.8825559020042419,0.0016388805815950036,0.8269572257995605
53,31,0.3729138970375061,0.7415916323661804,0.2807210385799408,0.83828204870224
53,32,0.3375588059425354,0.8987221121788025,-0.07461941242218018,0.9580559730529785
54,0,0.33674103021621704,0.4223286509513855,-0.19056330621242523,0.9999784827232361
54,1,0.34067997336387634,0.41321873664855957,-0.18028299510478973,0.9999467730522156
54,2,0.34310588240623474,0.41324037313461304,-0.1803283542394638,0.9999488592147827
54,3,0.34588807821273804,0.4134552478790283,-0.18037617206573486,0.9999529719352722
54,4,0.3351076543331146,0.4136257469654083,-0.176019549369812,0.9999304413795471
54,5,0.3334158658981323,0.4139910936355591,-0.17599007487297058,0.9999068379402161
54,6,0.33184757828712463,0.4145113229751587,-0.17598821222782135,0.9998893141746521
54,7,0.3519997000694275,0.4188183844089508,-0.11182629317045212,0.9999241232872009
54,8,0.33221593499183655,0.42056089639663696,-0.09307072311639786,0.9995728135108948
54,9,0.34102433919906616,0.4341488778591156,-0.1648288071155548,0.9999843835830688
54,10,0.33449622988700867,0.4338729679584503,-0.15950672328472137,0.9999714493751526
54,11,0.37300920486450195,0.48332679271698,-0.07790357619524002,0.9999900460243225
54,12,0.31857627630233765,0.494157612323761,-0.022388314828276634,0.9999327659606934
54,13,0.39673373103141785,0.5433030128479004,-0.06091294065117836,0.996941864490509
54,14,0.3150225281715393,0.5673034191131592,0.02412865310907364,0.7198967337608337
54,15,0.3702631890773773,0.5876269340515137,-0.12050053477287292,0.9872132539749146
54,16,0.30892470479011536,0.6110231876373291,-0.04128207266330719,0.6355686187744141
54,17,0.362629234790802,0.6013799905776978,-0.14065754413604736,0.9671792984008789
54,18,0.30861571431159973,0.6255993843078613,-0.05772780627012253,0.5926247239112854
54,19,0.3592455983161926,0.5887570977210999,-0.1541145294904709,0.9680545330047607
54,20,0.30842897295951843,0.6137683391571045,-0.07679611444473267,0.6060613989830017
54,21,0.36044344305992126,0.5838184952735901,-0.12547408044338226,0.9494004249572754
54,22,0.31086206436157227,0.6129477024078369,-0.050437625497579575,0.5456785559654236
54,23,0.35985663533210754,0.6341875791549683,-0.009086493402719498,0.9998122453689575
54,24,0.3289535939693451,0.6356765627861023,0.009125735610723495,0.9998713135719299
54,25,0.3638868033885956,0.7505090236663818,-0.03718959167599678,0.9634990096092224
54,26,0.33478838205337524,0.7611386179924011,-0.00657836627215147,0.9871442317962646
54,27,0.3650170564651489,0.7181044816970825,0.2353089153766632,0.7293996810913086
54,28,0.34239718317985535,0.862720787525177,0.08416811376810074,0.9499577879905701
54,29,0.3663051128387451,0.7074178457260132,0.2630569636821747,0.6417114734649658
54,30,0.34808334708213806,0.880481481552124,0.09012749791145325,0.8310005068778992
54,31,0.36979031562805176,0.7349721193313599,0.2542269825935364,0.7790848016738892
54,32,0.3365941643714905,0.8947901129722595,0.02132699452340603,0.9571589827537537
55,0,0.33580636978149414,0.4234165847301483,-0.19503703713417053,0.9999793767929077
55,1,0.3396168351173401,0.4141407310962677,-0.1842653453350067,0.9999488592147827
55,2,0.3420145511627197,0.41428014636039734,-0.18430286645889282,0.9999502301216125
55,3,0.3448011875152588,0.4147544503211975,-0.18435685336589813,0.9999544024467468
55,4,0.3340018689632416,0.41439583897590637,-0.18042448163032532,0.9999339580535889
55,5,0.3323172330856323,0.41469526290893555,-0.180411234498024,0.9999115467071533
55,6,0.3308063745498657,0.41523489356040955,-0.18040935695171356,0.9998952150344849
55,7,0.35078713297843933,0.4206558167934418,-0.11422327160835266,0.999928891658783
55,8,0.33104339241981506,0.4215247929096222,-0.09734873473644257,0.9995970129966736
55,9,0.34007084369659424,0.43503737449645996,-0.1687617152929306,0.9999854564666748
55,10,0.3335426151752472,0.4348161220550537,-0.1639379858970642,0.9999732971191406
55,11,0.37228924036026,0.4848640263080597,-0.07890413701534271,0.9999895095825195
55,12,0.3167376220226288,0.49573755264282227,-0.02355971187353134,0.9999338984489441
55,13,0.395952969789505,0.5434109568595886,-0.06290490925312042,0.9968544244766235
55,14,0.31262966990470886,0.5672909021377563,0.02082405984401703,0.7221494317054749
55,15,0.3722703754901886,0.5919665098190308,-0.12693320214748383,0.9848538041114807
55,16,0.3056926429271698,0.608238935470581,-0.05099279433488846,0.6392058730125427
55,17,0.3655872046947479,0.6075628995895386,-0.14822080731391907,0.9600158929824829
55,18,0.3053024709224701,0.621715784072876,-0.0681162029504776,0.5971593856811523
55,19,0.3620930016040802,0.5965842604637146,-0.1611437350511551,0.9607014656066895
55,20,0.30593132972717285,0.6079210042953491,-0.08725693821907043,0.6103865504264832
55,21,0.36317235231399536,0.5917419791221619,-0.13204199075698853,0.9419084191322327
55,22,0.3077564239501953,0.6096991300582886,-0.0602627731859684,0.5533955097198486
55,23,0.3591631352901459,0.6346209049224854,-0.01203989889472723,0.9998208284378052
55,24,0.3286720812320709,0.6366753578186035,0.012087573297321796,0.9998806715011597
55,25,0.3610977530479431,0.7485278844833374,-0.052606500685214996,0.9588087201118469
55,26,0.3350355625152588,0.7579981088638306,0.013894638046622276,0.9849550127983093
55,27,0.36280199885368347,0.7057092189788818,0.21635258197784424,0.6705277562141418
55,28,0.34240078926086426,0.8604555130004883,0.13342604041099548,0.9499449729919434
55,29,0.36445051431655884,0.6913599371910095,0.24377162754535675,0.6028220653533936
55,30,0.3478930592536926,0.8777140974998474,0.14329597353935242,0.8329918384552002
55,31,0.36582422256469727,0.7184637784957886,0.2535734474658966,0.7213066816329956
55,32,0.3359048664569855,0.8922435641288757,0.08723951131105423,0.9531665444374084
56,0,0.3353462517261505,0.4245830476284027,-0.18719328939914703,0.9999803900718689
56,1,0.3393469750881195,0.41526833176612854,-0.17681336402893066,0.9999511241912842
56,2,0.34196698665618896,0.4154593050479889,-0.1768508404493332,0.9999518990516663
56,3,0.344686359167099,0.41592538356781006,-0.1769043356180191,0.9999560117721558
56,4,0.33355364203453064,0.41529303789138794,-0.17289334535598755,0.9999371767044067
56,5,0.3318200707435608,0.41547200083732605,-0.17289042472839355,0.9999157786369324
56,6,0.33021724224090576,0.4158353805541992,-0.17288725078105927,0.9999005198478699
56,7,0.35055485367774963,0.4222354590892792,-0.10739908367395401,0.9999333620071411
56,8,0.33053743839263916,0.4224903881549835,-0.09077983349561691,0.9996168613433838
56,9,0.3400176763534546,0.4363456964492798,-0.16097573935985565,0.999986469745636
56,10,0.33316248655319214,0.43604451417922974,-0.1561836451292038,0.9999750256538391
56,11,0.37201204895973206,0.4863467216491699,-0.06931232661008835,0.9999890327453613
56,12,0.3162684142589569,0.49731573462486267,-0.01786193996667862,0.9999348521232605
56,13,0.3955000340938568,0.5446425676345825,-0.056848831474781036,0.996901273727417
56,14,0.3146688640117645,0.5675276517868042,0.015436551533639431,0.7207643985748291
56,15,0.3733844757080078,0.5922806262969971,-0.1283475160598755,0.9844571352005005
56,16,0.3079221248626709,0.5978138446807861,-0.0814041793346405,0.651605486869812
56,17,0.3671296536922455,0.605862557888031,-0.1496375948190689,0.9583269357681274
56,18,0.3071478009223938,0.6066271662712097,-0.10139751434326172,0.6125354170799255
56,19,0.36360934376716614,0.5961853265762329,-0.16107802093029022,0.9590566754341125
56,20,0.3069971203804016,0.596383273601532,-0.1184609979391098,0.625734806060791
56,21,0.3647582530975342,0.5915780067443848,-0.13267262279987335,0.9403673410415649
56,22,0.30844545364379883,0.5948399305343628,-0.09027519822120667,0.570736289024353
56,23,0.3585737347602844,0.6353541016578674,-0.010999972000718117,0.9998246431350708
56,24,0.328220009803772,0.6368201971054077,0.011026890017092228,0.9998886585235596
56,25,0.3597741723060608,0.7485382556915283,-0.046983614563941956,0.9528110027313232
56,26,0.3350525200366974,0.7538855075836182,-0.004993155132979155,0.9826754927635193
56,27,0.36283233761787415,0.713591992855072,0.2168377786874771,0.6186473965644836
56,28,0.34235265851020813,0.8587635159492493,0.09336325526237488,0.9513391256332397
56,29,0.3629485070705414,0.7004172205924988,0.24319972097873688,0.5672200918197632
56,30,0.34793728590011597,0.8765790462493896,0.10027424991130829,0.8341358304023743
56,31,0.3641759157180786,0.7324648499488831,0.23853091895580292,0.6738600730895996
56,32,0.33560383319854736,0.8921711444854736,0.035395149141550064,0.9517967104911804
57,0,0.3335767686367035,0.4262180030345917,-0.19782748818397522,0.9999821782112122
57,1,0.33701416850090027,0.4166240394115448,-0.19041046500205994,0.999955415725708
57,2,0.3395746052265167,0.4166998863220215,-0.19042901694774628,0.9999560117721558
57,3,0.3422495722770691,0.4169374704360962,-0.1904480755329132,0.9999597072601318
57,4,0.3312937319278717,0.41687023639678955,-0.18336999416351318,0.9999426603317261
57,5,0.329646497964859,0.4170636534690857,-0.18338000774383545,0.9999232292175293
57,6,0.3280194401741028,0.41745880246162415,-0.18336310982704163,0.9999094605445862
57,7,0.3483484387397766,0.4229501187801361,-0.12595690786838531,0.9999395608901978
57,8,0.3283842206001282,0.42384934425354004,-0.09453395754098892,0.999650776386261
57,9,0.338347852230072,0.43771275877952576,-0.17281177639961243,0.9999876618385315
57,10,0.33154022693634033,0.43759915232658386,-0.1638876050710678,0.9999772906303406
57,11,0.3707134425640106,0.4867958426475525,-0.09218542277812958,0.9999896883964539
57,12,0.31482580304145813,0.4966512620449066,-0.013767479918897152,0.9999390840530396
57,13,0.3946688175201416,0.5444085597991943,-0.08693217486143112,0.9971344470977783
57,14,0.31273841857910156,0.5679992437362671,-0.0039600348100066185,0.7350537776947021
57,15,0.37553006410598755,0.591329038143158,-0.15728041529655457,0.9854626059532166
57,16,0.30189722776412964,0.5851684212684631,-0.14047771692276,0.6824622750282288
57,17,0.3703977167606354,0.6039698719978333,-0.18101797997951508,0.9604304432868958
57,18,0.2988099753856659,0.5900605916976929,-0.16313554346561432,0.6457770466804504
57,19,0.3665047883987427,0.5950391888618469,-0.19085855782032013,0.961127519607544
57,20,0.29886409640312195,0.5780941247940063,-0.18072088062763214,0.6580491065979004
57,21,0.36738649010658264,0.5908134579658508,-0.1616724133491516,0.9433701634407043
57,22,0.30100399255752563,0.5758072733879089,-0.1503806710243225,0.6067410707473755
57,23,0.35526782274246216,0.6377099752426147,-0.026530331000685692,0.9998387098312378
57,24,0.32524558901786804,0.6406000256538391,0.026514478027820587,0.9998987913131714
57,25,0.34639984369277954,0.7400689125061035,-0.060775261372327805,0.9559851288795471
57,26,0.33187898993492126,0.7550818920135498,0.003880247939378023,0.9817187190055847
57,27,0.36371102929115295,0.727128803730011,0.19765499234199524,0.6374933123588562
57,28,0.3422915041446686,0.8576913475990295,0.10259750485420227,0.9549070000648499
57,29,0.3666026294231415,0.716789186000824,0.2228756844997406,0.5750760436058044
57,30,0.3479221761226654,0.8758220672607422,0.1086227148771286,0.844627320766449
57,31,0.36579352617263794,0.7750438451766968,0.2029571384191513,0.6931857466697693
57,32,0.3345385193824768,0.8926861882209778,0.04340033605694771,0.9547007083892822
58,0,0.3324834704399109,0.42552873492240906,-0.18521085381507874,0.9999837875366211
58,1,0.3360200822353363,0.41572248935699463,-0.17736028134822845,0.9999594688415527
58,2,0.3385685682296753,0.41545411944389343,-0.1773192137479782,0.9999599456787109
58,3,0.3413160741329193,0.41536009311676025,-0.17731226980686188,0.9999632239341736
58,4,0.33024442195892334,0.4166813790798187,-0.16970305144786835,0.9999479651451111
58,5,0.3285401165485382,0.41699931025505066,-0.16974061727523804,0.9999303817749023
58,6,0.3270133435726166,0.41743752360343933,-0.16972753405570984,0.9999179840087891
58,7,0.3473774790763855,0.4213546812534332,-0.11680331081151962,0.999945342540741
58,8,0.32762980461120605,0.42367905378341675,-0.08026853948831558,0.9996829628944397
58,9,0.337580144405365,0.43675264716148376,-0.16103188693523407,0.9999887347221375
58,10,0.33072614669799805,0.43685856461524963,-0.15129537880420685,0.9999793171882629
58,11,0.36983808875083923,0.4861796796321869,-0.08544614911079407,0.9999898076057434
58,12,0.31398895382881165,0.49377667903900146,-0.0057723307982087135,0.9999406933784485
58,13,0.39396411180496216,0.5432872772216797,-0.06752731651067734,0.9972963333129883
58,14,0.3013403117656708,0.5634331107139587,-0.039493054151535034,0.755619466304779
58,15,0.3760094940662384,0.5879425406455994,-0.1182984784245491,0.9860493540763855
58,16,0.3009946346282959,0.5742523670196533,-0.19393841922283173,0.7112404108047485
58,17,0.37075984477996826,0.6001877784729004,-0.1352834850549698,0.9615858793258667
58,18,0.3004787266254425,0.5749809145927429,-0.2175900787115097,0.6761495471000671
58,19,0.36695826053619385,0.5915586948394775,-0.14099998772144318,0.9622063040733337
58,20,0.301008939743042,0.5641694068908691,-0.22581180930137634,0.6871558427810669
58,21,0.3679107129573822,0.5874749422073364,-0.11931324005126953,0.9447387456893921
58,22,0.30265986919403076,0.5625683069229126,-0.20007269084453583,0.6388216018676758
58,23,0.35397592186927795,0.6367632746696472,-0.029094696044921875,0.9998525381088257
58,24,0.32376641035079956,0.6384902596473694,0.02900984324514866,0.9999067783355713
58,25,0.3415590226650238,0.7261453866958618,-0.1846664845943451,0.960075855255127
58,26,0.32844078540802,0.7538584470748901,0.016037272289395332,0.9796115756034851
58,27,0.36302563548088074,0.7441526651382446,0.016069376841187477,0.6697074770927429
58,28,0.34216347336769104,0.8568815588951111,0.1135483980178833,0.9582594633102417
58,29,0.3665984570980072,0.727891743183136,0.03531710430979729,0.6026738882064819
58,30,0.34812724590301514,0.8761779069900513,0.11920877546072006,0.8550491333007812
58,31,0.36369743943214417,0.7923043370246887,0.0009811806958168745,0.7207623720169067
58,32,0.3318573534488678,0.8948426842689514,0.056437890976667404,0.9574116468429565
59,0,0.3325578272342682,0.42426759004592896,-0.18763497471809387,0.9999852180480957
59,1,0.3359743654727936,0.4141939580440521,-0.1787845492362976,0.9999630451202393
59,2,0.33845341205596924,0.4137910306453705,-0.17873576283454895,0.9999634027481079
59,3,0.34105581045150757,0.41365182399749756,-0.1787298619747162,0.9999662637710571
59,4,0.3302079439163208,0.41541606187820435,-0.17266161739826202,0.9999526739120483
59,5,0.32848066091537476,0.41581395268440247,-0.1727210283279419,0.9999368190765381
59,6,0.32686376571655273,0.4163545072078705,-0.17271000146865845,0.9999256730079651
59,7,0.34653979539871216,0.41895169019699097,-0.11478212475776672,0.9999504089355469
59,8,0.3269479274749756,0.42235898971557617,-0.08531492203474045,0.9997124075889587
59,9,0.33756497502326965,0.4352129101753235,-0.16244952380657196,0.9999896883964539
59,10,0.3306416869163513,0.43536272644996643,-0.15451312065124512,0.9999811053276062
59,11,0.36836767196655273,0.48341473937034607,-0.08218526095151901,0.9999895095825195
59,12,0.31305432319641113,0.48941150307655334,-0.013714773580431938,0.9999411106109619
59,13,0.39373427629470825,0.5368015170097351,-0.06761777400970459,0.9974239468574524
59,14,0.29401469230651855,0.5622639656066895,-0.06539101898670197,0.7777339220046997
59,15,0.3766375780105591,0.5854694843292236,-0.12726257741451263,0.9864674806594849
59,16,0.2995653748512268,0.557420015335083,-0.2215292900800705,0.7388538122177124
59,17,0.3709898889064789,0.5974117517471313,-0.14490674436092377,0.9622586965560913
59,18,0.3007896840572357,0.5605371594429016,-0.2458905428647995,0.7059177756309509
59,19,0.3673020601272583,0.5883377194404602,-0.15019410848617554,0.9628227353096008
59,20,0.3025165796279907,0.551302433013916,-0.2506401538848877,0.7157363891601562
59,21,0.3684847056865692,0.5842339992523193,-0.1283818632364273,0.9453861713409424
59,22,0.3036632239818573,0.54924476146698,-0.22584396600723267,0.6707631349563599
59,23,0.35417914390563965,0.6298695802688599,-0.0298335961997509,0.9998642206192017
59,24,0.3245132267475128,0.634518563747406,0.02972286380827427,0.9999130964279175
59,25,0.3387877941131592,0.7179831862449646,-0.2015497237443924,0.963832676410675
59,26,0.32883745431900024,0.7524877190589905,0.014977828599512577,0.9781169891357422
59,27,0.36208435893058777,0.7520318627357483,-0.013486865907907486,0.7006551623344421
59,28,0.3416862487792969,0.856332540512085,0.10950605571269989,0.9616941809654236
59,29,0.36641255021095276,0.7394590973854065,0.004170476458966732,0.6310873031616211
59,30,0.34814050793647766,0.8761433362960815,0.1149388998746872,0.8656009435653687
59,31,0.36161091923713684,0.8003191351890564,-0.03346293792128563,0.7468157410621643
59,32,0.3309611976146698,0.8951764702796936,0.05132553353905678,0.9603725075721741
60,0,0.3310742974281311,0.419281005859375,-0.18435987830162048,0.999986469745636
60,1,0.33463895320892334,0.41027334332466125,-0.17364928126335144,0.9999660849571228
60,2,0.336972177028656,0.40981486439704895,-0.17359811067581177,0.9999663829803467
60,3,0.33968862891197205,0.40935346484184265,-0.17359767854213715,0.9999688863754272
60,4,0.3289715349674225,0.4112412631511688,-0.16960649192333221,0.9999567866325378
60,5,0.32723909616470337,0.4116300642490387,-0.1696656197309494,0.9999425411224365
60,6,0.32559648156166077,0.4119684100151062,-0.16966457664966583,0.9999325275421143
60,7,0.3451719582080841,0.41362494230270386,-0.10420071333646774,0.999954879283905
60,8,0.32579079270362854,0.4175563156604767,-0.08456650376319885,0.9997387528419495
60,9,0.3360239863395691,0.43051594495773315,-0.15778213739395142,0.9999905228614807
60,10,0.32925575971603394,0.43054425716400146,-0.15238860249519348,0.9999825954437256
60,11,0.3667277991771698,0.47600919008255005,-0.061397917568683624,0.9999894499778748
60,12,0.31153208017349243,0.4826512038707733,-0.013882660306990147,0.9999405145645142
60,13,0.3938305675983429,0.5293050408363342,-0.04740377515554428,0.997531533241272
60,14,0.2900662124156952,0.5589333176612854,-0.059148963540792465,0.7985326051712036
60,15,0.37632688879966736,0.5804181098937988,-0.10757442563772202,0.9869588613510132
60,16,0.29992353916168213,0.5493872761726379,-0.2082272469997406,0.7641334533691406
60,17,0.37071216106414795,0.5960972905158997,-0.12398924678564072,0.963154137134552
60,18,0.3024560213088989,0.5496101975440979,-0.23315168917179108,0.7334450483322144
60,19,0.3667612671852112,0.5866343975067139,-0.13050958514213562,0.9636902809143066
60,20,0.3038294315338135,0.5372815728187561,-0.2363937497138977,0.7421776652336121
60,21,0.3679540455341339,0.5833911895751953,-0.10897643864154816,0.9463326334953308
60,22,0.3049335479736328,0.5353334546089172,-0.2114417552947998,0.7003147602081299
60,23,0.3535614311695099,0.6191427707672119,-0.026735184714198112,0.9998744130134583
60,24,0.3241423964500427,0.6275004744529724,0.026627028360962868,0.9999178647994995
60,25,0.33656203746795654,0.7130255103111267,-0.21829372644424438,0.9672009348869324
60,26,0.3277093768119812,0.7485557198524475,-0.0037165903486311436,0.9762998223304749
60,27,0.3609738349914551,0.7640694379806519,-0.05105675756931305,0.7287985682487488
60,28,0.3405601978302002,0.8560126423835754,0.08650441467761993,0.9645276069641113
60,29,0.3660455346107483,0.7573894262313843,-0.035820476710796356,0.6549559235572815
60,30,0.34728291630744934,0.8760535717010498,0.0914982333779335,0.8731039762496948
60,31,0.3577282726764679,0.8144528865814209,-0.08619288355112076,0.7704743146896362
60,32,0.3308209180831909,0.8964568376541138,0.02013695053756237,0.9626613259315491
61,0,0.3302200734615326,0.41407516598701477,-0.16343535482883453,0.9999875426292419
61,1,0.3338828980922699,0.4050922095775604,-0.1528485119342804,0.9999687075614929
61,2,0.33640819787979126,0.40470090508461,-0.15281029045581818,0.9999688863754272
61,3,0.33911916613578796,0.4041944742202759,-0.15281803905963898,0.9999710321426392
61,4,0.32823628187179565,0.4059329628944397,-0.14835494756698608,0.9999604225158691
61,5,0.3265937268733978,0.40618690848350525,-0.1484012007713318,0.9999475479125977
61,6,0.32484498620033264,0.4065340459346771,-0.1483997106552124,0.9999386072158813
61,7,0.3447471559047699,0.40894943475723267,-0.08379495143890381,0.9999588131904602
61,8,0.3251616060733795,0.4116145372390747,-0.062233541160821915,0.999762237071991
61,9,0.3352099657058716,0.42601481080055237,-0.13698270916938782,0.9999911785125732
61,10,0.32827329635620117,0.4256618320941925,-0.1310686618089676,0.9999838471412659
61,11,0.3664403259754181,0.4712817072868347,-0.04342426732182503,0.9999894499778748
61,12,0.30996912717819214,0.4760153591632843,0.005419367924332619,0.9999417066574097
61,13,0.3934844136238098,0.5244928598403931,-0.03641998767852783,0.9975888133049011
61,14,0.2894670069217682,0.5530213117599487,-0.04549306258559227,0.8170291185379028
61,15,0.3760829567909241,0.5727267265319824,-0.0952334851026535,0.9871166944503784
61,16,0.29893314838409424,0.5407939553260803,-0.2058180719614029,0.7869942784309387
61,17,0.3703286647796631,0.5900170207023621,-0.11222203820943832,0.9633091688156128
61,18,0.3025144636631012,0.5403470993041992,-0.2317882776260376,0.7585397362709045
61,19,0.36634716391563416,0.5814767479896545,-0.11614228785037994,0.9637835621833801
61,20,0.30398666858673096,0.5280694365501404,-0.23533399403095245,0.7663202881813049
61,21,0.36754941940307617,0.5771905183792114,-0.09559694677591324,0.9460316896438599
61,22,0.3047412037849426,0.526649534702301,-0.20951329171657562,0.7275006175041199
61,23,0.35230785608291626,0.6116307973861694,-0.029674364253878593,0.9998841881752014
61,24,0.32254621386528015,0.6197376251220703,0.029586520045995712,0.9999225735664368
61,25,0.33401110768318176,0.702054500579834,-0.23299875855445862,0.9702534079551697
61,26,0.32786163687705994,0.7486478686332703,-0.004107039421796799,0.9737206697463989
61,27,0.3585522174835205,0.7759805917739868,-0.08257108926773071,0.7547803521156311
61,28,0.33920708298683167,0.8551839590072632,0.0888640508055687,0.9670112133026123
61,29,0.36466458439826965,0.7762643694877625,-0.06919578462839127,0.6801528334617615
61,30,0.34578630328178406,0.873299777507782,0.09400404989719391,0.8808460235595703
61,31,0.35276296734809875,0.8242629766464233,-0.12404332309961319,0.7922825217247009
61,32,0.3298690617084503,0.8968539237976074,0.022313367575407028,0.9647629857063293
62,0,0.33036115765571594,0.4066145420074463,-0.14608867466449738,0.9999884963035583
62,1,0.33385375142097473,0.3970889747142792,-0.13499757647514343,0.9999711513519287
62,2,0.3365059196949005,0.39667654037475586,-0.13496917486190796,0.9999712109565735
62,3,0.3389100730419159,0.39640045166015625,-0.13497649133205414,0.9999730587005615
62,4,0.3281378448009491,0.39797377586364746,-0.13148237764835358,0.9999637603759766
62,5,0.3265502154827118,0.3981761336326599,-0.131515234708786,0.9999521374702454
62,6,0.3247963786125183,0.398560106754303,-0.13150352239608765,0.9999441504478455
62,7,0.3440796136856079,0.40136998891830444,-0.0646832138299942,0.9999623894691467
62,8,0.32482632994651794,0.4040800631046295,-0.04806780815124512,0.9997838735580444
62,9,0.3356696367263794,0.41910049319267273,-0.11911903321743011,0.999991774559021
62,10,0.3283158540725708,0.41853660345077515,-0.11466997861862183,0.9999850392341614
62,11,0.36525118350982666,0.4643270969390869,-0.03157716989517212,0.9999897480010986
62,12,0.3086088001728058,0.4663681983947754,0.021213693544268608,0.9999424815177917
62,13,0.3928217887878418,0.5171647071838379,-0.03661274164915085,0.9976843595504761
62,14,0.2886282801628113,0.5416365265846252,-0.03308572992682457,0.8335128426551819
62,15,0.3758132755756378,0.566195547580719,-0.11095370352268219,0.9874593019485474
62,16,0.299205482006073,0.5305538773536682,-0.1930360496044159,0.8074589967727661
62,17,0.36991044878959656,0.5822933912277222,-0.13185180723667145,0.9641209244728088
62,18,0.30318108201026917,0.5327548980712891,-0.21950745582580566,0.7808944582939148
62,19,0.3660108149051666,0.5733891129493713,-0.13478563725948334,0.9645533561706543
62,20,0.3040481507778168,0.522752046585083,-0.22276198863983154,0.7878314852714539
62,21,0.3672555088996887,0.5690214037895203,-0.1115424782037735,0.9468787312507629
62,22,0.3054216504096985,0.5210028290748596,-0.19662943482398987,0.7517592310905457
62,23,0.35117876529693604,0.6059091687202454,-0.03360416740179062,0.9998918771743774
62,24,0.32267311215400696,0.6144829392433167,0.033544011414051056,0.9999249577522278
62,25,0.3322226107120514,0.701820433139801,-0.20804820954799652,0.9729337096214294
62,26,0.32575100660324097,0.7338247895240784,0.0009364296565763652,0.9684032797813416
62,27,0.3570476472377777,0.7910500168800354,-0.06443901360034943,0.7781772017478943
62,28,0.33767181634902954,0.8501523733139038,0.08820600062608719,0.9688743948936462
62,29,0.36317700147628784,0.7971182465553284,-0.05182690545916557,0.7026237845420837
62,30,0.3435727655887604,0.865071713924408,0.09273593872785568,0.8874546885490417
62,31,0.34783968329429626,0.8422357439994812,-0.10489415377378464,0.8118606209754944
62,32,0.33028796315193176,0.8962169289588928,0.024109695106744766,0.9661481976509094
63,0,0.33038637042045593,0.40106746554374695,-0.148967906832695,0.9999893307685852
63,1,0.33392804861068726,0.3917195200920105,-0.13738150894641876,0.9999732375144958
63,2,0.33646032214164734,0.3913956880569458,-0.13735726475715637,0.9999732375144958
63,3,0.33880800008773804,0.39130765199661255,-0.1373671293258667,0.9999747276306152
63,4,0.32783451676368713,0.3925309181213379,-0.1343880444765091,0.9999666810035706
63,5,0.32621169090270996,0.3927329182624817,-0.1344214677810669,0.9999561905860901
63,6,0.324468195438385,0.39305391907691956,-0.13441233336925507,0.9999490976333618
63,7,0.3436443507671356,0.3959539234638214,-0.06453825533390045,0.999965488910675
63,8,0.32400089502334595,0.39788323640823364,-0.05068189278244972,0.999803364276886
63,9,0.33581629395484924,0.41336047649383545,-0.1210155040025711,0.9999921917915344
63,10,0.3279394805431366,0.4128232002258301,-0.11732286214828491,0.9999860525131226
63,11,0.3641319274902344,0.4585307836532593,-0.029811076819896698,0.9999898076057434
63,12,0.3063003718852997,0.46083903312683105,0.02089427039027214,0.9999424815177917
63,13,0.39150598645210266,0.5127761960029602,-0.03977338597178459,0.9977222681045532
63,14,0.28528478741645813,0.5337291955947876,-0.034867700189352036,0.8488936424255371
63,15,0.37577003240585327,0.5599916577339172,-0.12387439608573914,0.9875161647796631
63,16,0.2995000183582306,0.5237206220626831,-0.1994480937719345,0.826020359992981
63,17,0.3696249723434448,0.575468122959137,-0.14446718990802765,0.9642309546470642
63,18,0.3032611012458801,0.5248334407806396,-0.2258531153202057,0.8011563420295715
63,19,0.3658002018928528,0.5665515065193176,-0.14961686730384827,0.9646189212799072
63,20,0.3050781786441803,0.5149182677268982,-0.22710955142974854,0.8073118925094604
63,21,0.367136687040329,0.5622549653053284,-0.12520518898963928,0.9467424750328064
63,22,0.305736243724823,0.5134365558624268,-0.20198336243629456,0.7737047672271729
63,23,0.3500825762748718,0.6025953888893127,-0.03411340340971947,0.9998978972434998
63,24,0.3220159411430359,0.610473096370697,0.03407669439911842,0.9999252557754517
63,25,0.3291317820549011,0.7009516954421997,-0.22067897021770477,0.9752329587936401
63,26,0.32516926527023315,0.7298668026924133,0.0013485209783539176,0.9608960747718811
63,27,0.35068461298942566,0.8018431663513184,-0.07943905889987946,0.7986762523651123
63,28,0.3367491364479065,0.8451797962188721,0.08851874619722366,0.9695960283279419
63,29,0.3590671718120575,0.7862855792045593,-0.06716803461313248,0.7211030125617981
63,30,0.3429921269416809,0.8590446710586548,0.09303361177444458,0.8912659287452698
63,31,0.3441532850265503,0.8407490253448486,-0.12273553013801575,0.8289461135864258
63,32,0.330161988735199,0.8959196209907532,0.02324758470058441,0.9661059975624084
64,0,0.33036497235298157,0.39527687430381775,-0.15057753026485443,0.999989926815033
64,1,0.3341198265552521,0.3860010504722595,-0.13798221945762634,0.9999748468399048
64,2,0.33654940128326416,0.3860207200050354,-0.13795411586761475,0.9999747276306152
64,3,0.3389587104320526,0.3863637447357178,-0.13796554505825043,0.9999759197235107
64,4,0.3276319205760956,0.3864130675792694,-0.13568098843097687,0.9999691247940063
64,5,0.3258604109287262,0.3865920603275299,-0.13571247458457947,0.9999597072601318
64,6,0.3242325782775879,0.38699421286582947,-0.13570228219032288,0.9999534487724304
64,7,0.3434503674507141,0.3912990689277649,-0.061045341193675995,0.9999678730964661
64,8,0.3234906792640686,0.39189550280570984,-0.05123370140790939,0.9998205900192261
64,9,0.33570998907089233,0.4073127806186676,-0.12137456983327866,0.999992311000824
64,10,0.32744327187538147,0.4066063165664673,-0.11872194707393646,0.9999866485595703
64,11,0.3624702990055084,0.4535735845565796,-0.020905878394842148,0.9999897480010986
64,12,0.3050939738750458,0.4557669758796692,0.018118297681212425,0.9999404549598694
64,13,0.38967224955558777,0.5082852244377136,-0.018645768985152245,0.9976229667663574
64,14,0.2817477285861969,0.5274719595909119,-0.039985835552215576,0.862947940826416
64,15,0.3755476474761963,0.5546504259109497,-0.09858118742704391,0.9872767329216003
64,16,0.29992198944091797,0.5200595259666443,-0.20500902831554413,0.8427667617797852
64,17,0.3694329857826233,0.5699328780174255,-0.12097233533859253,0.9637020230293274
64,18,0.3039715588092804,0.5200603604316711,-0.232913538813591,0.8194084167480469
64,19,0.3657306134700775,0.5611196756362915,-0.12523823976516724,0.9641186594963074
64,20,0.3062364459037781,0.5098550915718079,-0.2339252233505249,0.8248763680458069
64,21,0.36702272295951843,0.5568000078201294,-0.10019666701555252,0.9457493424415588
64,22,0.30585116147994995,0.5085504651069641,-0.20741118490695953,0.793446958065033
64,23,0.3493530750274658,0.5968313813209534,-0.031635306775569916,0.9998995065689087
64,24,0.3210326135158539,0.6029850840568542,0.03161466494202614,0.9999145269393921
64,25,0.3293658196926117,0.6956562995910645,-0.21971850097179413,0.9768974781036377
64,26,0.32567062973976135,0.7250677347183228,-0.004613738041371107,0.9437466263771057
64,27,0.3434032201766968,0.8138165473937988,-0.10600465536117554,0.8170701861381531
64,28,0.3345169425010681,0.8377237915992737,0.08221548050642014,0.9661579132080078
64,29,0.3515789210796356,0.809467613697052,-0.09750550985336304,0.7369984984397888
64,30,0.3394961953163147,0.8539629578590393,0.08677791804075241,0.8875486850738525
64,31,0.3400559723377228,0.8529207110404968,-0.17060424387454987,0.8439133167266846
64,32,0.3292301595211029,0.8918495774269104,0.014493805356323719,0.9617524743080139
65,0,0.33040064573287964,0.38879260420799255,-0.14317212998867035,0.9999902248382568
65,1,0.33403852581977844,0.38054153323173523,-0.1291322410106659,0.9999758005142212
65,2,0.3365684449672699,0.3807099163532257,-0.12911096215248108,0.9999755024909973
65,3,0.33898356556892395,0.3808608055114746,-0.12912210822105408,0.999976396560669
65,4,0.32729095220565796,0.380414754152298,-0.1282237023115158,0.9999709129333496
65,5,0.3253958821296692,0.3805449604988098,-0.12826131284236908,0.9999625086784363
65,6,0.323566198348999,0.3807774484157562,-0.12825052440166473,0.9999570846557617
65,7,0.343112975358963,0.3862265944480896,-0.04768382012844086,0.9999691247940063
65,8,0.32245326042175293,0.38634493947029114,-0.044656820595264435,0.9998355507850647
65,9,0.3355269432067871,0.40041986107826233,-0.11249299347400665,0.9999918341636658
65,10,0.32693278789520264,0.39943405985832214,-0.1117384284734726,0.9999866485595703
65,11,0.3620385229587555,0.44961458444595337,0.003462668042629957,0.9999889135360718
65,12,0.3041760325431824,0.45121023058891296,0.015829097479581833,0.9999356865882874
65,13,0.38771018385887146,0.505565345287323,0.018247483298182487,0.9972245693206787
65,14,0.2797190546989441,0.5206239223480225,-0.0424388125538826,0.8760120868682861
65,15,0.3752748668193817,0.5507377982139587,-0.06132816895842552,0.9868072271347046
65,16,0.3001956343650818,0.5162951946258545,-0.20233289897441864,0.857934832572937
65,17,0.3694130480289459,0.5654235482215881,-0.08248671889305115,0.9628099799156189
65,18,0.3042505383491516,0.5165205001831055,-0.23156757652759552,0.8359308838844299
65,19,0.36560970544815063,0.5572330355644226,-0.08965805917978287,0.9633600115776062
65,20,0.30704551935195923,0.5060333013534546,-0.2321172058582306,0.840804934501648
65,21,0.3668856620788574,0.5529022812843323,-0.0644293799996376,0.9443620443344116
65,22,0.3060632348060608,0.5047358274459839,-0.20449072122573853,0.8113259673118591
65,23,0.34800368547439575,0.5929943323135376,-0.021331289783120155,0.999897301197052
65,24,0.3189292848110199,0.5970109701156616,0.021375464275479317,0.9998905062675476
65,25,0.3295426666736603,0.6933923363685608,-0.20376481115818024,0.977759063243866
65,26,0.32588520646095276,0.7161822319030762,-0.019596293568611145,0.9332862496376038
65,27,0.33828186988830566,0.8190197348594666,-0.12506404519081116,0.8334379196166992
65,28,0.332673043012619,0.8284047842025757,0.06792491674423218,0.9626504778862
65,29,0.34227046370506287,0.8322125673294067,-0.12119005620479584,0.7487942576408386
65,30,0.33628442883491516,0.8466266393661499,0.07190009951591492,0.8777956366539001
65,31,0.33614352345466614,0.8626919388771057,-0.21324393153190613,0.857478141784668
65,32,0.3287116587162018,0.878452718257904,-0.014047675766050816,0.9576861262321472
66,0,0.3302890956401825,0.3861672580242157,-0.15112988650798798,0.9999903440475464
66,1,0.3340308964252472,0.37682098150253296,-0.1373225450515747,0.9999762177467346
66,2,0.3365783989429474,0.3769664168357849,-0.13730275630950928,0.9999756813049316
66,3,0.33905309438705444,0.3771851360797882,-0.1373172104358673,0.9999762773513794
66,4,0.3271099627017975,0.3766321539878845,-0.1365993469953537,0.9999722838401794
66,5,0.32497307658195496,0.3767170011997223,-0.13663393259048462,0.9999648332595825
66,6,0.3230871558189392,0.3767884075641632,-0.13662570714950562,0.9999602437019348
66,7,0.34287941455841064,0.38241133093833923,-0.05418316647410393,0.9999695420265198
66,8,0.32164785265922546,0.3821083605289459,-0.053227875381708145,0.9998489022254944
66,9,0.3353487551212311,0.39719870686531067,-0.12013474106788635,0.9999909400939941
66,10,0.3265421390533447,0.39612507820129395,-0.11974696069955826,0.9999864101409912
66,11,0.361399382352829,0.44584983587265015,0.0017745316727086902,0.9999877214431763
66,12,0.30260971188545227,0.4483307898044586,0.011460465379059315,0.9999319911003113
66,13,0.38534247875213623,0.5046830773353577,0.023857781663537025,0.9967163801193237
66,14,0.2766837477684021,0.517473578453064,-0.05527571961283684,0.8879230618476868
66,15,0.3747537136077881,0.5469180345535278,-0.05272813141345978,0.9861779808998108
66,16,0.2984325885772705,0.5147129893302917,-0.21413907408714294,0.8716491460800171
66,17,0.36931702494621277,0.5620887279510498,-0.07268112897872925,0.9614951610565186
66,18,0.30446484684944153,0.5140326619148254,-0.24355919659137726,0.8508824706077576
66,19,0.365549236536026,0.5545100569725037,-0.08034376800060272,0.9622125625610352
66,20,0.3070816993713379,0.5020254850387573,-0.24443475902080536,0.8552284240722656
66,21,0.36674147844314575,0.5499521493911743,-0.056089479476213455,0.9424769878387451
66,22,0.306104451417923,0.5008088946342468,-0.2163381427526474,0.8275885581970215
66,23,0.34725409746170044,0.5923318266868591,-0.016598770394921303,0.9998924136161804
66,24,0.31774330139160156,0.5957675576210022,0.016652582213282585,0.9998657703399658
66,25,0.32863155007362366,0.6942623257637024,-0.1938496232032776,0.978733241558075
66,26,0.32578590512275696,0.7160654067993164,-0.022532138973474503,0.9263749718666077
66,27,0.3367065489292145,0.8187580704689026,-0.11437610536813736,0.8483622670173645
66,28,0.33236831426620483,0.8232589960098267,0.0667436420917511,0.9607393741607666
66,29,0.3394685685634613,0.8317994475364685,-0.11053138226270676,0.7615269422531128
66,30,0.33516690135002136,0.8403734564781189,0.07089100033044815,0.8714995384216309
66,31,0.3330523669719696,0.8647471070289612,-0.2026730179786682,0.8698872327804565
66,32,0.3278752863407135,0.8745258450508118,-0.014931080862879753,0.9554206132888794
67,0,0.32997724413871765,0.3828784227371216,-0.13396184146404266,0.9999905228614807
67,1,0.3337401747703552,0.3731209337711334,-0.1189885288476944,0.9999768137931824
67,2,0.33633601665496826,0.3733467757701874,-0.1189679354429245,0.9999760389328003
67,3,0.33882370591163635,0.37368226051330566,-0.11897993087768555,0.9999764561653137
67,4,0.32683509588241577,0.37296926975250244,-0.11861642450094223,0.9999737739562988
67,5,0.32465577125549316,0.3731677532196045,-0.11865826696157455,0.999967098236084
67,6,0.3227332830429077,0.37338805198669434,-0.11865796893835068,0.9999632239341736
67,7,0.34249377250671387,0.37972357869148254,-0.03619354963302612,0.9999701380729675
67,8,0.32123103737831116,0.37987008690834045,-0.035717956721782684,0.9998612999916077
67,9,0.33504730463027954,0.3940190374851227,-0.103035107254982,0.9999901056289673
67,10,0.32624614238739014,0.3932736814022064,-0.1030195876955986,0.9999861717224121
67,11,0.36174482107162476,0.4441225230693817,0.014110018499195576,0.9999860525131226
67,12,0.30253976583480835,0.4457830786705017,0.017822036519646645,0.9999305605888367
67,13,0.38408827781677246,0.5050851702690125,0.031409408897161484,0.9960628151893616
67,14,0.275395005941391,0.5149254202842712,-0.04583238065242767,0.8986142873764038
67,15,0.3741462230682373,0.5444998741149902,-0.04327576607465744,0.9851862192153931
67,16,0.297746866941452,0.5151366591453552,-0.1985972821712494,0.8839616775512695
67,17,0.3692474663257599,0.5598248243331909,-0.06320036202669144,0.9596135020256042
67,18,0.3043976426124573,0.5142423510551453,-0.22706358134746552,0.8642263412475586
67,19,0.36547961831092834,0.5523020625114441,-0.07071133702993393,0.9605135321617126
67,20,0.3070288896560669,0.5025696754455566,-0.22850199043750763,0.8680921792984009
67,21,0.3666248917579651,0.547721803188324,-0.04665156453847885,0.9397937059402466
67,22,0.3059573769569397,0.5013081431388855,-0.20110853016376495,0.8420804738998413
67,23,0.34706738591194153,0.5911504626274109,-0.01632056199014187,0.9998924136161804
67,24,0.3174344301223755,0.5931576490402222,0.016374927014112473,0.999856173992157
67,25,0.3278672695159912,0.6939534544944763,-0.20062091946601868,0.9791200160980225
67,26,0.3244105279445648,0.7190516591072083,-0.021218668669462204,0.9167285561561584
67,27,0.33453547954559326,0.8196109533309937,-0.13919489085674286,0.8615049719810486
67,28,0.3320499658584595,0.8234902620315552,0.06484360247850418,0.9577167630195618
67,29,0.33716118335723877,0.8337005972862244,-0.13698720932006836,0.7717230319976807
67,30,0.3346141576766968,0.8438852429389954,0.06856764853000641,0.8647885918617249
67,31,0.3291843831539154,0.8665416240692139,-0.23109063506126404,0.8809407353401184
67,32,0.32484155893325806,0.8749996423721313,-0.0170966237783432,0.9523175358772278
68,0,0.32934513688087463,0.3808214068412781,-0.07376015931367874,0.9999909400939941
68,1,0.333343505859375,0.37101057171821594,-0.058499764651060104,0.9999781250953674
68,2,0.33597129583358765,0.37137120962142944,-0.058495938777923584,0.9999772310256958
68,3,0.33849942684173584,0.37184756994247437,-0.05850866436958313,0.999977707862854
68,4,0.326312780380249,0.37065520882606506,-0.05823329836130142,0.9999757409095764
68,5,0.3241250514984131,0.3707684874534607,-0.05826733261346817,0.9999697804450989
68,6,0.3221645653247833,0.3711239695549011,-0.05826883018016815,0.9999665021896362
68,7,0.34213632345199585,0.37772849202156067,0.017607655376195908,0.9999707937240601
68,8,0.3205709159374237,0.3777269423007965,0.017218349501490593,0.9998739957809448
68,9,0.3343166410923004,0.3919781446456909,-0.04570296034216881,0.9999894499778748
68,10,0.3253862261772156,0.3915883004665375,-0.04597022756934166,0.9999862313270569
68,11,0.36170217394828796,0.4430047571659088,0.054905202239751816,0.9999859929084778
68,12,0.3023902177810669,0.44458910822868347,0.05629482492804527,0.999931812286377
68,13,0.3824683427810669,0.504934549331665,0.06967804580926895,0.9946660399436951
68,14,0.27383822202682495,0.5128630995750427,-0.010321090929210186,0.9078797101974487
68,15,0.37400203943252563,0.5452803373336792,0.00826394185423851,0.9835593700408936
68,16,0.2971409559249878,0.5169969797134399,-0.16171085834503174,0.8947251439094543
68,17,0.3693113923072815,0.5593747496604919,-0.009144235402345657,0.9570525884628296
68,18,0.30436569452285767,0.5167771577835083,-0.19000965356826782,0.8756360411643982
68,19,0.36545705795288086,0.5521551370620728,-0.016302792355418205,0.9579776525497437
68,20,0.3069133460521698,0.5056990385055542,-0.18975278735160828,0.8789699673652649
68,21,0.36655935645103455,0.5477970242500305,0.005033294204622507,0.9365665912628174
68,22,0.3057023882865906,0.5044077038764954,-0.16359341144561768,0.8542844653129578
68,23,0.34718406200408936,0.5912286639213562,-0.015894167125225067,0.999900221824646
68,24,0.3171786069869995,0.591696560382843,0.015960343182086945,0.9998588562011719
68,25,0.3272893726825714,0.6957138776779175,-0.14787817001342773,0.9777169823646545
68,26,0.32407695055007935,0.7202582359313965,-0.0022702396381646395,0.896487832069397
68,27,0.32958129048347473,0.8406126499176025,-0.14728087186813354,0.8718007206916809
68,28,0.3317471742630005,0.8146057724952698,0.10802352428436279,0.9279389977455139
68,29,0.32854360342025757,0.8588021993637085,-0.15229366719722748,0.7666179537773132
68,30,0.3311481177806854,0.8349409699440002,0.11589083820581436,0.8208548426628113
68,31,0.3221977949142456,0.8871250152587891,-0.24683597683906555,0.8893308639526367
68,32,0.32317522168159485,0.8540058732032776,0.051926612854003906,0.9329801797866821
69,0,0.3292401432991028,0.37993261218070984,-0.023691385984420776,0.9999916553497314
69,1,0.33322247862815857,0.37098655104637146,-0.0067509980872273445,0.9999799728393555
69,2,0.3358408510684967,0.3711351454257965,-0.0067650252021849155,0.9999790787696838
69,3,0.3383868336677551,0.37142056226730347,-0.006786754820495844,0.9999796152114868
69,4,0.32612118124961853,0.37104418873786926,-0.007447317708283663,0.9999779462814331
69,5,0.32387298345565796,0.3712874948978424,-0.007461205590516329,0.9999725222587585
69,6,0.32171961665153503,0.3716980814933777,-0.007465544156730175,0.9999696612358093
69,7,0.34187591075897217,0.37657079100608826,0.06948419660329819,0.9999729990959167
69,8,0.32000330090522766,0.37751513719558716,0.06404167413711548,0.9998862147331238
69,9,0.33427736163139343,0.39127546548843384,0.0038303248584270477,0.9999897480010986
69,10,0.3252566456794739,0.39139237999916077,0.00209267670288682,0.999987006187439
69,11,0.36127281188964844,0.44417276978492737,0.09995657205581665,0.9999861717224121
69,12,0.30174872279167175,0.44454142451286316,0.09440111368894577,0.9999340176582336
69,13,0.38214990496635437,0.5063158273696899,0.1038803905248642,0.99226313829422
69,14,0.27249205112457275,0.5103317499160767,0.032912783324718475,0.915664792060852
69,15,0.37399813532829285,0.5447352528572083,0.029473554342985153,0.9806748032569885
69,16,0.296269953250885,0.5199691653251648,-0.10595901310443878,0.9035838842391968
69,17,0.36934754252433777,0.557891845703125,0.009085308760404587,0.9525755643844604
69,18,0.3039548695087433,0.5213277339935303,-0.13166925311088562,0.8842236995697021
69,19,0.36553487181663513,0.5504676699638367,0.004369944799691439,0.9536185264587402
69,20,0.306498646736145,0.5121472477912903,-0.1322844922542572,0.8870059251785278
69,21,0.36651796102523804,0.5462350249290466,0.02647315338253975,0.9310411214828491
69,22,0.305083692073822,0.5105820894241333,-0.10796865075826645,0.8630404472351074
69,23,0.34685978293418884,0.593277096748352,-0.012402843683958054,0.9999070167541504
69,24,0.31673112511634827,0.5928128957748413,0.012511556036770344,0.9998604655265808
69,25,0.3263621926307678,0.6984857320785522,-0.1520998775959015,0.9734829664230347
69,26,0.3241273760795593,0.7214342951774597,-0.0009194317972287536,0.8658540844917297
69,27,0.3257496953010559,0.8528555035591125,-0.1770482361316681,0.8779301047325134
69,28,0.3314341902732849,0.8204520344734192,0.08936480432748795,0.891991376876831
69,29,0.32200002670288086,0.8753146529197693,-0.18405194580554962,0.7565348744392395
69,30,0.3286634087562561,0.8384418487548828,0.09205632656812668,0.7750744223594666
69,31,0.3184160888195038,0.8904229402542114,-0.280338317155838,0.8945221304893494
69,32,0.3187757432460785,0.8594735860824585,0.04247986897826195,0.9066064953804016
70,0,0.32913124561309814,0.3805248737335205,-0.06445448100566864,0.9999916553497314
70,1,0.3331912159919739,0.37107473611831665,-0.04971150681376457,0.9999806880950928
70,2,0.3358091413974762,0.37117472290992737,-0.04972757026553154,0.999979555606842
70,3,0.3383471369743347,0.37136977910995483,-0.049744613468647,0.9999802112579346
70,4,0.3259360194206238,0.3711419403553009,-0.04988488182425499,0.9999791979789734
70,5,0.3235386908054352,0.37146949768066406,-0.04989893361926079,0.999974250793457
70,6,0.32130342721939087,0.3719235360622406,-0.04990239441394806,0.9999719858169556
70,7,0.3417540192604065,0.3763493299484253,0.026318838819861412,0.9999721050262451
70,8,0.3193959891796112,0.3776450753211975,0.0229690819978714,0.9998962879180908
70,9,0.33413130044937134,0.3924454152584076,-0.0363125316798687,0.9999889731407166
70,10,0.32500123977661133,0.39292410016059875,-0.037285204976797104,0.9999869465827942
70,11,0.3603917360305786,0.44516894221305847,0.06417588889598846,0.9999853372573853
70,12,0.300674170255661,0.44344279170036316,0.06603372097015381,0.9999341368675232
70,13,0.38000085949897766,0.5073802471160889,0.07586918771266937,0.9901716709136963
70,14,0.2711958885192871,0.5112143754959106,0.020923005416989326,0.9225122928619385
70,15,0.37309232354164124,0.5456773042678833,-0.00385812995955348,0.9773353934288025
70,16,0.29526326060295105,0.5231688022613525,-0.12077482044696808,0.9113699197769165
70,17,0.3690502941608429,0.5581499934196472,-0.026564911007881165,0.948103129863739
70,18,0.30265355110168457,0.5247679352760315,-0.14780938625335693,0.89187091588974
70,19,0.36533838510513306,0.5508891940116882,-0.03536210581660271,0.9493913650512695
70,20,0.30496683716773987,0.5131402611732483,-0.15239770710468292,0.8942163586616516
70,21,0.36603280901908875,0.5467013716697693,-0.00865914672613144,0.9260530471801758
70,22,0.303463876247406,0.5113816261291504,-0.12450651824474335,0.8711309432983398
70,23,0.3455653190612793,0.5943141579627991,-0.011538294143974781,0.9999045729637146
70,24,0.3160368502140045,0.5949349999427795,0.011662410572171211,0.9998370409011841
70,25,0.32660436630249023,0.7203245162963867,-0.08178602904081345,0.9685372710227966
70,26,0.32179608941078186,0.7225126624107361,-0.0028624001424759626,0.8475238680839539
70,27,0.3206390142440796,0.8641099333763123,-0.1333988904953003,0.883425772190094
70,28,0.328363835811615,0.8165169358253479,0.10410822927951813,0.8481684923171997
70,29,0.3166264295578003,0.8848041296005249,-0.10816755890846252,0.7545500993728638
70,30,0.32415008544921875,0.8313828110694885,0.11177527904510498,0.7320132851600647
70,31,0.31592217087745667,0.8988022208213806,-0.187832310795784,0.8958376049995422
70,32,0.31591808795928955,0.8516606092453003,0.05659637972712517,0.8681655526161194
71,0,0.32850658893585205,0.3810397982597351,-0.08128725737333298,0.9999916553497314
71,1,0.3327411115169525,0.3713672161102295,-0.06758564710617065,0.999981164932251
71,2,0.3353843092918396,0.37151801586151123,-0.06760695576667786,0.9999798536300659
71,3,0.3379859924316406,0.3717593848705292,-0.06763173639774323,0.9999806880950928
71,4,0.32536423206329346,0.3713034689426422,-0.06677445024251938,0.9999802708625793
71,5,0.322893887758255,0.3716028034687042,-0.06677725911140442,0.9999755620956421
71,6,0.3208165764808655,0.3720129728317261,-0.06678116321563721,0.9999738931655884
71,7,0.3414292335510254,0.3772125244140625,0.007796231657266617,0.9999701976776123
71,8,0.31906211376190186,0.37800365686416626,0.009371399879455566,0.9999049305915833
71,9,0.3333674669265747,0.39359021186828613,-0.05313175544142723,0.999988853931427
71,10,0.32415321469306946,0.39383482933044434,-0.05263892561197281,0.9999871850013733
71,11,0.3596704602241516,0.4456915259361267,0.04670696705579758,0.9999849796295166
71,12,0.2988060712814331,0.44381436705589294,0.0589895024895668,0.9999335408210754
71,13,0.3787972033023834,0.5078418254852295,0.058313481509685516,0.9883486032485962
71,14,0.26980364322662354,0.5125879049301147,0.031505029648542404,0.9281486868858337
71,15,0.3717174530029297,0.546298086643219,-0.02700858563184738,0.9721028208732605
71,16,0.29439082741737366,0.5235926508903503,-0.10473042726516724,0.9170275926589966
71,17,0.3686317801475525,0.5583989024162292,-0.05086752027273178,0.9416319131851196
71,18,0.3014132082462311,0.5287613272666931,-0.13310681283473969,0.8966773152351379
71,19,0.36488908529281616,0.5513833165168762,-0.05974797531962395,0.9431856274604797
71,20,0.3039466440677643,0.5195665955543518,-0.14045579731464386,0.8985653519630432
71,21,0.36511918902397156,0.5472615957260132,-0.0321873277425766,0.9186792373657227
71,22,0.3025434911251068,0.5176469683647156,-0.10965350270271301,0.8759282827377319
71,23,0.3438311815261841,0.60063636302948,-0.012789839878678322,0.9999061822891235
71,24,0.3135778307914734,0.5964779853820801,0.012868637219071388,0.9998078346252441
71,25,0.3266022205352783,0.7331620454788208,-0.07370666414499283,0.968383252620697
71,26,0.3200055658817291,0.7235185503959656,0.020374849438667297,0.8365433216094971
71,27,0.31768566370010376,0.8730745315551758,-0.11495095491409302,0.8925542831420898
71,28,0.3188280761241913,0.7800688743591309,0.18706823885440826,0.799618661403656
71,29,0.3144371509552002,0.8937373757362366,-0.09213967621326447,0.7639681100845337
71,30,0.31944915652275085,0.781683623790741,0.20206604897975922,0.6943986415863037
71,31,0.31336864829063416,0.9092747569084167,-0.17332744598388672,0.9024009704589844
71,32,0.3103894889354706,0.8101617097854614,0.16775193810462952,0.8297641277313232
72,0,0.32806697487831116,0.38214296102523804,-0.09197121113538742,0.9999912977218628
72,1,0.3323729634284973,0.372355192899704,-0.0783943235874176,0.999981164932251
72,2,0.33496159315109253,0.37247732281684875,-0.07841602712869644,0.9999796152114868
72,3,0.3376004099845886,0.37271150946617126,-0.07844213396310806,0.999980628490448
72,4,0.3249277174472809,0.3722938597202301,-0.07755233347415924,0.9999808073043823
72,5,0.32240498065948486,0.37253955006599426,-0.07755867391824722,0.9999762177467346
72,6,0.32039210200309753,0.37300726771354675,-0.07756277918815613,0.9999752640724182
72,7,0.340963214635849,0.37822869420051575,-0.0015798965469002724,0.9999679327011108
72,8,0.31868433952331543,0.37904584407806396,0.0003495016717351973,0.9999122023582458
72,9,0.33283209800720215,0.39503899216651917,-0.06313532590866089,0.9999883770942688
72,10,0.32368752360343933,0.39520198106765747,-0.06251858919858932,0.9999870657920837
72,11,0.3592042326927185,0.4466879665851593,0.03915955498814583,0.9999844431877136
72,12,0.297776460647583,0.44500765204429626,0.05192897841334343,0.9999319314956665
72,13,0.378381609916687,0.5083286762237549,0.04950948432087898,0.9865812063217163
72,14,0.26972898840904236,0.5133978128433228,0.026852654293179512,0.9329679012298584
72,15,0.3706311285495758,0.5472025871276855,-0.0357346385717392,0.9667192697525024
72,16,0.291496604681015,0.5278454422950745,-0.1090918481349945,0.921818196773529
72,17,0.3680805563926697,0.5595847368240356,-0.05735136568546295,0.9349841475486755
72,18,0.2982991337776184,0.538502037525177,-0.13831619918346405,0.9006372690200806
72,19,0.3642290234565735,0.5523476600646973,-0.07567053288221359,0.9368923902511597
72,20,0.30135834217071533,0.5294362902641296,-0.14786367118358612,0.902312695980072
72,21,0.3641534447669983,0.5481976270675659,-0.03487980738282204,0.9113384485244751
72,22,0.30009570717811584,0.5264673829078674,-0.11506517976522446,0.880125105381012
72,23,0.3417653441429138,0.6094047427177429,-0.013533259741961956,0.9999042749404907
72,24,0.31106966733932495,0.6028858423233032,0.013610731810331345,0.9997711181640625
72,25,0.32573625445365906,0.7401008009910583,-0.07468775659799576,0.9671896696090698
72,26,0.31690409779548645,0.7355927228927612,0.02173459529876709,0.8234156370162964
72,27,0.3155393898487091,0.8786647915840149,-0.1094355508685112,0.8999698758125305
72,28,0.31646907329559326,0.7967414855957031,0.17847840487957,0.7568297386169434
72,29,0.3129385709762573,0.8999571204185486,-0.08695399761199951,0.7688503265380859
72,30,0.3185729384422302,0.8027782440185547,0.19181251525878906,0.659814715385437
72,31,0.3108023405075073,0.9166178107261658,-0.17212271690368652,0.9071527123451233
72,32,0.309326708316803,0.8303940296173096,0.14860226213932037,0.7949633598327637
73,0,0.32737433910369873,0.3830590546131134,-0.12730517983436584,0.99998939037323
73,1,0.33185866475105286,0.3732263147830963,-0.11518913507461548,0.9999760985374451
73,2,0.3344647288322449,0.3733478784561157,-0.11521008610725403,0.9999738931655884
73,3,0.3371428847312927,0.3735876679420471,-0.11523280292749405,0.9999757409095764
73,4,0.3243643641471863,0.3731807470321655,-0.11468315869569778,0.9999775290489197
73,5,0.32185542583465576,0.37339216470718384,-0.1146913468837738,0.9999723434448242
73,6,0.3199136555194855,0.37385615706443787,-0.11472269147634506,0.9999729990959167
73,7,0.34060078859329224,0.37910470366477966,-0.039677657186985016,0.9999434351921082
73,8,0.3183450400829315,0.37982356548309326,-0.038452692329883575,0.9999130368232727
73,9,0.3321264684200287,0.39596718549728394,-0.09854117035865784,0.9999858736991882
73,10,0.3229824900627136,0.3960697054862976,-0.09807374328374863,0.9999849200248718
73,11,0.35887855291366577,0.4469282627105713,0.013963032513856888,0.9999828934669495
73,12,0.2967146933078766,0.44582968950271606,0.017016354948282242,0.9999291896820068
73,13,0.37802448868751526,0.5084471702575684,0.0463656447827816,0.9850381016731262
73,14,0.2681565582752228,0.5125085711479187,0.03290954604744911,0.9381389021873474
73,15,0.36989882588386536,0.548064112663269,-0.058063805103302,0.9608539342880249
73,16,0.2906869947910309,0.5389836430549622,-0.05113784596323967,0.9252578020095825
73,17,0.36709338426589966,0.5596444606781006,-0.08270078897476196,0.9271363615989685
73,18,0.2968498170375824,0.5494583249092102,-0.07280169427394867,0.9015178084373474
73,19,0.3631119728088379,0.5530373454093933,-0.09940523654222488,0.9293913245201111
73,20,0.30002275109291077,0.5406686067581177,-0.0859946608543396,0.9029316306114197
73,21,0.3630949556827545,0.5490566492080688,-0.06472557783126831,0.902296781539917
73,22,0.29880091547966003,0.5375636219978333,-0.05683283135294914,0.8810529708862305
73,23,0.34002426266670227,0.6141240000724792,-0.011090746149420738,0.9998978972434998
73,24,0.3084588050842285,0.6069499850273132,0.011176910251379013,0.9997227787971497
73,25,0.3251887559890747,0.7461531162261963,-0.052610184997320175,0.9673600196838379
73,26,0.3180660009384155,0.7383998036384583,0.016485417261719704,0.8231731057167053
73,27,0.3166911005973816,0.8831828832626343,-0.047298580408096313,0.907799243927002
73,28,0.31162580847740173,0.7717286944389343,0.20596428215503693,0.7169046401977539
73,29,0.3147120475769043,0.9022998809814453,-0.04888729006052017,0.7756565809249878
73,30,0.3119397759437561,0.7681591510772705,0.22394290566444397,0.6294126510620117
73,31,0.3108385503292084,0.9262222051620483,-0.12936419248580933,0.9125304222106934
73,32,0.30337560176849365,0.805060088634491,0.1992013156414032,0.76398766040802
74,0,0.3268761932849884,0.38375452160835266,-0.1539449840784073,0.9999872446060181
74,1,0.3313142657279968,0.373934268951416,-0.1427512764930725,0.9999704360961914
74,2,0.33392783999443054,0.3740469515323639,-0.14279167354106903,0.9999684691429138
74,3,0.33667460083961487,0.3742665946483612,-0.14282947778701782,0.999971330165863
74,4,0.32373034954071045,0.3739059269428253,-0.14143545925617218,0.9999723434448242
74,5,0.3212085962295532,0.37412452697753906,-0.14142104983329773,0.9999663829803467
74,6,0.3192731738090515,0.3745533227920532,-0.14145228266716003,0.9999682903289795
74,7,0.3400646448135376,0.3797130584716797,-0.07095085829496384,0.9999247193336487
74,8,0.31758254766464233,0.3805221915245056,-0.06620543450117111,0.9999101161956787
74,9,0.33160480856895447,0.39636048674583435,-0.12671566009521484,0.9999837875366211
74,10,0.3223874568939209,0.3963717818260193,-0.12518630921840668,0.9999825358390808
74,11,0.35894379019737244,0.45193201303482056,-0.019439196214079857,0.9999790787696838
74,12,0.2961740791797638,0.4476221203804016,-0.006071421783417463,0.9999139308929443
74,13,0.3781605362892151,0.5142572522163391,0.009831806644797325,0.9850133657455444
74,14,0.26789095997810364,0.51363205909729,0.030250007286667824,0.9425570368766785
74,15,0.3677828907966614,0.555736243724823,-0.07653859257698059,0.9582688212394714
74,16,0.2897917628288269,0.5515313744544983,-0.03915886580944061,0.9237298369407654
74,17,0.36479419469833374,0.5652395486831665,-0.09806658327579498,0.9244966506958008
74,18,0.29536107182502747,0.5595171451568604,-0.0574117936193943,0.8935412764549255
74,19,0.36097607016563416,0.5577505230903625,-0.11408384144306183,0.9265428185462952
74,20,0.2983075976371765,0.551261305809021,-0.07134927809238434,0.8952927589416504
74,21,0.36114466190338135,0.554671049118042,-0.08330939710140228,0.8979542255401611
74,22,0.29719260334968567,0.54844069480896,-0.04513026773929596,0.8748610615730286
74,23,0.3384513258934021,0.620396614074707,-0.008786828257143497,0.9998523592948914
74,24,0.30518803000450134,0.6108682155609131,0.008880101144313812,0.999442458152771
74,25,0.3244987428188324,0.7556319832801819,-0.037348467856645584,0.9679899215698242
74,26,0.31592753529548645,0.7255198955535889,-0.03293395787477493,0.8259088397026062
74,27,0.3161175847053528,0.8905179500579834,-0.03177639842033386,0.9155014157295227
74,28,0.3101707696914673,0.7040654420852661,0.17700010538101196,0.6754105687141418
74,29,0.3133821189403534,0.9069209694862366,-0.03548603877425194,0.7900411486625671
74,30,0.3116360902786255,0.6942063570022583,0.18292775750160217,0.6086127758026123
74,31,0.3119635283946991,0.9293058514595032,-0.10947464406490326,0.9185948371887207
74,32,0.30181705951690674,0.7233951687812805,0.1301649510860443,0.7327235341072083
75,0,0.3263958692550659,0.38646256923675537,-0.17396928369998932,0.9999861121177673
75,1,0.3310239911079407,0.37697139382362366,-0.1628657430410385,0.9999676942825317
75,2,0.3337215483188629,0.3772570788860321,-0.16290491819381714,0.9999657869338989
75,3,0.33649080991744995,0.37752681970596313,-0.16293403506278992,0.9999688863754272
75,4,0.3232104480266571,0.37691769003868103,-0.16126538813114166,0.9999695420265198
75,5,0.3206249475479126,0.3771410286426544,-0.16125954687595367,0.9999631643295288
75,6,0.3186359405517578,0.37727612257003784,-0.16128894686698914,0.9999659061431885
75,7,0.3398534953594208,0.3820651173591614,-0.0883549228310585,0.9999155402183533
75,8,0.3170609474182129,0.38216274976730347,-0.08214642107486725,0.9999122023582458
75,9,0.33129531145095825,0.40139248967170715,-0.1455395221710205,0.9999834299087524
75,10,0.3219602108001709,0.4006332755088806,-0.14357484877109528,0.9999821186065674
75,11,0.35908594727516174,0.4579114019870758,-0.03414982929825783,0.9999774694442749
75,12,0.2956130802631378,0.45189327001571655,-0.013373591005802155,0.9999106526374817
75,13,0.3784772753715515,0.5306053757667542,-0.01629020832479,0.9856792092323303
75,14,0.2672218382358551,0.5139917135238647,0.03842993453145027,0.9472230076789856
75,15,0.36598026752471924,0.5592687726020813,-0.11247693002223969,0.9585630297660828
75,16,0.28589215874671936,0.5597758889198303,-0.01862572878599167,0.9266896843910217
75,17,0.361452579498291,0.567042887210846,-0.13482443988323212,0.9250929951667786
75,18,0.291506290435791,0.5682244300842285,-0.0346573069691658,0.8933884501457214
75,19,0.35792964696884155,0.5594241619110107,-0.147621750831604,0.9268856644630432
75,20,0.29467225074768066,0.5597513318061829,-0.04833443835377693,0.8954101204872131
75,21,0.35880449414253235,0.5562782287597656,-0.11803536117076874,0.8978375792503357
75,22,0.2933996915817261,0.5561966300010681,-0.023953303694725037,0.8761997222900391
75,23,0.33738449215888977,0.6316409111022949,-0.008984783664345741,0.9998122453689575
75,24,0.30272939801216125,0.6205617189407349,0.009059345349669456,0.9992185235023499
75,25,0.3230907618999481,0.7656596302986145,-0.019183577969670296,0.9689282178878784
75,26,0.3060987889766693,0.7298052310943604,-0.03377562016248703,0.8341562151908875
75,27,0.31570276618003845,0.892894983291626,0.013613597489893436,0.9225876927375793
75,28,0.30439236760139465,0.6981885433197021,0.16023986041545868,0.6377546787261963
75,29,0.31306910514831543,0.9097062945365906,0.01287011243402958,0.8020714521408081
75,30,0.3073592185974121,0.6850271821022034,0.17770643532276154,0.5902490019798279
75,31,0.31179386377334595,0.9307945966720581,-0.05919642001390457,0.9245461225509644
75,32,0.2974820137023926,0.7183318734169006,0.1622534990310669,0.7050808072090149
76,0,0.32575279474258423,0.3880845010280609,-0.17125585675239563,0.9999857544898987
76,1,0.33049848675727844,0.37813690304756165,-0.16006223857402802,0.9999676942825317
76,2,0.33326542377471924,0.3783983886241913,-0.1600765734910965,0.9999657869338989
76,3,0.33603668212890625,0.3787369132041931,-0.16009515523910522,0.9999688863754272
76,4,0.3226250410079956,0.37794026732444763,-0.15766817331314087,0.9999686479568481
76,5,0.32011428475379944,0.37803569436073303,-0.15768344700336456,0.9999622106552124
76,6,0.31811198592185974,0.37819331884384155,-0.15769371390342712,0.9999654293060303
76,7,0.33943814039230347,0.3837515711784363,-0.0863417312502861,0.9999143481254578
76,8,0.3165261149406433,0.3833644986152649,-0.0763951987028122,0.9999147057533264
76,9,0.3306550681591034,0.40326082706451416,-0.1431814283132553,0.999984085559845
76,10,0.32123005390167236,0.402683287858963,-0.14021091163158417,0.9999822974205017
76,11,0.3591465950012207,0.4616438150405884,-0.03875244781374931,0.9999783635139465
76,12,0.2944904863834381,0.45389243960380554,-0.005846492480486631,0.9999105930328369
76,13,0.37849342823028564,0.5374489426612854,-0.028574138879776,0.986075222492218
76,14,0.2661789655685425,0.5146104097366333,0.045090679079294205,0.9504544138908386
76,15,0.36317873001098633,0.5638281106948853,-0.1272733211517334,0.9584689140319824
76,16,0.2834685742855072,0.5669445395469666,-0.01412414200603962,0.9282682538032532
76,17,0.3570035994052887,0.5719284415245056,-0.1498129814863205,0.9244508743286133
76,18,0.28874102234840393,0.5773990750312805,-0.03048013150691986,0.8925029039382935
76,19,0.353840708732605,0.5634092092514038,-0.16085796058177948,0.9260856509208679
76,20,0.292091965675354,0.5690637230873108,-0.04386264085769653,0.8943161368370056
76,21,0.3554650843143463,0.5600135922431946,-0.13215483725070953,0.8969011902809143
76,22,0.29087182879447937,0.5649136900901794,-0.019629228860139847,0.8750728964805603
76,23,0.3365970253944397,0.6364176869392395,-0.012865874916315079,0.9998140931129456
76,24,0.30027660727500916,0.6252647638320923,0.012872735969722271,0.999159038066864
76,25,0.32372623682022095,0.7685182094573975,-0.021720334887504578,0.9704544544219971
76,26,0.29590263962745667,0.749067485332489,-0.0037055311258882284,0.8445014953613281
76,27,0.31566908955574036,0.8924030065536499,0.04643313214182854,0.929286539554596
76,28,0.2958485186100006,0.700951099395752,0.230774387717247,0.6101710200309753
76,29,0.31397390365600586,0.909545361995697,0.04948496073484421,0.8073889017105103
76,30,0.2989610731601715,0.686042308807373,0.2544425129890442,0.5741778612136841
76,31,0.3115668296813965,0.9283788800239563,-0.01955878734588623,0.929966390132904
76,32,0.29145723581314087,0.7226930856704712,0.25374332070350647,0.6854640245437622
77,0,0.32535797357559204,0.39019522070884705,-0.17523516714572906,0.9999855160713196
77,1,0.33005431294441223,0.38042140007019043,-0.16355100274085999,0.9999687075614929
77,2,0.3328801989555359,0.38077113032341003,-0.16355478763580322,0.9999667406082153
77,3,0.33564692735671997,0.38120198249816895,-0.16356277465820312,0.9999697208404541
77,4,0.322081595659256,0.37975797057151794,-0.16149236261844635,0.9999687671661377
77,5,0.3195626139640808,0.37972769141197205,-0.1615055501461029,0.9999624490737915
77,6,0.31749746203422546,0.37982839345932007,-0.1615075170993805,0.9999660849571228
77,7,0.3390536904335022,0.3859816789627075,-0.0885680541396141,0.9999158382415771
77,8,0.3156074285507202,0.38506364822387695,-0.08017050474882126,0.9999183416366577
77,9,0.33031827211380005,0.40499311685562134,-0.1467675417661667,0.9999849796295166
77,10,0.3205273449420929,0.40427887439727783,-0.1442485898733139,0.9999828934669495
77,11,0.35835474729537964,0.46587154269218445,-0.04324980825185776,0.999979555606842
77,12,0.2922726571559906,0.45645877718925476,-0.008738623932003975,0.9999123811721802
77,13,0.3777252435684204,0.5424821376800537,-0.04410306364297867,0.986400842666626
77,14,0.2653021216392517,0.5173916816711426,0.036541491746902466,0.953525722026825
77,15,0.3624005913734436,0.5653737783432007,-0.16201674938201904,0.9593790173530579
77,16,0.2815534472465515,0.5751690864562988,-0.035307712852954865,0.9312533736228943
77,17,0.3558356761932373,0.5739762783050537,-0.18646490573883057,0.9260932803153992
77,18,0.28591087460517883,0.5890387296676636,-0.05444754660129547,0.8946166038513184
77,19,0.3528461754322052,0.5653932094573975,-0.19816482067108154,0.927541196346283
77,20,0.289950966835022,0.5798285007476807,-0.06730182468891144,0.8962748050689697
77,21,0.354779452085495,0.56158447265625,-0.1675618588924408,0.8987864255905151
77,22,0.28904110193252563,0.5751558542251587,-0.0409698560833931,0.8769514560699463
77,23,0.33545541763305664,0.6369853019714355,-0.01588742807507515,0.9998199939727783
77,24,0.29716384410858154,0.6292181015014648,0.015818443149328232,0.9991326928138733
77,25,0.3218081593513489,0.765788733959198,-0.018304718658328056,0.9723629355430603
77,26,0.29198193550109863,0.7592970728874207,-0.004668767098337412,0.8558213114738464
77,27,0.31674742698669434,0.8926129341125488,0.0758388414978981,0.9355464577674866
77,28,0.29881617426872253,0.7014790177345276,0.2354699671268463,0.5871291160583496
77,29,0.3152124583721161,0.9096349477767944,0.08142713457345963,0.8106614947319031
77,30,0.30324554443359375,0.6849921345710754,0.2609340250492096,0.5607807040214539
77,31,0.31207409501075745,0.9287117123603821,0.013840386644005775,0.9350864291191101
77,32,0.2971503436565399,0.7244870066642761,0.262806236743927,0.67014080286026
78,0,0.32417622208595276,0.39182406663894653,-0.20213225483894348,0.9999858140945435
78,1,0.3288525938987732,0.38208869099617004,-0.19027769565582275,0.9999697208404541
78,2,0.33167874813079834,0.38227906823158264,-0.19028258323669434,0.9999678730964661
78,3,0.3344394862651825,0.38254648447036743,-0.190294086933136,0.9999706149101257
78,4,0.32123899459838867,0.3817860186100006,-0.18645088374614716,0.9999693036079407
78,5,0.3189724385738373,0.381797194480896,-0.18646089732646942,0.9999632239341736
78,6,0.31695103645324707,0.3819665014743805,-0.1864643692970276,0.9999669194221497
78,7,0.33829206228256226,0.387470543384552,-0.114057756960392,0.9999182224273682
78,8,0.3154420256614685,0.3868028223514557,-0.09690972417593002,0.9999222755432129
78,9,0.32951563596725464,0.4058564007282257,-0.1734568178653717,0.9999860525131226
78,10,0.3198482096195221,0.40515679121017456,-0.16845250129699707,0.9999838471412659
78,11,0.3583318591117859,0.46892985701560974,-0.06698963046073914,0.9999809265136719
78,12,0.29248327016830444,0.4587849974632263,-0.020536422729492188,0.9999182224273682
78,13,0.37734293937683105,0.5472543835639954,-0.07480490952730179,0.9869844317436218
78,14,0.265278160572052,0.5194981098175049,0.034502457827329636,0.9566019177436829
78,15,0.3593798875808716,0.5680561661720276,-0.19531461596488953,0.9609827399253845
78,16,0.27812817692756653,0.5815367698669434,-0.033587224781513214,0.9348490238189697
78,17,0.35108259320259094,0.5761550068855286,-0.2215435802936554,0.9285839200019836
78,18,0.28201013803482056,0.5988820791244507,-0.05095091089606285,0.8980754613876343
78,19,0.34878572821617126,0.5663084387779236,-0.23166239261627197,0.9298809170722961
78,20,0.2860246002674103,0.5893189907073975,-0.06679476797580719,0.8995949625968933
78,21,0.35122960805892944,0.5626196265220642,-0.20036724209785461,0.9013884663581848
78,22,0.28551238775253296,0.5842137932777405,-0.040317434817552567,0.8806380033493042
78,23,0.33501073718070984,0.6404504776000977,-0.016133971512317657,0.999832272529602
78,24,0.2973906099796295,0.6319414377212524,0.016039064154028893,0.999188244342804
78,25,0.32248780131340027,0.7728434205055237,-0.019670018926262856,0.9746490120887756
78,26,0.2926691770553589,0.7682884931564331,-0.017356786876916885,0.8687694668769836
78,27,0.31690385937690735,0.8926313519477844,0.10197677463293076,0.9414905905723572
78,28,0.3001689612865448,0.7181190252304077,0.26213324069976807,0.57783043384552
78,29,0.31544217467308044,0.9111500382423401,0.11092039942741394,0.8170660138130188
78,30,0.30160582065582275,0.7120937705039978,0.29148730635643005,0.5502016544342041
78,31,0.311995267868042,0.9305350184440613,0.04275146871805191,0.9403997659683228
78,32,0.29412558674812317,0.751142680644989,0.292184978723526,0.6672704815864563
79,0,0.3230566382408142,0.3918411433696747,-0.20033299922943115,0.9999856352806091
79,1,0.32777005434036255,0.3820543885231018,-0.1879410296678543,0.9999699592590332
79,2,0.33053478598594666,0.3822510242462158,-0.18796201050281525,0.9999682903289795
79,3,0.3332534730434418,0.3825169503688812,-0.1879831701517105,0.9999710917472839
79,4,0.32031768560409546,0.3817640542984009,-0.1842622011899948,0.9999684691429138
79,5,0.31826868653297424,0.38178861141204834,-0.1842431277036667,0.9999618530273438
79,6,0.3162529766559601,0.3819526731967926,-0.1842462122440338,0.9999653100967407
79,7,0.33760541677474976,0.38784894347190857,-0.11143430322408676,0.9999194145202637
79,8,0.31483858823776245,0.3871494233608246,-0.09472639113664627,0.9999216198921204
79,9,0.3285875916481018,0.4057672321796417,-0.1718706488609314,0.9999869465827942
79,10,0.31916069984436035,0.40512606501579285,-0.16704843938350677,0.9999843835830688
79,11,0.35772889852523804,0.4699402153491974,-0.0705985501408577,0.9999825358390808
79,12,0.2915201485157013,0.4598052501678467,-0.01748581975698471,0.9999228119850159
79,13,0.37632542848587036,0.5486719012260437,-0.0997239500284195,0.9878155589103699
79,14,0.26570188999176025,0.5225380659103394,0.039646703749895096,0.9587459564208984
79,15,0.35854145884513855,0.5672000646591187,-0.25008121132850647,0.9640465378761292
79,16,0.2758964002132416,0.5853055715560913,-0.03323053941130638,0.9380903840065002
79,17,0.3492147922515869,0.5756464600563049,-0.28230020403862,0.9340793490409851
79,18,0.2777694761753082,0.6054019331932068,-0.050654780119657516,0.9015817046165466
79,19,0.34749719500541687,0.5654368996620178,-0.28978440165519714,0.9352638125419617
79,20,0.28261131048202515,0.5969846844673157,-0.06928576529026031,0.9030510187149048
79,21,0.34985530376434326,0.5619226694107056,-0.25457966327667236,0.9083308577537537
79,22,0.2828778326511383,0.5908542275428772,-0.04122456908226013,0.8844981789588928
79,23,0.33498916029930115,0.6381222605705261,-0.016588326543569565,0.999843418598175
79,24,0.29750680923461914,0.6313345432281494,0.016513675451278687,0.9992263913154602
79,25,0.32271409034729004,0.7669532895088196,-0.017597125843167305,0.9763782620429993
79,26,0.2932543158531189,0.7651528120040894,0.008155404590070248,0.8776727318763733
79,27,0.31722068786621094,0.8929634690284729,0.08987610042095184,0.9463018178939819
79,28,0.29740098118782043,0.7304026484489441,0.29209816455841064,0.5517936944961548
79,29,0.3156014680862427,0.9090423583984375,0.09728818386793137,0.8165926337242126
79,30,0.2936658561229706,0.7157343626022339,0.3206513822078705,0.5284227132797241
79,31,0.31238433718681335,0.9326387643814087,0.024884507060050964,0.9438778758049011
79,32,0.28783246874809265,0.7539877891540527,0.3156781792640686,0.6477413177490234
80,0,0.32272008061408997,0.39182379841804504,-0.21316516399383545,0.9999849796295166
80,1,0.3273584246635437,0.3818647265434265,-0.2006794661283493,0.9999690651893616
80,2,0.33005625009536743,0.38203755021095276,-0.2007180005311966,0.9999678134918213
80,3,0.3327433466911316,0.38223007321357727,-0.20075677335262299,0.9999709725379944
80,4,0.31984958052635193,0.3814883232116699,-0.1967168003320694,0.9999657273292542
80,5,0.31780001521110535,0.38145339488983154,-0.19668543338775635,0.9999580383300781
80,6,0.3158413767814636,0.3815447688102722,-0.196681946516037,0.9999606013298035
80,7,0.337041437625885,0.3877831995487213,-0.12319104373455048,0.9999191164970398
80,8,0.3140781819820404,0.387137770652771,-0.10511770099401474,0.9999159574508667
80,9,0.32812610268592834,0.405611127614975,-0.18442533910274506,0.9999876618385315
80,10,0.3187939524650574,0.4047364890575409,-0.17926351726055145,0.9999843239784241
80,11,0.3571387231349945,0.4712388813495636,-0.08373676240444183,0.9999840259552002
80,12,0.2902483642101288,0.46067875623703003,-0.023177241906523705,0.999925971031189
80,13,0.37530776858329773,0.5522185564041138,-0.11593209207057953,0.9887036681175232
80,14,0.26581642031669617,0.5245349407196045,0.04281618446111679,0.9601704478263855
80,15,0.3526463806629181,0.5675938129425049,-0.26648804545402527,0.9670650362968445
80,16,0.27452293038368225,0.5865157842636108,-0.02722424454987049,0.9395567774772644
80,17,0.3434467613697052,0.5752407312393188,-0.30017900466918945,0.9394131898880005
80,18,0.27547574043273926,0.6049652099609375,-0.04365811124444008,0.9021868705749512
80,19,0.3425379991531372,0.5639286637306213,-0.306395560503006,0.9405009746551514
80,20,0.27978017926216125,0.5976228713989258,-0.06393124163150787,0.9036876559257507
80,21,0.34484925866127014,0.5608835220336914,-0.2704326808452606,0.9151251912117004
80,22,0.28040093183517456,0.5918324589729309,-0.03582635521888733,0.8852046132087708
80,23,0.33449801802635193,0.6381420493125916,-0.016513725742697716,0.9998547434806824
80,24,0.29606005549430847,0.631676971912384,0.016448596492409706,0.9992671012878418
80,25,0.32302382588386536,0.7657751441001892,-0.014101640321314335,0.9776818752288818
80,26,0.2928430438041687,0.7637195587158203,0.013515381142497063,0.8859318494796753
80,27,0.31766948103904724,0.8924974203109741,0.09724458307027817,0.9504150748252869
80,28,0.28805848956108093,0.7307472825050354,0.3066418468952179,0.5268468260765076
80,29,0.3157798945903778,0.9083197116851807,0.1053493544459343,0.8137108087539673
80,30,0.2876882553100586,0.7180118560791016,0.3364173173904419,0.5058563947677612
80,31,0.31276410818099976,0.9316666126251221,0.03079022280871868,0.9464839696884155
80,32,0.281708687543869,0.7579532265663147,0.3292188346385956,0.6294800639152527
81,0,0.32141321897506714,0.39044496417045593,-0.19658707082271576,0.999983012676239
81,1,0.3263017535209656,0.3805079162120819,-0.1839090883731842,0.9999651908874512
81,2,0.3288966417312622,0.38071322441101074,-0.18395860493183136,0.9999650120735168
81,3,0.33163541555404663,0.3809245228767395,-0.18399621546268463,0.9999687075614929
81,4,0.3187100887298584,0.3803301453590393,-0.17954690754413605,0.9999579787254333
81,5,0.3165671229362488,0.3804444372653961,-0.1795179545879364,0.9999479055404663
81,6,0.31459254026412964,0.38046520948410034,-0.1795179396867752,0.9999491572380066
81,7,0.336093932390213,0.3871581256389618,-0.10632815212011337,0.9999133348464966
81,8,0.3129015862941742,0.38647565245628357,-0.08868207037448883,0.9999024868011475
81,9,0.32687392830848694,0.40399131178855896,-0.16791273653507233,0.9999879002571106
81,10,0.3175409436225891,0.40269970893859863,-0.162222221493721,0.9999831318855286
81,11,0.35637181997299194,0.47052425146102905,-0.06738778948783875,0.9999852776527405
81,12,0.2894565463066101,0.46015840768814087,-0.02148739993572235,0.9999284148216248
81,13,0.37346500158309937,0.5527310967445374,-0.11578970402479172,0.9894013404846191
81,14,0.26611652970314026,0.5230394601821899,0.06898302584886551,0.9611427783966064
81,15,0.34654682874679565,0.5629479289054871,-0.286294549703598,0.9697680473327637
81,16,0.27265942096710205,0.581127941608429,0.005195162259042263,0.9410034418106079
81,17,0.33763188123703003,0.5677051544189453,-0.32078298926353455,0.9441903829574585
81,18,0.2725730836391449,0.5983355045318604,-0.009918536990880966,0.903199315071106
81,19,0.3358823359012604,0.5566747188568115,-0.32654592394828796,0.9451959133148193
81,20,0.2766498625278473,0.5923128724098206,-0.029567455872893333,0.9046769142150879
81,21,0.33838844299316406,0.5543931722640991,-0.29051023721694946,0.9211599826812744
81,22,0.2777094841003418,0.5863329768180847,-0.0031849497463554144,0.8862709403038025
81,23,0.3332042098045349,0.6399718523025513,-0.012263619340956211,0.9998661279678345
81,24,0.29517272114753723,0.6321464776992798,0.012174081057310104,0.9993206858634949
81,25,0.32306161522865295,0.7760545611381531,-0.009635292924940586,0.9788837432861328
81,26,0.2929949462413788,0.762748122215271,-0.024023395031690598,0.8954558372497559
81,27,0.3178553283214569,0.8913890719413757,0.12175583094358444,0.9540612697601318
81,28,0.29110845923423767,0.734921395778656,0.2729092836380005,0.5097116231918335
81,29,0.3156142234802246,0.907339334487915,0.1324526071548462,0.8147618174552917
81,30,0.2921052575111389,0.7196620106697083,0.30297407507896423,0.4826415479183197
81,31,0.3131096363067627,0.9305420517921448,0.06075052171945572,0.9494261145591736
81,32,0.28693947196006775,0.7755446434020996,0.29405927658081055,0.6183528900146484
82,0,0.319001168012619,0.38725531101226807,-0.1887253075838089,0.9999824166297913
82,1,0.32400795817375183,0.37670430541038513,-0.1759321242570877,0.9999638199806213
82,2,0.3267730474472046,0.3770260810852051,-0.17594140768051147,0.9999637007713318
82,3,0.32936999201774597,0.37734219431877136,-0.17597606778144836,0.9999681115150452
82,4,0.3165636956691742,0.3766516447067261,-0.1761532574892044,0.9999550580978394
82,5,0.3145250976085663,0.3768969476222992,-0.17621758580207825,0.9999427795410156
82,6,0.31249257922172546,0.37715595960617065,-0.17622998356819153,0.9999442100524902
82,7,0.33446601033210754,0.3838858902454376,-0.09867091476917267,0.9999104142189026
82,8,0.31147587299346924,0.38392210006713867,-0.0736585333943367,0.9998964667320251
82,9,0.32453593611717224,0.40114954113960266,-0.1596405953168869,0.9999882578849792
82,10,0.31542930006980896,0.3996952474117279,-0.16126112639904022,0.9999828338623047
82,11,0.35430335998535156,0.4661496877670288,-0.05744568258523941,0.9999862909317017
82,12,0.28922033309936523,0.45648348331451416,0.003751652780920267,0.9999309182167053
82,13,0.37094178795814514,0.5491975545883179,-0.1091967523097992,0.990105152130127
82,14,0.266322523355484,0.5188339352607727,0.07467155903577805,0.9610056281089783
82,15,0.34151092171669006,0.5501331686973572,-0.2800132930278778,0.9724166393280029
82,16,0.27105647325515747,0.5780754685401917,-0.0015144345816224813,0.9425438046455383
82,17,0.3330163359642029,0.5516971945762634,-0.31416401267051697,0.9489848613739014
82,18,0.2703728675842285,0.594517707824707,-0.018961098045110703,0.9049842953681946
82,19,0.33029887080192566,0.5393509268760681,-0.31858423352241516,0.9498915076255798
82,20,0.27449312806129456,0.5885577201843262,-0.03892521932721138,0.9064138531684875
82,21,0.3325457274913788,0.5372804403305054,-0.28349336981773376,0.9274519681930542
82,22,0.27579814195632935,0.5823476910591125,-0.0104579608887434,0.88807213306427
82,23,0.33195915818214417,0.6389548778533936,-0.012315191328525543,0.9998747706413269
82,24,0.29427051544189453,0.6316338181495667,0.012239547446370125,0.9993681311607361
82,25,0.3232835829257965,0.7745179533958435,-0.022207822650671005,0.9801067113876343
82,26,0.29229819774627686,0.7584671378135681,-0.06577955931425095,0.904836893081665
82,27,0.3177530765533447,0.8914881348609924,0.08474865555763245,0.9575901627540588
82,28,0.2941855788230896,0.7666717171669006,0.20688794553279877,0.5146410465240479
82,29,0.31535080075263977,0.9078385233879089,0.09206818789243698,0.8159303665161133
82,30,0.29550257325172424,0.7580152750015259,0.23443949222564697,0.4709474444389343
82,31,0.312885046005249,0.9298077821731567,0.01356801763176918,0.9524712562561035
82,32,0.2891187369823456,0.8087452054023743,0.2108154296875,0.62469482421875
83,0,0.3161962032318115,0.3793965280056,-0.16918638348579407,0.9999805092811584
83,1,0.32094740867614746,0.36880770325660706,-0.15844473242759705,0.9999589323997498
83,2,0.3241153359413147,0.3692221939563751,-0.15851633250713348,0.9999595284461975
83,3,0.3269701302051544,0.3697330951690674,-0.1585577428340912,0.9999655485153198
83,4,0.31400546431541443,0.3681722581386566,-0.15245668590068817,0.9999476671218872
83,5,0.31208857893943787,0.36818116903305054,-0.15243211388587952,0.9999316334724426
83,6,0.30999720096588135,0.36838769912719727,-0.15243671834468842,0.9999334216117859
83,7,0.3326950669288635,0.3772146999835968,-0.08858932554721832,0.9999033808708191
83,8,0.30942222476005554,0.3770040273666382,-0.05607565864920616,0.9998855590820312
83,9,0.3214317560195923,0.3951401114463806,-0.14326126873493195,0.9999880194664001
83,10,0.31299930810928345,0.3934780955314636,-0.13574394583702087,0.9999819397926331
83,11,0.3520266115665436,0.4582222104072571,-0.05379531532526016,0.999987006187439
83,12,0.2882915139198303,0.4490847587585449,0.01967606693506241,0.999933123588562
83,13,0.36902692914009094,0.5480403304100037,-0.11714008450508118,0.9909138083457947
83,14,0.26649245619773865,0.5118489861488342,0.08376924693584442,0.9594722986221313
83,15,0.33629336953163147,0.5381529927253723,-0.27745547890663147,0.974972665309906
83,16,0.2700766324996948,0.5749441385269165,0.005422655027359724,0.9410117864608765
83,17,0.32744622230529785,0.5385497808456421,-0.31071674823760986,0.9535577893257141
83,18,0.26949232816696167,0.5922345519065857,-0.011353237554430962,0.9021709561347961
83,19,0.32486000657081604,0.5243906378746033,-0.3117331266403198,0.9543623924255371
83,20,0.2734723389148712,0.5856148600578308,-0.03175217658281326,0.9036375880241394
83,21,0.3271288573741913,0.5226185321807861,-0.2791787087917328,0.9335300922393799
83,22,0.27472102642059326,0.58060222864151,-0.003881842363625765,0.8848816752433777
83,23,0.3304423987865448,0.6339801549911499,-0.011361971497535706,0.9998728036880493
83,24,0.2930887043476105,0.6252025365829468,0.011354003101587296,0.9994109869003296
83,25,0.32331496477127075,0.7723178863525391,-0.023128148168325424,0.9806407690048218
83,26,0.2922883927822113,0.7347127795219421,-0.1910024732351303,0.9138264656066895
83,27,0.31777510046958923,0.890857994556427,0.07003612071275711,0.960212767124176
83,28,0.29547709226608276,0.78081214427948,0.013990103267133236,0.5407335162162781
83,29,0.3154255449771881,0.9073396325111389,0.07633096724748611,0.817955732345581
83,30,0.2971263527870178,0.778502345085144,0.03320423886179924,0.47753211855888367
83,31,0.3136442303657532,0.9290391802787781,-0.008254521526396275,0.9541387557983398
83,32,0.29321742057800293,0.8236455321311951,-0.017117105424404144,0.644953727722168
84,0,0.3142412602901459,0.37245169281959534,-0.1699478179216385,0.9999819397926331
84,1,0.3190886378288269,0.361321359872818,-0.1586417257785797,0.9999617338180542
84,2,0.3221434950828552,0.36166122555732727,-0.15869568288326263,0.9999624490737915
84,3,0.3251410126686096,0.3620947599411011,-0.1587332934141159,0.9999681115150452
84,4,0.31233543157577515,0.36073625087738037,-0.15338170528411865,0.9999510645866394
84,5,0.3103715777397156,0.3606477975845337,-0.1533574014902115,0.9999359846115112
84,6,0.3084384500980377,0.36073634028434753,-0.15335683524608612,0.9999375343322754
84,7,0.3312937915325165,0.3685266673564911,-0.08833394944667816,0.9999109506607056
84,8,0.3078480064868927,0.3688626289367676,-0.056702904403209686,0.9998945593833923
84,9,0.3189485967159271,0.3877456486225128,-0.14352822303771973,0.9999889731407166
84,10,0.3112909197807312,0.3867490589618683,-0.1359027773141861,0.9999834299087524
84,11,0.3507768213748932,0.45009732246398926,-0.0592203214764595,0.9999880790710449
84,12,0.28634294867515564,0.44280487298965454,0.02558429352939129,0.9999383091926575
84,13,0.36752763390541077,0.5418433547019958,-0.13893361389636993,0.9917216897010803
84,14,0.2666141092777252,0.5081358551979065,0.09603136777877808,0.9577935338020325
84,15,0.33111974596977234,0.5266319513320923,-0.306086927652359,0.9773579239845276
84,16,0.27023378014564514,0.5710657835006714,0.022902123630046844,0.9379194378852844
84,17,0.32084792852401733,0.5256402492523193,-0.34096235036849976,0.9578669667243958
84,18,0.2696274518966675,0.5910645127296448,0.007168484386056662,0.8971031904220581
84,19,0.31982722878456116,0.5124948024749756,-0.3411426544189453,0.95857834815979
84,20,0.27342090010643005,0.58431077003479,-0.013370032422244549,0.8986659646034241
84,21,0.3223234713077545,0.5116749405860901,-0.3076307773590088,0.9393653869628906
84,22,0.27460452914237976,0.5788527727127075,0.013762327842414379,0.8787282705307007
84,23,0.3289729058742523,0.6302214860916138,-0.012272807769477367,0.9998801350593567
84,24,0.2916848063468933,0.6173954606056213,0.012308893725275993,0.9994663000106812
84,25,0.32350897789001465,0.7715259790420532,-0.0272308811545372,0.9821348190307617
84,26,0.2903994619846344,0.70432448387146,-0.2534782588481903,0.9223488569259644
84,27,0.31788110733032227,0.8908654451370239,0.09335959702730179,0.9637954831123352
84,28,0.2963656485080719,0.7787001729011536,-0.0683993250131607,0.5827823281288147
84,29,0.3155694603919983,0.9066171646118164,0.10158907622098923,0.8285855054855347
84,30,0.2987705171108246,0.781658947467804,-0.05176132172346115,0.5131416320800781
84,31,0.31394046545028687,0.9294262528419495,0.003369506448507309,0.9578819274902344
84,32,0.2952229678630829,0.841880202293396,-0.11958667635917664,0.6773329973220825
85,0,0.3126833438873291,0.36549878120422363,-0.1694173663854599,0.9999833703041077
85,1,0.3174867331981659,0.35512983798980713,-0.15663829445838928,0.99996417760849
85,2,0.32038164138793945,0.3553363084793091,-0.15669387578964233,0.9999650120735168
85,3,0.32345619797706604,0.3556537330150604,-0.15672053396701813,0.9999703764915466
85,4,0.310949444770813,0.35457390546798706,-0.1513117104768753,0.9999541640281677
85,5,0.309015154838562,0.35449543595314026,-0.15128609538078308,0.9999400973320007
85,6,0.3071857988834381,0.3544574975967407,-0.1512741893529892,0.9999414682388306
85,7,0.329907089471817,0.3613433837890625,-0.0786476656794548,0.9999176263809204
85,8,0.3066936731338501,0.36178457736968994,-0.05213753506541252,0.999902069568634
85,9,0.3169991374015808,0.3806680738925934,-0.14088790118694305,0.9999898672103882
85,10,0.30986401438713074,0.37961751222610474,-0.13369038701057434,0.9999847412109375
85,11,0.3490302264690399,0.4417046010494232,-0.05601423978805542,0.9999890923500061
85,12,0.2846660614013672,0.4366605579853058,0.033060215413570404,0.9999422430992126
85,13,0.3658588230609894,0.5271431803703308,-0.13393282890319824,0.9924678206443787
85,14,0.26753172278404236,0.5052609443664551,0.10083740949630737,0.9520596265792847
85,15,0.32808414101600647,0.5141890048980713,-0.29455143213272095,0.9794963002204895
85,16,0.27122336626052856,0.5705599188804626,0.03008994832634926,0.9303353428840637
85,17,0.31728777289390564,0.514248251914978,-0.3287896513938904,0.9616674184799194
85,18,0.2702554166316986,0.5907317996025085,0.014057700522243977,0.8867843747138977
85,19,0.3154298961162567,0.502549409866333,-0.32723429799079895,0.962282657623291
85,20,0.2736867368221283,0.5845938324928284,-0.006451347377151251,0.8884783387184143
85,21,0.3182622790336609,0.5019086599349976,-0.2953774034976959,0.944418728351593
85,22,0.27501216530799866,0.5789281725883484,0.020899083465337753,0.8662711381912231
85,23,0.32787805795669556,0.620072066783905,-0.014585780911147594,0.9998855590820312
85,24,0.2910076975822449,0.6077142357826233,0.014618579298257828,0.999516487121582
85,25,0.3236469626426697,0.7651826739311218,-0.035115182399749756,0.9836481809616089
85,26,0.28980690240859985,0.6856026649475098,-0.2591749131679535,0.9300522804260254
85,27,0.31850266456604004,0.8894540071487427,0.10483719408512115,0.9671774506568909
85,28,0.2962571680545807,0.7887296676635742,-0.09629413485527039,0.6237096190452576
85,29,0.31610286235809326,0.9002227783203125,0.11410603672266006,0.8388635516166687
85,30,0.2990546226501465,0.7959559559822083,-0.0832071378827095,0.5551303029060364
85,31,0.3139464259147644,0.9287880659103394,0.004984373226761818,0.9615978002548218
85,32,0.2945317029953003,0.8583981990814209,-0.1724681258201599,0.7088885307312012
86,0,0.3111881613731384,0.3579065501689911,-0.17510493099689484,0.9999845623970032
86,1,0.315852552652359,0.3475188612937927,-0.15961456298828125,0.9999664425849915
86,2,0.31877008080482483,0.3475399613380432,-0.15969079732894897,0.9999673962593079
86,3,0.32197609543800354,0.34768614172935486,-0.1597295105457306,0.999972403049469
86,4,0.30919280648231506,0.3473964333534241,-0.15488237142562866,0.9999568462371826
86,5,0.3071795403957367,0.3474830985069275,-0.15484298765659332,0.9999436140060425
86,6,0.3052997291088104,0.3474544286727905,-0.15481653809547424,0.9999445676803589
86,7,0.32855021953582764,0.3533521294593811,-0.07666973024606705,0.9999240040779114
86,8,0.3046652376651764,0.35406550765037537,-0.05446206033229828,0.9999081492424011
86,9,0.3154335618019104,0.3736743927001953,-0.1426672786474228,0.9999905824661255
86,10,0.3083135485649109,0.3726012706756592,-0.13617868721485138,0.9999857544898987
86,11,0.34685686230659485,0.4326741397380829,-0.054548926651477814,0.999989926815033
86,12,0.2832839787006378,0.43168190121650696,0.03380498290061951,0.9999421238899231
86,13,0.3638070523738861,0.5159154534339905,-0.1419486254453659,0.9931266903877258
86,14,0.2718684673309326,0.5047816038131714,0.10290340334177017,0.9306542277336121
86,15,0.3248055577278137,0.503241777420044,-0.30761897563934326,0.9813949465751648
86,16,0.2717393636703491,0.5703936219215393,0.03477871045470238,0.9020798802375793
86,17,0.31331032514572144,0.5002114772796631,-0.34346216917037964,0.9650043845176697
86,18,0.26997849345207214,0.5914493203163147,0.019447259604930878,0.8558759689331055
86,19,0.3114091753959656,0.4898662269115448,-0.34021082520484924,0.9655335545539856
86,20,0.2715763747692108,0.5869964361190796,-0.0037727016024291515,0.8580449819564819
86,21,0.3141412138938904,0.48991554975509644,-0.308057576417923,0.9487653374671936
86,22,0.2745838165283203,0.5814086198806763,0.024383101612329483,0.8326130509376526
86,23,0.32698822021484375,0.6113141179084778,-0.015365716069936752,0.9998887181282043
86,24,0.28983256220817566,0.6012439131736755,0.01541439164429903,0.9995590448379517
86,25,0.32376953959465027,0.7531740665435791,-0.04174114018678665,0.9849478006362915
86,26,0.288887083530426,0.6848805546760559,-0.24181626737117767,0.9369639158248901
86,27,0.3202597200870514,0.8839859366416931,0.10323343425989151,0.9701650142669678
86,28,0.2950301766395569,0.8028523325920105,-0.0891592800617218,0.660754919052124
86,29,0.31769391894340515,0.8946676254272461,0.11223507672548294,0.847258448600769
86,30,0.29898831248283386,0.8140480518341064,-0.07800902426242828,0.5929394960403442
86,31,0.3139634132385254,0.9284820556640625,0.0006568044773302972,0.9648706316947937
86,32,0.2906038463115692,0.8745267987251282,-0.17684468626976013,0.7374244928359985
87,0,0.3095552921295166,0.35220739245414734,-0.16169728338718414,0.9999856352806091
87,1,0.31424856185913086,0.34194672107696533,-0.14652392268180847,0.9999683499336243
87,2,0.3172467350959778,0.3420238196849823,-0.14659422636032104,0.9999693632125854
87,3,0.3204403221607208,0.34217241406440735,-0.1466374695301056,0.9999741911888123
87,4,0.30729153752326965,0.34183067083358765,-0.1427508294582367,0.9999590516090393
87,5,0.30516931414604187,0.34193119406700134,-0.1427217423915863,0.9999465346336365
87,6,0.303205281496048,0.3420456349849701,-0.1427096724510193,0.9999474287033081
87,7,0.32705652713775635,0.3477465510368347,-0.06132817640900612,0.9999295473098755
87,8,0.3023645281791687,0.34978288412094116,-0.0432356633245945,0.9999130964279175
87,9,0.31417980790138245,0.367710143327713,-0.1294957995414734,0.9999911785125732
87,10,0.3066953122615814,0.3672095239162445,-0.12455672025680542,0.9999865889549255
87,11,0.34517499804496765,0.424858957529068,-0.03956657648086548,0.9999906420707703
87,12,0.28189268708229065,0.4255407154560089,0.04287739470601082,0.999941885471344
87,13,0.36269327998161316,0.5079323649406433,-0.12405452877283096,0.9937158226966858
87,14,0.271966814994812,0.501654863357544,0.10818347334861755,0.9180254936218262
87,15,0.3240862190723419,0.4958096742630005,-0.29063230752944946,0.9831165075302124
87,16,0.27125978469848633,0.5633629560470581,0.03706836327910423,0.8891637325286865
87,17,0.31281110644340515,0.4926532506942749,-0.32687875628471375,0.9680750370025635
87,18,0.26897132396698,0.5846050977706909,0.019493894651532173,0.8410266637802124
87,19,0.3107651174068451,0.4818466901779175,-0.3258374333381653,0.9685278534889221
87,20,0.27090469002723694,0.5832810401916504,-0.003018189687281847,0.8435266613960266
87,21,0.3135777711868286,0.4822313189506531,-0.292031466960907,0.9528536200523376
87,22,0.27328255772590637,0.5752371549606323,0.02678029239177704,0.8153998255729675
87,23,0.3272426128387451,0.5994306206703186,-0.016113759949803352,0.999884843826294
87,24,0.28961095213890076,0.5916063785552979,0.016188224777579308,0.9995949268341064
87,25,0.3243921101093292,0.7390487194061279,-0.060150641947984695,0.9859960079193115
87,26,0.2883273959159851,0.6826916933059692,-0.23818005621433258,0.9431406259536743
87,27,0.3224319815635681,0.8762832880020142,0.09263920038938522,0.9727270007133484
87,28,0.2942676842212677,0.8185353875160217,-0.11987408250570297,0.6943477392196655
87,29,0.3193233907222748,0.8857524394989014,0.09970954805612564,0.8521761894226074
87,30,0.29906028509140015,0.8318571448326111,-0.11319511383771896,0.628859281539917
87,31,0.31419894099235535,0.9281596541404724,-0.029155127704143524,0.9676267504692078
87,32,0.2874622344970703,0.8871296048164368,-0.22895771265029907,0.7633026242256165
88,0,0.3081047236919403,0.346054345369339,-0.14565211534500122,0.9999866485595703
88,1,0.31299468874931335,0.3350053131580353,-0.12976349890232086,0.9999703168869019
88,2,0.31612661480903625,0.33508801460266113,-0.12984777987003326,0.9999714493751526
88,3,0.3192273676395416,0.33531680703163147,-0.1298973560333252,0.9999760389328003
88,4,0.3058694899082184,0.3349350690841675,-0.12623494863510132,0.9999613761901855
88,5,0.3036283850669861,0.3349854350090027,-0.12619611620903015,0.99994957447052
88,6,0.30150502920150757,0.33524182438850403,-0.12618254125118256,0.9999502897262573
88,7,0.3257102966308594,0.34236985445022583,-0.044205453246831894,0.9999350309371948
88,8,0.3006369471549988,0.34475836157798767,-0.02695411816239357,0.99991774559021
88,9,0.3132849633693695,0.36155396699905396,-0.11384207010269165,0.9999917149543762
88,10,0.3051188588142395,0.3605431318283081,-0.10930326581001282,0.9999873042106628
88,11,0.3430249094963074,0.41728687286376953,-0.026121754199266434,0.9999912977218628
88,12,0.2810077369213104,0.42000675201416016,0.05881830304861069,0.9999416470527649
88,13,0.3619652986526489,0.5025882720947266,-0.123432956635952,0.9942858815193176
88,14,0.2725357711315155,0.49666067957878113,0.1352672576904297,0.8995880484580994
88,15,0.3208445906639099,0.48533597588539124,-0.2927583158016205,0.9847328662872314
88,16,0.2697853147983551,0.5581226348876953,0.07698752731084824,0.8766657710075378
88,17,0.30865898728370667,0.4809325933456421,-0.32857009768486023,0.9710217118263245
88,18,0.26681166887283325,0.5810449123382568,0.06278807669878006,0.8277980089187622
88,19,0.3064879775047302,0.47084906697273254,-0.3250150978565216,0.9714151620864868
88,20,0.2684699296951294,0.5817679762840271,0.038767579942941666,0.830838143825531
88,21,0.3091742694377899,0.47147563099861145,-0.2930589020252228,0.9569303393363953
88,22,0.2706693112850189,0.5731728076934814,0.06644213199615479,0.7999019026756287
88,23,0.3259074091911316,0.5945152640342712,-0.016186505556106567,0.9998807907104492
88,24,0.2880052328109741,0.586796760559082,0.016269702464342117,0.9996277093887329
88,25,0.3244408369064331,0.7235741019248962,-0.05513196438550949,0.9866070747375488
88,26,0.28815656900405884,0.6825770735740662,-0.24657738208770752,0.9486284255981445
88,27,0.32345810532569885,0.8708235025405884,0.06175519898533821,0.9747069478034973
88,28,0.2919861376285553,0.837583601474762,-0.16749313473701477,0.7245652675628662
88,29,0.3200620114803314,0.8841229677200317,0.06569749116897583,0.8516641855239868
88,30,0.2971128523349762,0.8551172018051147,-0.16544924676418304,0.6603597402572632
88,31,0.3143891990184784,0.9280245900154114,-0.05715864896774292,0.9696860909461975
88,32,0.2842980623245239,0.8987811207771301,-0.2886185646057129,0.7866131067276001
89,0,0.30506864190101624,0.3414422869682312,-0.16087433695793152,0.9999877214431763
89,1,0.3095740079879761,0.331261545419693,-0.14036154747009277,0.9999727010726929
89,2,0.3125155568122864,0.33113646507263184,-0.14049290120601654,0.9999737739562988
89,3,0.3157235383987427,0.3309672772884369,-0.14057020843029022,0.9999780058860779
89,4,0.30278170108795166,0.3313823938369751,-0.13763631880283356,0.9999643564224243
89,5,0.3006354868412018,0.3316706120967865,-0.13753406703472137,0.9999533891677856
89,6,0.29863905906677246,0.33187639713287354,-0.13749396800994873,0.9999538064002991
89,7,0.3226883113384247,0.3368617594242096,-0.05774601548910141,0.9999407529830933
89,8,0.2978178858757019,0.34027808904647827,-0.03924711421132088,0.9999236464500427
89,9,0.31015655398368835,0.35618072748184204,-0.11991005390882492,0.999992311000824
89,10,0.30209627747535706,0.3554500937461853,-0.11681453138589859,0.9999881386756897
89,11,0.34039604663848877,0.4120546877384186,-0.03148561716079712,0.9999918937683105
89,12,0.27892401814460754,0.41644662618637085,0.04746104031801224,0.9999421238899231
89,13,0.36056604981422424,0.49953171610832214,-0.12928906083106995,0.9948088526725769
89,14,0.27238574624061584,0.4963008165359497,0.1270519644021988,0.8862659335136414
89,15,0.31692489981651306,0.4791620075702667,-0.30755794048309326,0.9862017631530762
89,16,0.2689099907875061,0.556808352470398,0.06678662449121475,0.8680723309516907
89,17,0.30437085032463074,0.47477537393569946,-0.3452141284942627,0.9737042784690857
89,18,0.26657092571258545,0.5804041624069214,0.05210418254137039,0.8181502819061279
89,19,0.3026869297027588,0.4639626145362854,-0.34251973032951355,0.9740514159202576
89,20,0.2684049904346466,0.5816435217857361,0.02708457037806511,0.8216488361358643
89,21,0.30544373393058777,0.4648515582084656,-0.3084142804145813,0.9606786966323853
89,22,0.270332008600235,0.5729634165763855,0.05594060942530632,0.7876961827278137
89,23,0.3243030607700348,0.5903224945068359,-0.014992441050708294,0.9998743534088135
89,24,0.2866245210170746,0.5838063955307007,0.01509490329772234,0.9996548295021057
89,25,0.3241922855377197,0.7156316637992859,-0.05170953646302223,0.9871240258216858
89,26,0.28726157546043396,0.6892419457435608,-0.20698802173137665,0.9535457491874695
89,27,0.3232637345790863,0.865100622177124,0.04690639302134514,0.9763369560241699
89,28,0.2894592583179474,0.8525660634040833,-0.13731428980827332,0.7517085671424866
89,29,0.31996655464172363,0.8807721138000488,0.04942215979099274,0.8539635539054871
89,30,0.2938165068626404,0.8689961433410645,-0.1371133178472519,0.6879850625991821
89,31,0.3149849772453308,0.9226700663566589,-0.07144185900688171,0.971405029296875
89,32,0.2819819450378418,0.9091901183128357,-0.2621496915817261,0.8074868321418762
90,0,0.3027052879333496,0.33809176087379456,-0.20054593682289124,0.9999884366989136
90,1,0.3070734739303589,0.32733234763145447,-0.18411843478679657,0.9999739527702332
90,2,0.31007295846939087,0.32728633284568787,-0.18419696390628815,0.9999751448631287
90,3,0.31322988867759705,0.3273971378803253,-0.18424493074417114,0.9999789595603943
90,4,0.30024072527885437,0.3275516927242279,-0.17981591820716858,0.9999659657478333
90,5,0.29803064465522766,0.3278883397579193,-0.1797502636909485,0.9999553561210632
90,6,0.2960575520992279,0.32844358682632446,-0.17973358929157257,0.9999550580978394
90,7,0.32022202014923096,0.33343589305877686,-0.08809631317853928,0.9999445676803589
90,8,0.29543375968933105,0.336733341217041,-0.06653550267219543,0.9999251961708069
90,9,0.307994544506073,0.3523585796356201,-0.16311581432819366,0.9999924302101135
90,10,0.2995187044143677,0.35149964690208435,-0.15757310390472412,0.9999882578849792
90,11,0.33904510736465454,0.4077584445476532,-0.04864107444882393,0.9999918937683105
90,12,0.27779972553253174,0.4123140573501587,0.030817605555057526,0.9999397993087769
90,13,0.3592311441898346,0.496331125497818,-0.14929935336112976,0.9952505230903625
90,14,0.27362921833992004,0.49773263931274414,0.12433110177516937,0.8670448660850525
90,15,0.3143581449985504,0.4746105670928955,-0.3251436650753021,0.987478494644165
90,16,0.2694879472255707,0.5591451525688171,0.06569668650627136,0.8507250547409058
90,17,0.30209457874298096,0.4713473320007324,-0.3636443018913269,0.9759559631347656
90,18,0.26699098944664,0.5878002643585205,0.0474914014339447,0.7993941903114319
90,19,0.3007279336452484,0.4600609242916107,-0.3606632947921753,0.9762606024742126
90,20,0.26856160163879395,0.587237536907196,0.001036156085319817,0.8033795356750488
90,21,0.30359968543052673,0.4608169198036194,-0.32598769664764404,0.9636841416358948
90,22,0.2710472643375397,0.5774780511856079,0.04158054664731026,0.7653542757034302
90,23,0.32273223996162415,0.5902063250541687,-0.012787104584276676,0.9998506903648376
90,24,0.28491780161857605,0.5848131775856018,0.012874625623226166,0.999674916267395
90,25,0.3236321210861206,0.71677166223526,-0.015516378916800022,0.9875301718711853
90,26,0.28630661964416504,0.6942203044891357,-0.196827694773674,0.958029568195343
90,27,0.3232012987136841,0.8566707372665405,0.11461906880140305,0.977645754814148
90,28,0.2858928442001343,0.8646730780601501,-0.10122796148061752,0.7762681245803833
90,29,0.3192921280860901,0.8738411068916321,0.12102080136537552,0.8570924401283264
90,30,0.29025909304618835,0.8825151324272156,-0.10050687938928604,0.7132588028907776
90,31,0.3166894018650055,0.9135401844978333,0.0062568048015236855,0.9729583263397217
90,32,0.27998119592666626,0.9170620441436768,-0.22531847655773163,0.8263756036758423
91,0,0.30077046155929565,0.3341326117515564,-0.20142501592636108,0.9999887347221375
91,1,0.30490705370903015,0.3229992091655731,-0.1858687847852707,0.9999738931655884
91,2,0.3078485131263733,0.32290026545524597,-0.18593989312648773,0.9999754428863525
91,3,0.3109067380428314,0.322942852973938,-0.1859866827726364,0.99997878074646
91,4,0.2982732355594635,0.3231782615184784,-0.182071253657341,0.9999657273292542
91,5,0.2960678040981293,0.3233868181705475,-0.182011678814888,0.9999552369117737
91,6,0.29412221908569336,0.32381555438041687,-0.18201345205307007,0.9999535083770752
91,7,0.31778931617736816,0.3286522626876831,-0.08924968540668488,0.9999461770057678
91,8,0.2935950458049774,0.3316323757171631,-0.07049284875392914,0.9999183416366577
91,9,0.30590975284576416,0.3483279347419739,-0.16443225741386414,0.9999919533729553
91,10,0.2975682318210602,0.3473999798297882,-0.15958353877067566,0.9999874234199524
91,11,0.3371973931789398,0.40379756689071655,-0.04822953790426254,0.9999915361404419
91,12,0.27621448040008545,0.40775153040885925,0.02310088276863098,0.9999363422393799
91,13,0.3580763339996338,0.49104225635528564,-0.1455647051334381,0.9955866932868958
91,14,0.2740393280982971,0.4966941773891449,0.08935409784317017,0.8437329530715942
91,15,0.311875581741333,0.4704657793045044,-0.3178427815437317,0.9885275363922119
91,16,0.27010273933410645,0.5667716860771179,0.01498111616820097,0.8256356716156006
91,17,0.2999641001224518,0.46740373969078064,-0.3561481535434723,0.9776922464370728
91,18,0.26768729090690613,0.5945963859558105,-0.003649759339168668,0.7738481760025024
91,19,0.2986360490322113,0.45600324869155884,-0.3529292643070221,0.9779719114303589
91,20,0.2693772315979004,0.5948160290718079,-0.03453676030039787,0.7785632014274597
91,21,0.3015448749065399,0.456878125667572,-0.318511962890625,0.9657813906669617
91,22,0.2716532051563263,0.5857968330383301,0.0005817079800181091,0.7359939217567444
91,23,0.32118603587150574,0.5889902114868164,-0.010179122909903526,0.999823272228241
91,24,0.2832746207714081,0.58491450548172,0.010224482044577599,0.9996951818466187
91,25,0.3227129578590393,0.7115827202796936,0.005925767123699188,0.9869753122329712
91,26,0.28524166345596313,0.6948722004890442,-0.1847158968448639,0.9618456363677979
91,27,0.3230918049812317,0.8473265171051025,0.15874721109867096,0.9769284129142761
91,28,0.2816533148288727,0.8765875697135925,-0.12620089948177338,0.7981939315795898
91,29,0.3192715644836426,0.8632883429527283,0.1684597134590149,0.8500064015388489
91,30,0.2850637435913086,0.8966653347015381,-0.12936227023601532,0.7305271625518799
91,31,0.3186834454536438,0.9047803282737732,0.06246360391378403,0.9731007218360901
91,32,0.27724891901016235,0.9244877696037292,-0.2593652307987213,0.8430931568145752
92,0,0.2986617088317871,0.3299029767513275,-0.20529906451702118,0.9999883770942688
92,1,0.3026290535926819,0.3182457387447357,-0.19064757227897644,0.9999720454216003
92,2,0.3054998517036438,0.317950963973999,-0.19071830809116364,0.9999743700027466
92,3,0.30847224593162537,0.31785109639167786,-0.1907595992088318,0.9999769330024719
92,4,0.2961124777793884,0.3187989890575409,-0.18665412068367004,0.9999632835388184
92,5,0.2939741313457489,0.3191448748111725,-0.18658585846424103,0.9999521970748901
92,6,0.29205119609832764,0.31971681118011475,-0.18658587336540222,0.9999473094940186
92,7,0.3156667649745941,0.32408764958381653,-0.09624891728162766,0.9999448657035828
92,8,0.2915387749671936,0.32796525955200195,-0.07750409841537476,0.9998978972434998
92,9,0.30388179421424866,0.344140887260437,-0.16941314935684204,0.9999909400939941
92,10,0.29550281167030334,0.343478798866272,-0.16444168984889984,0.9999856948852539
92,11,0.33651334047317505,0.4012415111064911,-0.05289076268672943,0.9999911785125732
92,12,0.27494269609451294,0.405731201171875,0.009757881984114647,0.999936044216156
92,13,0.35778528451919556,0.48737213015556335,-0.1466444879770279,0.9958643317222595
92,14,0.2742826044559479,0.4963144063949585,0.06338172405958176,0.8169286251068115
92,15,0.31083163619041443,0.467472642660141,-0.3117520213127136,0.9894061088562012
92,16,0.27097150683403015,0.566957950592041,-0.01836174912750721,0.7967093586921692
92,17,0.2986369729042053,0.4653196632862091,-0.3500232398509979,0.9790695905685425
92,18,0.2681030035018921,0.5938629508018494,-0.03860132768750191,0.7463065385818481
92,19,0.29715290665626526,0.4539164900779724,-0.3474225699901581,0.9793359041213989
92,20,0.26991212368011475,0.5931195020675659,-0.06575559079647064,0.7517454624176025
92,21,0.30023568868637085,0.4543982446193695,-0.3124259412288666,0.967340886592865
92,22,0.27210429310798645,0.5841773748397827,-0.030667142942547798,0.7048531770706177
92,23,0.31967493891716003,0.588433563709259,-0.003788455156609416,0.9997961521148682
92,24,0.28178828954696655,0.5845794677734375,0.003802441293373704,0.9997174143791199
92,25,0.3219158351421356,0.7100567817687988,0.06943025439977646,0.9857924580574036
92,26,0.28422993421554565,0.7052265405654907,-0.1538953185081482,0.9653581976890564
92,27,0.32297250628471375,0.8379541039466858,0.24574948847293854,0.9748170375823975
92,28,0.2791898250579834,0.8863054513931274,-0.138286292552948,0.8180269598960876
92,29,0.3192438781261444,0.8524520993232727,0.2584584355354309,0.8445258140563965
92,30,0.2819820046424866,0.9090685844421387,-0.14490750432014465,0.7455636858940125
92,31,0.32080551981925964,0.8922839760780334,0.16496717929840088,0.9724390506744385
92,32,0.2788984775543213,0.9230684041976929,-0.2759411931037903,0.858176052570343
93,0,0.29651111364364624,0.3286544978618622,-0.21436667442321777,0.9999890327453613
93,1,0.30030909180641174,0.31627172231674194,-0.20081382989883423,0.9999733567237854
93,2,0.30301526188850403,0.31597408652305603,-0.20087826251983643,0.9999758005142212
93,3,0.30590957403182983,0.3157603144645691,-0.20091184973716736,0.9999778866767883
93,4,0.29383713006973267,0.3170586824417114,-0.19583286345005035,0.9999649524688721
93,5,0.2917652726173401,0.31746989488601685,-0.19575411081314087,0.9999545812606812
93,6,0.2898215353488922,0.31799957156181335,-0.195756196975708,0.9999486804008484
93,7,0.31292930245399475,0.32179883122444153,-0.10867004841566086,0.9999482035636902
93,8,0.2894337773323059,0.325903058052063,-0.08578085154294968,0.9998980760574341
93,9,0.30180612206459045,0.3424830734729767,-0.17909590899944305,0.9999912977218628
93,10,0.2935689091682434,0.3418641686439514,-0.172957181930542,0.9999862909317017
93,11,0.33492138981819153,0.4001387059688568,-0.06415913999080658,0.999991774559021
93,12,0.2738397419452667,0.40485692024230957,0.001633844687603414,0.9999408721923828
93,13,0.35640519857406616,0.4870409369468689,-0.16082489490509033,0.996152400970459
93,14,0.2741459310054779,0.4968220293521881,0.0557936392724514,0.7973962426185608
93,15,0.3100466728210449,0.4691271185874939,-0.3302847445011139,0.9902610778808594
93,16,0.27110856771469116,0.5738822817802429,-0.0223121028393507,0.7741077542304993
93,17,0.2973715662956238,0.46545031666755676,-0.36917728185653687,0.9804984331130981
93,18,0.26838403940200806,0.6017028093338013,-0.04073881730437279,0.7247175574302673
93,19,0.29625508189201355,0.45338180661201477,-0.3665724992752075,0.9807531237602234
93,20,0.270072877407074,0.604030966758728,-0.06795737892389297,0.7306836843490601
93,21,0.2994205951690674,0.45391416549682617,-0.33076009154319763,0.9690839648246765
93,22,0.27187487483024597,0.5947529673576355,-0.03425688296556473,0.6786617636680603
93,23,0.31744521856307983,0.5867452025413513,-0.00014420122897718102,0.9998010993003845
93,24,0.2794368267059326,0.5842721462249756,8.152377267833799e-05,0.9997439980506897
93,25,0.3207681179046631,0.7103445529937744,0.10406211763620377,0.9851263761520386
93,26,0.2825967073440552,0.7161553502082825,-0.14591585099697113,0.9686876535415649
93,27,0.32296210527420044,0.8278691172599792,0.33813580870628357,0.9698442220687866
93,28,0.2760474979877472,0.8887588381767273,-0.15896892547607422,0.8360000848770142
93,29,0.3192664384841919,0.8402503132820129,0.35781726241111755,0.8324414491653442
93,30,0.2777039408683777,0.911733090877533,-0.1677633821964264,0.756676971912384
93,31,0.32225993275642395,0.8812814950942993,0.28012925386428833,0.9701086282730103
93,32,0.2792399823665619,0.9297281503677368,-0.29844164848327637,0.8718829154968262
94,0,0.2938458323478699,0.32805436849594116,-0.22974587976932526,0.9999898076057434
94,1,0.29803138971328735,0.31541380286216736,-0.21651005744934082,0.9999749660491943
94,2,0.30082249641418457,0.31498458981513977,-0.21657338738441467,0.9999774694442749
94,3,0.3038220703601837,0.3147040009498596,-0.2166074961423874,0.9999790787696838
94,4,0.2912876605987549,0.3166709244251251,-0.2107563018798828,0.9999671578407288
94,5,0.2892027199268341,0.31711697578430176,-0.21067072451114655,0.9999575614929199
94,6,0.2871626913547516,0.3175733685493469,-0.21066856384277344,0.9999510049819946
94,7,0.31103599071502686,0.3214908242225647,-0.12335281819105148,0.9999518394470215
94,8,0.2867507040500641,0.3252109885215759,-0.09717799723148346,0.9999017715454102
94,9,0.29941192269325256,0.34227994084358215,-0.19388921558856964,0.9999918341636658
94,10,0.2910275161266327,0.34192460775375366,-0.1868278533220291,0.9999871253967285
94,11,0.33292239904403687,0.3991490304470062,-0.07907776534557343,0.9999924302101135
94,12,0.2715378403663635,0.40650391578674316,-0.009062821976840496,0.999946117401123
94,13,0.3550145924091339,0.48674023151397705,-0.18247857689857483,0.9964208602905273
94,14,0.2729337811470032,0.5061680674552917,0.0460793562233448,0.7757353782653809
94,15,0.30670586228370667,0.4715408682823181,-0.3510175049304962,0.9910120368003845
94,16,0.2703423798084259,0.5899666547775269,-0.02509113773703575,0.746984601020813
94,17,0.29427990317344666,0.46540677547454834,-0.39028477668762207,0.9816914796829224
94,18,0.26744142174720764,0.6164621114730835,-0.04276128485798836,0.6989300847053528
94,19,0.2934567332267761,0.453517347574234,-0.386432021856308,0.9819384217262268
94,20,0.26890426874160767,0.6187329888343811,-0.07080435007810593,0.7055516242980957
94,21,0.2963827848434448,0.4543599486351013,-0.3509179949760437,0.9704436659812927
94,22,0.2701619565486908,0.6108754873275757,-0.03721453621983528,0.6487779021263123
94,23,0.31607431173324585,0.5895665287971497,0.002327939961105585,0.9998139142990112
94,24,0.2777484953403473,0.585472047328949,-0.0024280319921672344,0.9997690916061401
94,25,0.3188868463039398,0.7112439870834351,0.137015700340271,0.9845889210700989
94,26,0.28025203943252563,0.7286016345024109,-0.14973650872707367,0.9717391133308411
94,27,0.3230242133140564,0.8171462416648865,0.4181816279888153,0.9628602266311646
94,28,0.27399685978889465,0.8990553021430969,-0.16121675074100494,0.8522395491600037
94,29,0.3192690312862396,0.828262984752655,0.44312626123428345,0.8188269138336182
94,30,0.27514585852622986,0.923043429851532,-0.1694752424955368,0.7679714560508728
94,31,0.32314157485961914,0.8674317598342896,0.372905969619751,0.9670990705490112
94,32,0.2784619927406311,0.9389650821685791,-0.3026185929775238,0.8843388557434082
95,0,0.2922944724559784,0.3279748558998108,-0.23555757105350494,0.9999904036521912
95,1,0.2967652678489685,0.3154797852039337,-0.22209659218788147,0.9999760389328003
95,2,0.2997334599494934,0.3151932954788208,-0.2221646010875702,0.9999786615371704
95,3,0.30280905961990356,0.31499725580215454,-0.22221451997756958,0.9999797940254211
95,4,0.28980180621147156,0.31661006808280945,-0.21679775416851044,0.999968409538269
95,5,0.2875780165195465,0.3170151114463806,-0.21672433614730835,0.9999593496322632
95,6,0.2855209708213806,0.31739526987075806,-0.21672579646110535,0.9999517798423767
95,7,0.3098112940788269,0.32219767570495605,-0.1278226226568222,0.9999547004699707
95,8,0.28445878624916077,0.3254762291908264,-0.10372073948383331,0.9999016523361206
95,9,0.29800134897232056,0.3426665663719177,-0.19921444356441498,0.9999921917915344
95,10,0.2894444167613983,0.34212303161621094,-0.19276408851146698,0.9999876618385315
95,11,0.33155557513237,0.40060269832611084,-0.08466529101133347,0.9999929070472717
95,12,0.26866963505744934,0.40870243310928345,-0.011950802989304066,0.9999502897262573
95,13,0.3538893163204193,0.4877582788467407,-0.18753845989704132,0.9966337084770203
95,14,0.2680460810661316,0.5106390714645386,0.04189502075314522,0.7562888264656067
95,15,0.30633455514907837,0.474295973777771,-0.3639848232269287,0.9916325807571411
95,16,0.2688862979412079,0.5952437520027161,-0.03315860778093338,0.718185544013977
95,17,0.2941915690898895,0.46900948882102966,-0.40414759516716003,0.9826165437698364
95,18,0.2652115523815155,0.6211493611335754,-0.05162637680768967,0.6708089709281921
95,19,0.2929610013961792,0.45649251341819763,-0.40160804986953735,0.9828643202781677
95,20,0.2674413323402405,0.6239678263664246,-0.07904799282550812,0.6781547665596008
95,21,0.2961962819099426,0.45716458559036255,-0.36464253067970276,0.9714142680168152
95,22,0.26842552423477173,0.6161044836044312,-0.04516937583684921,0.617965579032898
95,23,0.31551027297973633,0.5910127758979797,-0.00018466240726411343,0.9998250007629395
95,24,0.27643683552742004,0.587003767490387,0.0001232284412253648,0.9997915029525757
95,25,0.31714531779289246,0.7111645340919495,0.10650751739740372,0.9838433265686035
95,26,0.277397483587265,0.7365825176239014,-0.14427585899829865,0.9744220972061157
95,27,0.32297787070274353,0.8041954636573792,0.4046553075313568,0.9536420702934265
95,28,0.2734096050262451,0.9074817895889282,-0.1302276998758316,0.8667581677436829
95,29,0.319271981716156,0.8126273155212402,0.4315822422504425,0.7978706359863281
95,30,0.27480176091194153,0.9308354258537292,-0.135362446308136,0.7760373950004578
95,31,0.3237346112728119,0.8598330616950989,0.36018022894859314,0.9623881578445435
95,32,0.27834615111351013,0.9504554867744446,-0.2673039436340332,0.8953431844711304
96,0,0.2898203730583191,0.3302936851978302,-0.25687170028686523,0.9999909996986389
96,1,0.2944779396057129,0.317573219537735,-0.24203170835971832,0.9999774694442749
96,2,0.29761284589767456,0.31754428148269653,-0.24210764467716217,0.9999800324440002
96,3,0.3008529245853424,0.3175511062145233,-0.24215462803840637,0.9999808073043823
96,4,0.28726691007614136,0.31810662150382996,-0.2368972897529602,0.9999702572822571
96,5,0.2851465344429016,0.31833407282829285,-0.23681746423244476,0.999961793422699
96,6,0.2828603684902191,0.31875091791152954,-0.23682881891727448,0.9999538660049438
96,7,0.3082776665687561,0.32475176453590393,-0.13952681422233582,0.9999578595161438
96,8,0.28218817710876465,0.32692015171051025,-0.11685855686664581,0.999905526638031
96,9,0.2955077290534973,0.3451133966445923,-0.217543363571167,0.9999926686286926
96,10,0.28679877519607544,0.3445262908935547,-0.2114553302526474,0.9999884366989136
96,11,0.32975059747695923,0.4022253155708313,-0.09056983143091202,0.9999933242797852
96,12,0.264845609664917,0.4100480377674103,-0.017697613686323166,0.9999544620513916
96,13,0.3524545133113861,0.4898814558982849,-0.19148696959018707,0.9968239665031433
96,14,0.263032466173172,0.5119473338127136,0.04769342020153999,0.7467193603515625
96,15,0.30673748254776,0.477005273103714,-0.38042590022087097,0.9921554327011108
96,16,0.2649785578250885,0.59464430809021,-0.024137889966368675,0.7029643058776855
96,17,0.294620156288147,0.4727095663547516,-0.42227786779403687,0.9834042191505432
96,18,0.26252397894859314,0.6189917922019958,-0.04317864403128624,0.6545400023460388
96,19,0.29322561621665955,0.46024268865585327,-0.42458376288414,0.983683168888092
96,20,0.26382288336753845,0.6220529079437256,-0.06950820982456207,0.6634516716003418
96,21,0.2963389754295349,0.4606421887874603,-0.38326969742774963,0.972127377986908
96,22,0.2645009160041809,0.6133568286895752,-0.03561025485396385,0.5996052622795105
96,23,0.3141644299030304,0.5991809368133545,-0.000372378621250391,0.9998361468315125
96,24,0.2747897505760193,0.5983113646507263,0.0003039733273908496,0.9998120665550232
96,25,0.31630977988243103,0.7482640743255615,0.12634149193763733,0.9823890924453735
96,26,0.2748032212257385,0.7478609681129456,-0.14798085391521454,0.9768768548965454
96,27,0.3226301074028015,0.797989010810852,0.4704827666282654,0.9247041940689087
96,28,0.2738018333911896,0.9183451533317566,-0.13360008597373962,0.8798578381538391
96,29,0.3192634880542755,0.8001254200935364,0.5024375915527344,0.7694599628448486
96,30,0.2751968801021576,0.942876398563385,-0.1389865279197693,0.7836546897888184
96,31,0.3236779570579529,0.8487882614135742,0.4425642192363739,0.9478084444999695
96,32,0.2766934931278229,0.9565614461898804,-0.2719820737838745,0.9052629470825195
97,0,0.2875989079475403,0.3319803476333618,-0.2582990229129791,0.999991238117218
97,1,0.29262861609458923,0.3194580376148224,-0.24305760860443115,0.9999781250953674
97,2,0.2956840991973877,0.3194999396800995,-0.2431354522705078,0.9999806880950928
97,3,0.29911160469055176,0.3195911943912506,-0.24318072199821472,0.9999810457229614
97,4,0.28531140089035034,0.31968650221824646,-0.23801489174365997,0.9999711513519287
97,5,0.28319093585014343,0.31982338428497314,-0.23794209957122803,0.9999629259109497
97,6,0.2810637652873993,0.3202231526374817,-0.23796507716178894,0.9999541640281677
97,7,0.3063392639160156,0.3266247808933258,-0.1389404833316803,0.9999598860740662
97,8,0.28063926100730896,0.3282458782196045,-0.11635881662368774,0.9999047517776489
97,9,0.29312795400619507,0.3467154800891876,-0.2184329330921173,0.9999929666519165
97,10,0.284322053194046,0.3460898697376251,-0.21227388083934784,0.9999889135360718
97,11,0.32796743512153625,0.404050350189209,-0.08674630522727966,0.9999935626983643
97,12,0.2618353068828583,0.4120134115219116,-0.016714150086045265,0.9999576807022095
97,13,0.3511413037776947,0.4912368655204773,-0.17603269219398499,0.9969354271888733
97,14,0.2597713768482208,0.5177028775215149,0.04678930714726448,0.7376368045806885
97,15,0.30625274777412415,0.4851577579975128,-0.36010903120040894,0.9924281239509583
97,16,0.26108700037002563,0.5946275591850281,-0.03559447452425957,0.6872512102127075
97,17,0.2936996817588806,0.4818553328514099,-0.40149933099746704,0.9837244749069214
97,18,0.25776469707489014,0.6195483207702637,-0.057407815009355545,0.6375113725662231
97,19,0.29223570227622986,0.4650466740131378,-0.4048522114753723,0.9840456247329712
97,20,0.2585132420063019,0.6196718215942383,-0.08475109189748764,0.6484865546226501
97,21,0.29542848467826843,0.4656161069869995,-0.36320728063583374,0.9720360040664673
97,22,0.2609453499317169,0.613883376121521,-0.04788609594106674,0.5828779339790344
97,23,0.31239962577819824,0.6078636050224304,0.0009676263434812427,0.9998450875282288
97,24,0.2729346454143524,0.6065697073936462,-0.0010447666281834245,0.9998303651809692
97,25,0.3164300322532654,0.7681967616081238,0.10089639574289322,0.9807931780815125
97,26,0.27353227138519287,0.7592923045158386,-0.14570005238056183,0.9790357947349548
97,27,0.32137733697891235,0.7886943221092224,0.46218398213386536,0.8933118581771851
97,28,0.27411362528800964,0.9277356863021851,-0.11958727985620499,0.8915533423423767
97,29,0.31858378648757935,0.7870249152183533,0.4961163103580475,0.7418542504310608
97,30,0.2757158577442169,0.9488574266433716,-0.12160326540470123,0.7890881896018982
97,31,0.32354530692100525,0.8413965106010437,0.43823832273483276,0.930375874042511
97,32,0.2759167551994324,0.9646313190460205,-0.2479596883058548,0.9140231609344482
98,0,0.28532499074935913,0.3321008086204529,-0.2541719079017639,0.999990701675415
98,1,0.2905642092227936,0.320006400346756,-0.23934683203697205,0.9999769926071167
98,2,0.293654203414917,0.31970271468162537,-0.23942841589450836,0.9999797940254211
98,3,0.2972131669521332,0.32022449374198914,-0.2394670993089676,0.9999794363975525
98,4,0.28316617012023926,0.32057109475135803,-0.23464177548885345,0.9999695420265198
98,5,0.2808853089809418,0.3207513689994812,-0.23458261787891388,0.9999610185623169
98,6,0.2787880003452301,0.3211294114589691,-0.23459497094154358,0.9999510645866394
98,7,0.30433326959609985,0.3273429274559021,-0.13553312420845032,0.9999591708183289
98,8,0.27822136878967285,0.3293555676937103,-0.11445150524377823,0.9998965859413147
98,9,0.29077407717704773,0.34765079617500305,-0.2144511193037033,0.999992847442627
98,10,0.2818848490715027,0.34657666087150574,-0.2086835354566574,0.9999887943267822
98,11,0.32649892568588257,0.4067614674568176,-0.07999235391616821,0.9999934434890747
98,12,0.2588256597518921,0.41661709547042847,-0.014537690207362175,0.9999600052833557
98,13,0.35061872005462646,0.4934103488922119,-0.15365161001682281,0.9969084858894348
98,14,0.2558195888996124,0.5190508961677551,0.06018005311489105,0.7404388189315796
98,15,0.30645880103111267,0.5013834238052368,-0.3484466075897217,0.9922721982002258
98,16,0.25539374351501465,0.584811270236969,-0.009469552896916866,0.6911870241165161
98,17,0.29436343908309937,0.49803444743156433,-0.38661646842956543,0.9830201864242554
98,18,0.253143846988678,0.6011708378791809,-0.032094307243824005,0.6407797336578369
98,19,0.29284027218818665,0.4820604622364044,-0.3897598683834076,0.9834362864494324
98,20,0.24965782463550568,0.5921640396118164,-0.05869334936141968,0.6531372666358948
98,21,0.2960359752178192,0.4833497107028961,-0.3488679528236389,0.970422089099884
98,22,0.2524787187576294,0.5840626955032349,-0.020865172147750854,0.586142361164093
98,23,0.31041333079338074,0.6139079928398132,0.0028550249990075827,0.9998471736907959
98,24,0.26997748017311096,0.6138152480125427,-0.002911005401983857,0.9998463988304138
98,25,0.31670793890953064,0.7808349132537842,0.09642250835895538,0.978992223739624
98,26,0.27248942852020264,0.7691478133201599,-0.13086430728435516,0.980973482131958
98,27,0.3208696246147156,0.7912459373474121,0.455341637134552,0.8685007095336914
98,28,0.27528637647628784,0.9362161159515381,-0.0936010479927063,0.9020549654960632
98,29,0.31799784302711487,0.7862984538078308,0.4886363744735718,0.7185814380645752
98,30,0.2769828140735626,0.9563047885894775,-0.09623371064662933,0.7961894273757935
98,31,0.322909951210022,0.8447439670562744,0.42820900678634644,0.9153363704681396
98,32,0.2753250002861023,0.9741076827049255,-0.23694439232349396,0.9218685030937195
99,0,0.28420349955558777,0.3377246856689453,-0.24326705932617188,0.9999838471412659
99,1,0.2894662916660309,0.32611608505249023,-0.2265966832637787,0.9999626874923706
99,2,0.29270628094673157,0.3261546194553375,-0.22673843801021576,0.9999643564224243
99,3,0.2961011826992035,0.3264637589454651,-0.22687982022762299,0.999965488910675
99,4,0.2818920612335205,0.3260520100593567,-0.22463224828243256,0.9999523162841797
99,5,0.27935025095939636,0.32614919543266296,-0.22467562556266785,0.9999365210533142
99,6,0.2771369218826294,0.3262438476085663,-0.22470328211784363,0.9999228715896606
99,7,0.3025756776332855,0.33222657442092896,-0.11867645382881165,0.9999469518661499
99,8,0.2758570611476898,0.3328942060470581,-0.10396678745746613,0.9998088479042053
99,9,0.28925976157188416,0.3540937900543213,-0.20095878839492798,0.9999903440475464
99,10,0.28027135133743286,0.3528382480144501,-0.19754581153392792,0.9999845623970032
99,11,0.32445523142814636,0.41258883476257324,-0.06469567865133286,0.9999890923500061
99,12,0.2557121813297272,0.42388448119163513,-0.00610872358083725,0.9999469518661499
99,13,0.3496549427509308,0.503446638584137,-0.11629251390695572,0.9965668320655823
99,14,0.2548409700393677,0.5291591882705688,0.047836560755968094,0.7304208874702454
99,15,0.30518007278442383,0.5161994099617004,-0.2921487092971802,0.9907344579696655
99,16,0.25148648023605347,0.5748057961463928,-0.07465869188308716,0.6799526810646057
99,17,0.29318660497665405,0.516617476940155,-0.33127227425575256,0.9797627329826355
99,18,0.24915975332260132,0.5834707021713257,-0.10218816995620728,0.6338979601860046
99,19,0.2916133403778076,0.502591073513031,-0.3414689898490906,0.9802746772766113
99,20,0.2438216358423233,0.5753571391105652,-0.1255253553390503,0.646872878074646
99,21,0.29485535621643066,0.501971423625946,-0.29782336950302124,0.9654843807220459
99,22,0.24686183035373688,0.5681905150413513,-0.0866481140255928,0.5808566808700562
99,23,0.30847635865211487,0.6224313974380493,0.0018984173657372594,0.9998037219047546
99,24,0.2678438723087311,0.6210410594940186,-0.0019790383521467447,0.9998462200164795
99,25,0.3173195719718933,0.7933211326599121,-0.017938081175088882,0.9749326705932617
99,26,0.27128076553344727,0.7779756188392639,-0.06379847973585129,0.98155677318573
99,27,0.3107495903968811,0.7800247073173523,0.34331661462783813,0.8119176626205444
99,28,0.2758996784687042,0.9397438168525696,0.041945841163396835,0.9098881483078003
99,29,0.30290111899375916,0.780972421169281,0.4033622443675995,0.6744212508201599
99,30,0.27974602580070496,0.9582117795944214,0.04722790792584419,0.7968724370002747
99,31,0.3099750578403473,0.8365364074707031,0.3182753920555115,0.8641363978385925
99,32,0.27500399947166443,0.9776406288146973,-0.06829862296581268,0.925265908241272
100,0,0.2824248671531677,0.34420040249824524,-0.22059035301208496,0.9999778270721436
100,1,0.28811192512512207,0.3321262001991272,-0.2045537829399109,0.9999508261680603
100,2,0.2914310097694397,0.3322394788265228,-0.20467229187488556,0.9999496936798096
100,3,0.2948373854160309,0.3325975835323334,-0.2047865092754364,0.9999529719352722
100,4,0.2804509699344635,0.3317829370498657,-0.20185211300849915,0.9999394416809082
100,5,0.2779025435447693,0.3317422866821289,-0.201850026845932,0.9999165534973145
100,6,0.2755841612815857,0.3317529857158661,-0.20186765491962433,0.999902606010437
100,7,0.3014833331108093,0.33811795711517334,-0.10454005002975464,0.9999381303787231
100,8,0.2746506333351135,0.33771654963493347,-0.09043671190738678,0.9997419714927673
100,9,0.28755226731300354,0.3609760105609894,-0.182575061917305,0.9999875426292419
100,10,0.2785496115684509,0.35962972044944763,-0.17894825339317322,0.9999800324440002
100,11,0.32404524087905884,0.4208345413208008,-0.0601252056658268,0.9999805688858032
100,12,0.2538355886936188,0.43156346678733826,-0.004295527469366789,0.9999212026596069
100,13,0.34855207800865173,0.5131826400756836,-0.11453581601381302,0.996301531791687
100,14,0.2521318197250366,0.5370988249778748,0.005850284360349178,0.7198423147201538
100,15,0.30606791377067566,0.5310415625572205,-0.2849966585636139,0.9897826910018921
100,16,0.24956296384334564,0.5664424300193787,-0.16137155890464783,0.680900514125824
100,17,0.2944190800189972,0.5373823046684265,-0.3249000906944275,0.9776523113250732
100,18,0.24798403680324554,0.5741774439811707,-0.19532239437103271,0.6396263837814331
100,19,0.29256099462509155,0.5219964981079102,-0.33224642276763916,0.978135883808136
100,20,0.24568893015384674,0.5661071538925171,-0.21581745147705078,0.6526995301246643
100,21,0.2957116365432739,0.5196408629417419,-0.28993508219718933,0.9627097249031067
100,22,0.24622978270053864,0.5599499344825745,-0.17346696555614471,0.5888217091560364
100,23,0.3069777488708496,0.6284956932067871,-0.004269805736839771,0.999742865562439
100,24,0.26530057191848755,0.6271997094154358,0.004342594649642706,0.9998341202735901
100,25,0.31744644045829773,0.7944680452346802,-0.053727541118860245,0.9686422944068909
100,26,0.2695837914943695,0.7834712266921997,-0.05287005752325058,0.979773998260498
100,27,0.2953490912914276,0.7857307195663452,0.2677679657936096,0.7560399174690247
100,28,0.2760091722011566,0.9393605589866638,0.07569698989391327,0.9146689772605896
100,29,0.2894449532032013,0.7760128974914551,0.30060943961143494,0.6339086294174194
100,30,0.2819712460041046,0.9603666663169861,0.08386284112930298,0.8008415102958679
100,31,0.28960365056991577,0.8314518332481384,0.25567466020584106,0.8085302114486694
100,32,0.27242526412010193,0.9783353805541992,-0.019582010805606842,0.9245592355728149
101,0,0.2807307243347168,0.34944671392440796,-0.21997831761837006,0.9999746680259705
101,1,0.28689685463905334,0.33696040511131287,-0.20433080196380615,0.9999445080757141
101,2,0.2903566360473633,0.3370808959007263,-0.20444349944591522,0.9999427795410156
101,3,0.2937726676464081,0.3373638689517975,-0.20454756915569305,0.9999473094940186
101,4,0.2788434326648712,0.33654749393463135,-0.20125481486320496,0.9999311566352844
101,5,0.2762921452522278,0.33641842007637024,-0.20122869312763214,0.9999030828475952
101,6,0.2738696336746216,0.3364347219467163,-0.2012411504983902,0.9998871088027954
101,7,0.3002638518810272,0.34246060252189636,-0.10578685253858566,0.9999357461929321
101,8,0.2732123136520386,0.34204989671707153,-0.0903824120759964,0.9996973872184753
101,9,0.2861882150173187,0.3659062683582306,-0.18253470957279205,0.9999863505363464
101,10,0.2766598165035248,0.3646407425403595,-0.17849886417388916,0.9999773502349854
101,11,0.3232019543647766,0.4256128668785095,-0.06089511141180992,0.9999783039093018
101,12,0.25378355383872986,0.43726155161857605,-0.0015021659201011062,0.9999019503593445
101,13,0.3468594551086426,0.5190792679786682,-0.11375728994607925,0.9962472915649414
101,14,0.2508489787578583,0.5395958423614502,0.0279423575848341,0.7086803317070007
101,15,0.3064596354961395,0.5426581501960754,-0.27956315875053406,0.9895424246788025
101,16,0.24410344660282135,0.567778468132019,-0.10721631348133087,0.6788828372955322
101,17,0.2951320707798004,0.5517710447311401,-0.31852489709854126,0.976898729801178
101,18,0.23950842022895813,0.5751394033432007,-0.1355324685573578,0.6408120393753052
101,19,0.2930513918399811,0.5364741086959839,-0.3260279595851898,0.9773622155189514
101,20,0.2380322813987732,0.5737531781196594,-0.1597205102443695,0.6540901064872742
101,21,0.296053022146225,0.5332051515579224,-0.2844087481498718,0.961757481098175
101,22,0.24106386303901672,0.5670008063316345,-0.12002065777778625,0.5925595164299011
101,23,0.30493053793907166,0.632105827331543,-0.008630395866930485,0.999709963798523
101,24,0.26291054487228394,0.6295972466468811,0.008779536001384258,0.9998300075531006
101,25,0.3169984519481659,0.7948778867721558,-0.06107587367296219,0.9625740647315979
101,26,0.26771828532218933,0.7818182110786438,-0.060785140842199326,0.9784583449363708
101,27,0.2901228666305542,0.7812293171882629,0.2537359595298767,0.7052196264266968
101,28,0.27641725540161133,0.9368296265602112,0.0652461126446724,0.9194912314414978
101,29,0.28444746136665344,0.7678270936012268,0.283748596906662,0.5997119545936584
101,30,0.2843987047672272,0.9607266783714294,0.07310192286968231,0.8050037026405334
101,31,0.2843460142612457,0.8214111328125,0.23904190957546234,0.7580370903015137
101,32,0.2702481746673584,0.979503870010376,-0.029934510588645935,0.9246909022331238
102,0,0.2794453203678131,0.3532325327396393,-0.23238804936408997,0.9999697804450989
102,1,0.28533148765563965,0.3405522406101227,-0.2179524004459381,0.9999340176582336
102,2,0.2888914942741394,0.3404959440231323,-0.21804845333099365,0.9999324083328247
102,3,0.2921420931816101,0.34038877487182617,-0.21815118193626404,0.9999393224716187
102,4,0.27702945470809937,0.3406830132007599,-0.21312451362609863,0.9999152421951294
102,5,0.27446967363357544,0.3407333791255951,-0.21306289732456207,0.9998770356178284
102,6,0.2720314562320709,0.3408966660499573,-0.21306174993515015,0.9998565912246704
102,7,0.29851585626602173,0.3451497554779053,-0.12444334477186203,0.9999312162399292
102,8,0.271522581577301,0.34630945324897766,-0.10145244747400284,0.9995918273925781
102,9,0.2853941023349762,0.3684438467025757,-0.19681836664676666,0.9999842643737793
102,10,0.2755506932735443,0.3682025372982025,-0.19037696719169617,0.9999716281890869
102,11,0.32268866896629333,0.43045032024383545,-0.07984580844640732,0.99997478723526
102,12,0.2533471882343292,0.4414120614528656,-0.004145835526287556,0.999848484992981
102,13,0.34542250633239746,0.5252704620361328,-0.11403745412826538,0.9961854815483093
102,14,0.24576574563980103,0.5402414202690125,0.03361193463206291,0.6909446716308594
102,15,0.30666467547416687,0.5579286813735962,-0.25532567501068115,0.9886041283607483
102,16,0.23533055186271667,0.5681350231170654,-0.09316835552453995,0.6580256819725037
102,17,0.2955797612667084,0.5677220225334167,-0.2902616560459137,0.9741250276565552
102,18,0.2330612689256668,0.5799501538276672,-0.11344707012176514,0.6211199760437012
102,19,0.2933643162250519,0.5521223545074463,-0.2986827790737152,0.9745738506317139
102,20,0.23139163851737976,0.5771728157997131,-0.14075887203216553,0.6347059011459351
102,21,0.29625403881073,0.54777991771698,-0.2599509656429291,0.9580097198486328
102,22,0.234197199344635,0.5704595446586609,-0.11259294301271439,0.5767068266868591
102,23,0.30276718735694885,0.6359764933586121,-0.011399993672966957,0.99965500831604
102,24,0.2609390318393707,0.6345508098602295,0.011563756503164768,0.999803900718689
102,25,0.31505659222602844,0.7950260639190674,-0.0714883878827095,0.9605714678764343
102,26,0.26641175150871277,0.7905948758125305,-0.03981960564851761,0.9775238037109375
102,27,0.2892240881919861,0.7881776094436646,0.23007647693157196,0.6802473664283752
102,28,0.2771863639354706,0.9359577298164368,0.08963987976312637,0.924616813659668
102,29,0.28405359387397766,0.7788007855415344,0.25824663043022156,0.5806505084037781
102,30,0.2861885130405426,0.960681140422821,0.09739311039447784,0.8107832074165344
102,31,0.2828625440597534,0.8317816257476807,0.20547358691692352,0.7298603653907776
102,32,0.2676776349544525,0.9819373488426208,-0.00764975231140852,0.9259993433952332
103,0,0.2766802906990051,0.3565308749675751,-0.232015922665596,0.9999679327011108
103,1,0.2821396291255951,0.34336885809898376,-0.21878115832805634,0.999930739402771
103,2,0.28530675172805786,0.34308189153671265,-0.21887536346912384,0.9999293088912964
103,3,0.2887108325958252,0.3428729772567749,-0.21897633373737335,0.9999375939369202
103,4,0.2742421627044678,0.3440500795841217,-0.21280227601528168,0.9999099969863892
103,5,0.2718030512332916,0.3442783057689667,-0.21274122595787048,0.9998679161071777
103,6,0.2695299983024597,0.3444339334964752,-0.21273423731327057,0.9998453259468079
103,7,0.29546821117401123,0.3482295274734497,-0.13117565214633942,0.9999326467514038
103,8,0.2696806490421295,0.34986501932144165,-0.10210642963647842,0.9995539784431458
103,9,0.28247442841529846,0.37112370133399963,-0.1982821524143219,0.9999841451644897
103,10,0.2731190323829651,0.37135788798332214,-0.19025687873363495,0.9999701380729675
103,11,0.32096296548843384,0.43496838212013245,-0.09219203889369965,0.9999740123748779
103,12,0.2516101896762848,0.4451355040073395,-0.0035551830660551786,0.9998215436935425
103,13,0.3451066315174103,0.5278741121292114,-0.10505729913711548,0.9961725473403931
103,14,0.24193240702152252,0.5414129495620728,0.0554242841899395,0.6678544878959656
103,15,0.308414489030838,0.5722931623458862,-0.21380183100700378,0.9875118136405945
103,16,0.2255944162607193,0.5724146366119385,-0.0426970012485981,0.6346586346626282
103,17,0.2974967658519745,0.5847327709197998,-0.24422107636928558,0.9711525440216064
103,18,0.22213128209114075,0.5838140249252319,-0.0619233176112175,0.6001084446907043
103,19,0.29441529512405396,0.56939297914505,-0.2566926181316376,0.9716293215751648
103,20,0.2201080471277237,0.5791372060775757,-0.08953789621591568,0.6141196489334106
103,21,0.29691463708877563,0.5641350150108337,-0.2192366123199463,0.9544702768325806
103,22,0.22362466156482697,0.5731568336486816,-0.05801305174827576,0.5609307885169983
103,23,0.3000732958316803,0.6392101049423218,-0.01394206378608942,0.9996405243873596
103,24,0.2592206597328186,0.6378552317619324,0.014097814448177814,0.9997961521148682
103,25,0.3106148838996887,0.7973077297210693,-0.07032080739736557,0.9589900970458984
103,26,0.2651166319847107,0.7983605265617371,-0.01647898368537426,0.9766616225242615
103,27,0.281080037355423,0.7817761898040771,0.23632173240184784,0.6570804715156555
103,28,0.27763423323631287,0.9353119134902954,0.11676957458257675,0.9297516942024231
103,29,0.27590611577033997,0.767052173614502,0.2655423581600189,0.5691673755645752
103,30,0.28774160146713257,0.9586828351020813,0.1255607008934021,0.8191443085670471
103,31,0.27325356006622314,0.8213449716567993,0.22160090506076813,0.7033886909484863
103,32,0.26817065477371216,0.9840949177742004,0.030874351039528847,0.9281211495399475
104,0,0.27507340908050537,0.3583042621612549,-0.2321084588766098,0.9999660849571228
104,1,0.2804257571697235,0.3453300893306732,-0.21943967044353485,0.999927282333374
104,2,0.28354039788246155,0.3451811671257019,-0.21952903270721436,0.9999262094497681
104,3,0.28704720735549927,0.34528782963752747,-0.2196325957775116,0.9999358057975769
104,4,0.2727869153022766,0.34593090415000916,-0.21254542469978333,0.999904453754425
104,5,0.2704256772994995,0.3461010754108429,-0.2124851942062378,0.999858021736145
104,6,0.2682099938392639,0.346379816532135,-0.2124718725681305,0.9998324513435364
104,7,0.2943762242794037,0.3518798053264618,-0.13384439051151276,0.9999338984489441
104,8,0.26867973804473877,0.3521687090396881,-0.10111100971698761,0.9995061755180359
104,9,0.2807740569114685,0.37283825874328613,-0.1993139684200287,0.9999838471412659
104,10,0.27150046825408936,0.3726493716239929,-0.190105602145195,0.9999680519104004
104,11,0.3204247057437897,0.4380418062210083,-0.09513534605503082,0.999973475933075
104,12,0.2497255504131317,0.4471001923084259,-0.003169545903801918,0.9997915625572205
104,13,0.3454764485359192,0.5296111702919006,-0.09734803438186646,0.9961462020874023
104,14,0.24210099875926971,0.5413349866867065,0.056820906698703766,0.6331163048744202
104,15,0.3131266236305237,0.5778737664222717,-0.18878649175167084,0.986050546169281
104,16,0.23134855926036835,0.5780792236328125,-0.042750533670186996,0.598038375377655
104,17,0.3046317994594574,0.5935587882995605,-0.21705973148345947,0.967277467250824
104,18,0.22910922765731812,0.5928318500518799,-0.06414080411195755,0.5677424669265747
104,19,0.30005642771720886,0.5797871947288513,-0.23207473754882812,0.9677737951278687
104,20,0.22774852812290192,0.5867287516593933,-0.08971059322357178,0.5816876292228699
104,21,0.3016021251678467,0.5734246373176575,-0.1946188062429428,0.9497997760772705
104,22,0.23067286610603333,0.5798586010932922,-0.05662177503108978,0.5328390598297119
104,23,0.29832643270492554,0.6425877213478088,-0.01364329643547535,0.9996328949928284
104,24,0.2580532729625702,0.6408473253250122,0.01378538366407156,0.999797523021698
104,25,0.3069157004356384,0.7998624444007874,-0.04543542489409447,0.9590925574302673
104,26,0.26353919506073,0.8038281798362732,-0.019963370636105537,0.977239727973938
104,27,0.28540903329849243,0.7846090197563171,0.25795575976371765,0.6487162709236145
104,28,0.2780601680278778,0.9360606670379639,0.10981880873441696,0.9352542161941528
104,29,0.28069570660591125,0.7761218547821045,0.2813151478767395,0.5633752346038818
104,30,0.2884829342365265,0.9588375687599182,0.1179894208908081,0.8284656405448914
104,31,0.2794399559497833,0.8281944990158081,0.24377663433551788,0.6899067163467407
104,32,0.2690460979938507,0.9834150075912476,0.019772479310631752,0.9318683743476868
105,0,0.2740134000778198,0.3596245050430298,-0.23166324198246002,0.9999691247940063
105,1,0.2787826359272003,0.34659042954444885,-0.218136727809906,0.9999337792396545
105,2,0.2818610668182373,0.34637871384620667,-0.21821892261505127,0.9999327659606934
105,3,0.28511279821395874,0.3463495671749115,-0.21831107139587402,0.9999415278434753
105,4,0.2712726294994354,0.34754812717437744,-0.21189996600151062,0.9999127388000488
105,5,0.26899784803390503,0.3478555381298065,-0.21182648837566376,0.9998703002929688
105,6,0.26684826612472534,0.3484245538711548,-0.21183794736862183,0.999846875667572
105,7,0.29234716296195984,0.3532235622406006,-0.1344188004732132,0.9999401569366455
105,8,0.2669752240180969,0.3546804189682007,-0.10083862394094467,0.9995476603507996
105,9,0.2797836661338806,0.37383273243904114,-0.19737474620342255,0.9999852776527405
105,10,0.2705748379230499,0.37394607067108154,-0.18846026062965393,0.9999707937240601
105,11,0.31949517130851746,0.43813052773475647,-0.09373694658279419,0.9999754428863525
105,12,0.24918630719184875,0.4463445842266083,0.010821434669196606,0.9997995495796204
105,13,0.3456481993198395,0.5282384157180786,-0.08886250108480453,0.9963712096214294
105,14,0.24051854014396667,0.5393518209457397,0.044466108083724976,0.6326558589935303
105,15,0.31670764088630676,0.5827401280403137,-0.17884774506092072,0.9867472052574158
105,16,0.22465896606445312,0.5496183633804321,-0.11317838728427887,0.624691367149353
105,17,0.30821123719215393,0.5962919592857361,-0.20619681477546692,0.9683728814125061
105,18,0.21918508410453796,0.556931734085083,-0.13992200791835785,0.5963962078094482
105,19,0.3043878674507141,0.5831958055496216,-0.2212061733007431,0.9688146114349365
105,20,0.2171705663204193,0.5448902249336243,-0.16192473471164703,0.6097491979598999
105,21,0.3059416711330414,0.5776002407073975,-0.18403157591819763,0.9518468379974365
105,22,0.22103576362133026,0.5426048636436462,-0.12625892460346222,0.5631553530693054
105,23,0.2951873540878296,0.6407064199447632,-0.022642673924565315,0.9996592998504639
105,24,0.2565872073173523,0.638141930103302,0.02270062081515789,0.9998119473457336
105,25,0.29988738894462585,0.7970076203346252,-0.07646633684635162,0.9610283970832825
105,26,0.2614020109176636,0.8063304424285889,0.012079413048923016,0.977331280708313
105,27,0.28913164138793945,0.7818887829780579,0.2523971199989319,0.6454803347587585
105,28,0.27864497900009155,0.9369223117828369,0.1384030282497406,0.9399511218070984
105,29,0.2894980013370514,0.7717221975326538,0.28293997049331665,0.5608554482460022
105,30,0.2889094948768616,0.9605330228805542,0.14688129723072052,0.8380920886993408
105,31,0.28496769070625305,0.826831579208374,0.24563390016555786,0.6841722726821899
105,32,0.26950889825820923,0.9833914637565613,0.06197216734290123,0.9353906512260437
106,0,0.27323606610298157,0.3607718348503113,-0.2339330017566681,0.9999715089797974
106,1,0.27792495489120483,0.34739410877227783,-0.22128340601921082,0.9999387264251709
106,2,0.2811385691165924,0.34723445773124695,-0.22134840488433838,0.9999377131462097
106,3,0.2843293249607086,0.34721821546554565,-0.22141572833061218,0.9999457597732544
106,4,0.2701990604400635,0.34820422530174255,-0.2143942266702652,0.9999189972877502
106,5,0.2679101228713989,0.3485240340232849,-0.21435977518558502,0.9998797178268433
106,6,0.26566898822784424,0.34916579723358154,-0.2143404185771942,0.9998581409454346
106,7,0.29124289751052856,0.3540137708187103,-0.13407836854457855,0.9999449849128723
106,8,0.2651325762271881,0.3559515178203583,-0.10185132175683975,0.9995774626731873
106,9,0.2791896462440491,0.37523460388183594,-0.1999068558216095,0.9999861717224121
106,10,0.2697084844112396,0.3751955032348633,-0.19092491269111633,0.999972403049469
106,11,0.3186624050140381,0.4405369460582733,-0.09167199581861496,0.9999769926071167
106,12,0.24619629979133606,0.4459731876850128,0.00876234658062458,0.9998018741607666
106,13,0.3453691601753235,0.5272113084793091,-0.07797271013259888,0.9964566826820374
106,14,0.23432303965091705,0.5384316444396973,0.001244987826794386,0.6214384436607361
106,15,0.31920328736305237,0.5840215086936951,-0.1534534990787506,0.9863834381103516
106,16,0.22446894645690918,0.5419299006462097,-0.17406955361366272,0.62787926197052
106,17,0.3115541338920593,0.5968778133392334,-0.17766909301280975,0.9664856791496277
106,18,0.22258315980434418,0.5494502782821655,-0.20532028377056122,0.6002557873725891
106,19,0.3078339099884033,0.5856321454048157,-0.19333872199058533,0.9669055342674255
106,20,0.2217632681131363,0.5344869494438171,-0.22226890921592712,0.613711416721344
106,21,0.3091948926448822,0.5803419947624207,-0.15859882533550262,0.9497987031936646
106,22,0.2253032773733139,0.5319216251373291,-0.1854410022497177,0.567481517791748
106,23,0.2939795255661011,0.6413139700889587,-0.0256465096026659,0.9996842741966248
106,24,0.25456157326698303,0.6396126747131348,0.025658776983618736,0.9998285174369812
106,25,0.29115402698516846,0.7948458194732666,-0.07036858052015305,0.9631153345108032
106,26,0.25956591963768005,0.8027487397193909,-0.021683182567358017,0.978268563747406
106,27,0.2957298755645752,0.7846153378486633,0.28700384497642517,0.6642824411392212
106,28,0.27955397963523865,0.9376813769340515,0.086737260222435,0.945140540599823
106,29,0.29986169934272766,0.7757394909858704,0.31806713342666626,0.5668675899505615
106,30,0.28988099098205566,0.9611080288887024,0.09274210035800934,0.8492441177368164
106,31,0.29403725266456604,0.8362796306610107,0.27954262495040894,0.6999734044075012
106,32,0.26984620094299316,0.984338104724884,0.00011782031651819125,0.9404533505439758
107,0,0.27170851826667786,0.3605238199234009,-0.22943530976772308,0.999973714351654
107,1,0.27602460980415344,0.3470938503742218,-0.21632754802703857,0.999943196773529
107,2,0.2790355384349823,0.3466217815876007,-0.21637646853923798,0.9999423623085022
107,3,0.2821970283985138,0.34630605578422546,-0.2164364606142044,0.9999496340751648
107,4,0.2685776352882385,0.347515732049942,-0.2084117978811264,0.9999244213104248
107,5,0.2662850618362427,0.3476131558418274,-0.2084013670682907,0.9998881220817566
107,6,0.2641845643520355,0.3481813669204712,-0.2083664983510971,0.9998680949211121
107,7,0.2893429100513458,0.3535962700843811,-0.12948068976402283,0.9999495148658752
107,8,0.26310229301452637,0.3547479212284088,-0.09278631210327148,0.9996053576469421
107,9,0.27760326862335205,0.37476035952568054,-0.19620129466056824,0.999987006187439
107,10,0.26839321851730347,0.37477895617485046,-0.18599408864974976,0.9999737739562988
107,11,0.31804487109184265,0.44069552421569824,-0.08892504870891571,0.9999780058860779
107,12,0.24327558279037476,0.4458581805229187,0.0163181871175766,0.9997881650924683
107,13,0.34449365735054016,0.5259775519371033,-0.06875031441450119,0.9965111613273621
107,14,0.23044084012508392,0.5345582365989685,0.0189121812582016,0.6025976538658142
107,15,0.3221610188484192,0.5816940069198608,-0.13356280326843262,0.9855860471725464
107,16,0.2236795276403427,0.5363735556602478,-0.11821817606687546,0.6198050379753113
107,17,0.3146074116230011,0.5949368476867676,-0.1561036854982376,0.9636178016662598
107,18,0.2227904498577118,0.5443240404129028,-0.14420640468597412,0.5929734706878662
107,19,0.310759574174881,0.5834792852401733,-0.17188723385334015,0.9642794728279114
107,20,0.22308515012264252,0.5296923518180847,-0.16499240696430206,0.6073464155197144
107,21,0.31214505434036255,0.578240156173706,-0.1388651430606842,0.946701169013977
107,22,0.22561946511268616,0.5274664759635925,-0.13029134273529053,0.5626870393753052
107,23,0.29382798075675964,0.6394832134246826,-0.03349854424595833,0.9997044801712036
107,24,0.25382962822914124,0.6390029191970825,0.03351527452468872,0.9998425841331482
107,25,0.2834445536136627,0.7756212949752808,-0.06545652449131012,0.965598464012146
107,26,0.2593340277671814,0.8001025319099426,-0.03434585779905319,0.9787296056747437
107,27,0.2992240786552429,0.7972211837768555,0.26978421211242676,0.6888037919998169
107,28,0.2801218628883362,0.9381367564201355,0.07800382375717163,0.9499186277389526
107,29,0.3046872913837433,0.7868808507919312,0.3013094663619995,0.5741434693336487
107,30,0.2908591628074646,0.9623594284057617,0.08365731686353683,0.859783947467804
107,31,0.29531463980674744,0.8555974960327148,0.25842586159706116,0.7204430103302002
107,32,0.2697182595729828,0.9848487973213196,-0.011162133887410164,0.945134699344635
108,0,0.2709760367870331,0.35689887404441833,-0.21967603266239166,0.9999761581420898
108,1,0.2753185033798218,0.34336909651756287,-0.20374678075313568,0.9999485015869141
108,2,0.2783271074295044,0.3429611325263977,-0.2037506401538849,0.999947726726532
108,3,0.2814834415912628,0.34281155467033386,-0.20379076898097992,0.9999542236328125
108,4,0.26766011118888855,0.3436605632305145,-0.1986173391342163,0.9999315142631531
108,5,0.2652631998062134,0.3438349962234497,-0.19865617156028748,0.9998987317085266
108,6,0.26295286417007446,0.3445070683956146,-0.19863994419574738,0.9998806715011597
108,7,0.2883128225803375,0.34919193387031555,-0.10737629979848862,0.999954342842102
108,8,0.2611869275569916,0.35219526290893555,-0.08340077847242355,0.9996427893638611
108,9,0.27670818567276,0.3718315362930298,-0.18332214653491974,0.9999881386756897
108,10,0.26738882064819336,0.37158194184303284,-0.176698699593544,0.9999760389328003
108,11,0.3163470923900604,0.43994849920272827,-0.05637435242533684,0.9999790191650391
108,12,0.2409670054912567,0.4399179220199585,0.013302710838615894,0.999797523021698
108,13,0.3444000482559204,0.5229570865631104,-0.04806048423051834,0.9965752363204956
108,14,0.22262609004974365,0.5329039692878723,-0.05500730872154236,0.6338863968849182
108,15,0.3243492543697357,0.578926682472229,-0.14028555154800415,0.9853627681732178
108,16,0.22090931236743927,0.5303859710693359,-0.2778296172618866,0.6545302271842957
108,17,0.3165847063064575,0.5928839445114136,-0.16479355096817017,0.9630199074745178
108,18,0.22341874241828918,0.5287314653396606,-0.31534942984580994,0.6287292838096619
108,19,0.3128076493740082,0.5811147689819336,-0.1773943156003952,0.9637244343757629
108,20,0.22469019889831543,0.5108586549758911,-0.3253491222858429,0.6417273283004761
108,21,0.3141774833202362,0.5758253335952759,-0.144709512591362,0.9461891651153564
108,22,0.2263716608285904,0.5100381374359131,-0.2864159345626831,0.5993399620056152
108,23,0.2933789789676666,0.6346791982650757,-0.032708458602428436,0.9997296333312988
108,24,0.25259143114089966,0.6371454000473022,0.03267353028059006,0.9998519420623779
108,25,0.2767851650714874,0.7561333775520325,-0.28312093019485474,0.9687076210975647
108,26,0.2586654722690582,0.7970225811004639,-0.00478206155821681,0.975366473197937
108,27,0.29925811290740967,0.8069896697998047,-0.0656852200627327,0.7173973321914673
108,28,0.2804718315601349,0.9377899169921875,0.12875263392925262,0.953558087348938
108,29,0.30534419417381287,0.7990638017654419,-0.04638746380805969,0.6036255359649658
108,30,0.29138603806495667,0.9634885787963867,0.13617604970932007,0.8685046434402466
108,31,0.29441994428634644,0.8774539828300476,-0.1177341639995575,0.7460361123085022
108,32,0.2694986164569855,0.9844065308570862,0.04205862060189247,0.9482522010803223
109,0,0.2705919146537781,0.35107025504112244,-0.21456868946552277,0.9999784231185913
109,1,0.2750925123691559,0.3382568359375,-0.1981043964624405,0.9999534487724304
109,2,0.27828532457351685,0.3381626307964325,-0.1980925351381302,0.9999527335166931
109,3,0.2814655303955078,0.3379998505115509,-0.19812586903572083,0.9999585151672363
109,4,0.26728352904319763,0.3382433354854584,-0.19355306029319763,0.9999381303787231
109,5,0.2648080885410309,0.3382861912250519,-0.19359971582889557,0.9999085664749146
109,6,0.2623053193092346,0.33868157863616943,-0.19357934594154358,0.9998922944068909
109,7,0.28792402148246765,0.3435804545879364,-0.09767958521842957,0.9999588131904602
109,8,0.2603297233581543,0.34552693367004395,-0.07662288844585419,0.9996775984764099
109,9,0.27641570568084717,0.3668130040168762,-0.17643798887729645,0.9999892711639404
109,10,0.2668468952178955,0.3659844994544983,-0.17076753079891205,0.999978244304657
109,11,0.31450971961021423,0.436587929725647,-0.04465065523982048,0.999980628490448
109,12,0.23889410495758057,0.4299394488334656,0.018449733033776283,0.9998120665550232
109,13,0.34428197145462036,0.519154965877533,-0.04378778487443924,0.9967463612556458
109,14,0.21462033689022064,0.5272114872932434,-0.06035042181611061,0.6668016314506531
109,15,0.3259058892726898,0.5747420191764832,-0.14906547963619232,0.9861005544662476
109,16,0.2191595882177353,0.5143832564353943,-0.30315327644348145,0.6881332397460938
109,17,0.3177509605884552,0.5892318487167358,-0.17621628940105438,0.9645261168479919
109,18,0.22421860694885254,0.5063213109970093,-0.34136152267456055,0.6641286015510559
109,19,0.31425705552101135,0.5773528218269348,-0.18572171032428741,0.9651796221733093
109,20,0.2258262038230896,0.49093708395957947,-0.34771987795829773,0.6757791042327881
109,21,0.3158043920993805,0.5717733502388,-0.15240150690078735,0.9482207298278809
109,22,0.2270280122756958,0.49158406257629395,-0.30988994240760803,0.6365507245063782
109,23,0.29209694266319275,0.6293826103210449,-0.03753093630075455,0.9997541308403015
109,24,0.251804918050766,0.6343867778778076,0.03748149797320366,0.9998632073402405
109,25,0.2707084119319916,0.7525362372398376,-0.29321447014808655,0.9715678095817566
109,26,0.25969037413597107,0.7952986359596252,0.00106151367072016,0.9714128375053406
109,27,0.29661449790000916,0.8206252455711365,-0.060012996196746826,0.7435057163238525
109,28,0.28049737215042114,0.9366688132286072,0.14221784472465515,0.9569099545478821
109,29,0.3041974604129791,0.8137531280517578,-0.03905592858791351,0.6323896050453186
109,30,0.2911922037601471,0.9620200991630554,0.15066413581371307,0.8769274950027466
109,31,0.29090264439582825,0.8907422423362732,-0.10461888462305069,0.7693283557891846
109,32,0.26887622475624084,0.9855312705039978,0.05805959179997444,0.9512450695037842
110,0,0.2701619565486908,0.3426951766014099,-0.20835883915424347,0.9999803900718689
110,1,0.2745480239391327,0.3287114202976227,-0.1900097131729126,0.9999577403068542
110,2,0.2778316140174866,0.3286285400390625,-0.18999174237251282,0.9999570846557617
110,3,0.2808825671672821,0.3287467062473297,-0.19002220034599304,0.9999621510505676
110,4,0.26646921038627625,0.3288889229297638,-0.18644368648529053,0.9999439716339111
110,5,0.26394230127334595,0.32904717326164246,-0.18649263679981232,0.9999173283576965
110,6,0.2613161504268646,0.32947301864624023,-0.1864551454782486,0.9999026656150818
110,7,0.28662845492362976,0.3355139195919037,-0.08430090546607971,0.9999626874923706
110,8,0.25867554545402527,0.33743616938591003,-0.06822647154331207,0.9997087121009827
110,9,0.2761624753475189,0.359220027923584,-0.16879145801067352,0.9999901652336121
110,10,0.26610612869262695,0.3585767447948456,-0.1643863022327423,0.9999801516532898
110,11,0.31253600120544434,0.4289971590042114,-0.028467101976275444,0.9999819993972778
110,12,0.2359762191772461,0.42249825596809387,0.020897533744573593,0.999825656414032
110,13,0.3442452549934387,0.5089403986930847,-0.021628811955451965,0.9968793988227844
110,14,0.2057565450668335,0.5232836008071899,-0.07114820927381516,0.698920726776123
110,15,0.3274328112602234,0.573911726474762,-0.11917287856340408,0.9866225719451904
110,16,0.2203351855278015,0.5000247359275818,-0.3079221546649933,0.7187072038650513
110,17,0.32090532779693604,0.5851391553878784,-0.14633315801620483,0.9652566909790039
110,18,0.2252947986125946,0.48969322443008423,-0.34544968605041504,0.6962503790855408
110,19,0.3167591691017151,0.5732662677764893,-0.15309244394302368,0.9659227132797241
110,20,0.22821541130542755,0.4766424894332886,-0.34827885031700134,0.7066774964332581
110,21,0.31766214966773987,0.5677932500839233,-0.121651791036129,0.9491182565689087
110,22,0.22722463309764862,0.477544903755188,-0.3125773072242737,0.6702261567115784
110,23,0.2912614941596985,0.6204613447189331,-0.0381031297147274,0.9997744560241699
110,24,0.2501992881298065,0.624140202999115,0.03815102204680443,0.9998680353164673
110,25,0.2630768418312073,0.7391139268875122,-0.33691146969795227,0.9737253189086914
110,26,0.2637273073196411,0.7945456504821777,0.006407474633306265,0.9607411026954651
110,27,0.2882847785949707,0.8330280780792236,-0.16648784279823303,0.7662832736968994
110,28,0.28102585673332214,0.9336143136024475,0.15733015537261963,0.9557577967643738
110,29,0.29795539379119873,0.8390198945999146,-0.1530592143535614,0.6576156616210938
110,30,0.2911968231201172,0.956810474395752,0.16663166880607605,0.8792722821235657
110,31,0.28539252281188965,0.8857362270355225,-0.24555139243602753,0.7886819839477539
110,32,0.26892369985580444,0.9842245578765869,0.06425191462039948,0.9479519128799438
111,0,0.2693907618522644,0.3357745110988617,-0.18781869113445282,0.9999818801879883
111,1,0.2733938992023468,0.32117897272109985,-0.16975978016853333,0.9999610781669617
111,2,0.2766433358192444,0.32099002599716187,-0.16974928975105286,0.9999603033065796
111,3,0.27954772114753723,0.3210354149341583,-0.16979338228702545,0.9999648332595825
111,4,0.2653769552707672,0.32195907831192017,-0.16712403297424316,0.9999486804008484
111,5,0.26282960176467896,0.32241585850715637,-0.16716697812080383,0.9999246001243591
111,6,0.26014161109924316,0.3230385184288025,-0.1671355664730072,0.9999114274978638
111,7,0.28488507866859436,0.3278813362121582,-0.06679769605398178,0.9999657273292542
111,8,0.25741046667099,0.3309549391269684,-0.05506754666566849,0.9997352361679077
111,9,0.275678426027298,0.3524717390537262,-0.14913339912891388,0.9999905824661255
111,10,0.2651859223842621,0.35234150290489197,-0.14611129462718964,0.9999812245368958
111,11,0.310047447681427,0.4197755753993988,-0.010286406613886356,0.9999824166297913
111,12,0.23443880677223206,0.4126504063606262,0.02409224957227707,0.999832808971405
111,13,0.3432653546333313,0.4954051077365875,0.00245674722827971,0.9969094395637512
111,14,0.2023739516735077,0.505570113658905,-0.07165825366973877,0.7278715372085571
111,15,0.32770052552223206,0.5643907785415649,-0.08126389980316162,0.9867119193077087
111,16,0.22132205963134766,0.47778892517089844,-0.2950326204299927,0.7459119558334351
111,17,0.32092681527137756,0.5843405723571777,-0.10440357774496078,0.9648691415786743
111,18,0.22623446583747864,0.4689812958240509,-0.33279502391815186,0.7242022156715393
111,19,0.3165297508239746,0.5730676651000977,-0.11194392293691635,0.965583086013794
111,20,0.22953937947750092,0.45546814799308777,-0.3311416208744049,0.7334586381912231
111,21,0.3174162209033966,0.5655304193496704,-0.08383506536483765,0.9486962556838989
111,22,0.22739696502685547,0.45638418197631836,-0.29809343814849854,0.6990301012992859
111,23,0.2886112928390503,0.6101914644241333,-0.034368645399808884,0.999787449836731
111,24,0.24810472130775452,0.611379086971283,0.03440997749567032,0.9998651146888733
111,25,0.25996023416519165,0.7296848297119141,-0.2833622694015503,0.9743508696556091
111,26,0.2634640038013458,0.7779721617698669,-0.008881356567144394,0.9402910470962524
111,27,0.282118022441864,0.8460188508033752,-0.11544810235500336,0.7830715179443359
111,28,0.280682772397995,0.9252662062644958,0.15231932699680328,0.950647234916687
111,29,0.2908172607421875,0.8547837138175964,-0.1014811247587204,0.6726018786430359
111,30,0.290303111076355,0.9435444474220276,0.16246725618839264,0.8743632435798645
111,31,0.2820923328399658,0.9029145240783691,-0.18397420644760132,0.8025805354118347
111,32,0.2689412236213684,0.9827395677566528,0.06116529181599617,0.939816415309906
112,0,0.2685353755950928,0.3280286192893982,-0.21214249730110168,0.9999824166297913
112,1,0.27267998456954956,0.31341272592544556,-0.192042276263237,0.999961793422699
112,2,0.2758106589317322,0.3134107291698456,-0.19200365245342255,0.9999607801437378
112,3,0.2787199914455414,0.31359902024269104,-0.1920504868030548,0.9999642372131348
112,4,0.2645094692707062,0.3134838044643402,-0.19474585354328156,0.9999511241912842
112,5,0.2622062861919403,0.3136536777019501,-0.1948125660419464,0.9999293088912964
112,6,0.25942546129226685,0.3139858841896057,-0.19482266902923584,0.9999174475669861
112,7,0.2839222550392151,0.3204592764377594,-0.07420661300420761,0.9999656081199646
112,8,0.25642573833465576,0.32139667868614197,-0.09208480268716812,0.999754011631012
112,9,0.2748550474643707,0.3449532091617584,-0.16890846192836761,0.9999896287918091
112,10,0.2642228603363037,0.3442595601081848,-0.17358438670635223,0.9999808073043823
112,11,0.3076817989349365,0.41046831011772156,-0.028339309617877007,0.9999790191650391
112,12,0.23217906057834625,0.4026621878147125,-0.0207148976624012,0.9998302459716797
112,13,0.34188249707221985,0.48640063405036926,-0.01500221248716116,0.9967731833457947
112,14,0.1961347609758377,0.4941401481628418,-0.1147501990199089,0.7542462348937988
112,15,0.32739394903182983,0.5541435480117798,-0.1115066334605217,0.9860994815826416
112,16,0.2215922325849533,0.4692210555076599,-0.3201093077659607,0.7701563239097595
112,17,0.3212850093841553,0.5761916041374207,-0.13459044694900513,0.9622886776924133
112,18,0.22683192789554596,0.45934608578681946,-0.3550645112991333,0.7486676573753357
112,19,0.3168259263038635,0.5651379227638245,-0.14334098994731903,0.9632133841514587
112,20,0.23144464194774628,0.4469583034515381,-0.3507009446620941,0.7568099498748779
112,21,0.3174670934677124,0.5571668744087219,-0.11472202837467194,0.9456560015678406
112,22,0.22816717624664307,0.44862043857574463,-0.32069963216781616,0.7235625386238098
112,23,0.28738951683044434,0.6015159487724304,-0.021379593759775162,0.9997753500938416
112,24,0.246512770652771,0.6025855541229248,0.021420951932668686,0.9998306632041931
112,25,0.25858578085899353,0.7194949388504028,-0.27674493193626404,0.9725017547607422
112,26,0.26266083121299744,0.7671797275543213,-0.03521735221147537,0.9194839000701904
112,27,0.26884186267852783,0.841923713684082,-0.09815250337123871,0.7875651717185974
112,28,0.27647334337234497,0.9095172882080078,0.09394127130508423,0.9396334290504456
112,29,0.27832528948783875,0.840103030204773,-0.08280692994594574,0.6840428113937378
112,30,0.28384995460510254,0.9269880056381226,0.10179346054792404,0.8601932525634766
112,31,0.27614402770996094,0.8940717577934265,-0.16299428045749664,0.8057738542556763
112,32,0.2690315544605255,0.9733595848083496,-0.005948142148554325,0.9213659763336182
113,0,0.2658447325229645,0.31829530000686646,-0.21209299564361572,0.999983012676239
113,1,0.27021971344947815,0.3033711314201355,-0.1930648535490036,0.9999628067016602
113,2,0.273345410823822,0.3032029867172241,-0.19305270910263062,0.9999614953994751
113,3,0.2763655185699463,0.3033510446548462,-0.19309937953948975,0.9999640583992004
113,4,0.2620924413204193,0.3043655455112457,-0.19408240914344788,0.9999536871910095
113,5,0.25994202494621277,0.30496689677238464,-0.19414258003234863,0.9999338984489441
113,6,0.25710177421569824,0.3056497573852539,-0.1941494643688202,0.9999232292175293
113,7,0.2819478511810303,0.3122791349887848,-0.08375921100378036,0.9999657273292542
113,8,0.25437435507774353,0.3134416937828064,-0.09055852144956589,0.9997723698616028
113,9,0.27251458168029785,0.33570969104766846,-0.17044688761234283,0.9999887943267822
113,10,0.26183071732521057,0.3351629078388214,-0.1727239340543747,0.9999804496765137
113,11,0.3062475919723511,0.40159592032432556,-0.02021285519003868,0.9999765753746033
113,12,0.22974246740341187,0.3946869969367981,-0.013756525702774525,0.9998322129249573
113,13,0.3389788269996643,0.47633910179138184,-0.007940087467432022,0.996594250202179
113,14,0.19154827296733856,0.4838297367095947,-0.10623475909233093,0.7780348062515259
113,15,0.3280460834503174,0.5382517576217651,-0.11359439790248871,0.9853687882423401
113,16,0.22220036387443542,0.4587569236755371,-0.3162304162979126,0.7920777201652527
113,17,0.32474344968795776,0.5603071451187134,-0.13888652622699738,0.9598522186279297
113,18,0.22773794829845428,0.45016756653785706,-0.3523905873298645,0.7709473371505737
113,19,0.3187772333621979,0.5502012372016907,-0.1483536809682846,0.9610694050788879
113,20,0.23291544616222382,0.43882831931114197,-0.3487730324268341,0.7781121134757996
113,21,0.31850865483283997,0.5423985123634338,-0.11761821806430817,0.9429280161857605
113,22,0.22952178120613098,0.4404008388519287,-0.3172966539859772,0.7461140751838684
113,23,0.2858578562736511,0.5917393565177917,-0.019377125427126884,0.9997712969779968
113,24,0.2448219507932663,0.5942388772964478,0.019437706097960472,0.9998024106025696
113,25,0.2558935284614563,0.7070208787918091,-0.2856149673461914,0.9707316160202026
113,26,0.2593557834625244,0.7496926784515381,-0.03762297332286835,0.8986706137657166
113,27,0.2652735710144043,0.841924250125885,-0.13530972599983215,0.7966663241386414
113,28,0.2720238268375397,0.8969153761863708,0.08401919901371002,0.9291384220123291
113,29,0.2713789939880371,0.8645066618919373,-0.12319451570510864,0.7001499533653259
113,30,0.2792151868343353,0.9154596924781799,0.09076095372438431,0.8494649529457092
113,31,0.26832982897758484,0.8915349245071411,-0.21259480714797974,0.814153254032135
113,32,0.26875048875808716,0.9644905924797058,-0.01772882789373398,0.9058592915534973
114,0,0.2658902406692505,0.3098376393318176,-0.1993967741727829,0.9999843835830688
114,1,0.2702910006046295,0.294790118932724,-0.17911240458488464,0.9999658465385437
114,2,0.2734328508377075,0.29482972621917725,-0.17910826206207275,0.9999644756317139
114,3,0.27623748779296875,0.29515883326530457,-0.17915178835391998,0.9999666810035706
114,4,0.26155826449394226,0.2950650155544281,-0.1801276057958603,0.999957799911499
114,5,0.2590232789516449,0.29536089301109314,-0.18018659949302673,0.9999399781227112
114,6,0.2566707134246826,0.2958606779575348,-0.1801724135875702,0.9999304413795471
114,7,0.2811741232872009,0.30420413613319397,-0.06500488519668579,0.9999682903289795
114,8,0.2533652186393738,0.30344656109809875,-0.0717543214559555,0.9997941255569458
114,9,0.2722702920436859,0.32764920592308044,-0.15653158724308014,0.9999895095825195
114,10,0.26122400164604187,0.32677146792411804,-0.15875521302223206,0.9999819397926331
114,11,0.30391818284988403,0.393612265586853,0.007722142618149519,0.9999772906303406
114,12,0.22682511806488037,0.387338787317276,-0.006299481727182865,0.9998435974121094
114,13,0.3368740379810333,0.470135897397995,0.043116532266139984,0.996267557144165
114,14,0.1850149929523468,0.47819608449935913,-0.098983995616436,0.7998999357223511
114,15,0.32830148935317993,0.527975857257843,-0.04475657269358635,0.9844043850898743
114,16,0.2184070497751236,0.45021021366119385,-0.3244244158267975,0.8124262690544128
114,17,0.325531005859375,0.5523105263710022,-0.06679736077785492,0.9573330879211426
114,18,0.2268139272928238,0.4419393241405487,-0.36369243264198303,0.7924418449401855
114,19,0.31978482007980347,0.5410057306289673,-0.07541523873806,0.9588176608085632
114,20,0.2315763682126999,0.43069925904273987,-0.3608739972114563,0.7988367080688477
114,21,0.31927216053009033,0.5322834253311157,-0.04808878153562546,0.9397094249725342
114,22,0.2291029393672943,0.43234342336654663,-0.3260810673236847,0.7688204050064087
114,23,0.2845271825790405,0.5887526869773865,-0.02005329728126526,0.999789297580719
114,24,0.2431713342666626,0.5915054678916931,0.020108429715037346,0.999805212020874
114,25,0.2522803843021393,0.7132794260978699,-0.3203558921813965,0.9711952209472656
114,26,0.25805169343948364,0.7517075538635254,-0.010459454730153084,0.8793843984603882
114,27,0.26335588097572327,0.8800840973854065,-0.21434716880321503,0.814175546169281
114,28,0.2703401446342468,0.8974087238311768,0.1411932408809662,0.9238100051879883
114,29,0.26617753505706787,0.9014570116996765,-0.20793016254901886,0.7186917066574097
114,30,0.276450514793396,0.9175360202789307,0.15138234198093414,0.8460096716880798
114,31,0.2647898197174072,0.9357662796974182,-0.3285682499408722,0.8294551968574524
114,32,0.267600953578949,0.9591934680938721,0.03764655813574791,0.9026674628257751
115,0,0.2642878592014313,0.30330514907836914,-0.1835564374923706,0.9999856948852539
115,1,0.26876911520957947,0.2888132929801941,-0.16418655216693878,0.9999688267707825
115,2,0.2719224691390991,0.2889519929885864,-0.16417764127254486,0.9999674558639526
115,3,0.2747421860694885,0.2892912030220032,-0.16420145332813263,0.9999693632125854
115,4,0.25974857807159424,0.2889586389064789,-0.16330774128437042,0.9999616742134094
115,5,0.256935715675354,0.28915098309516907,-0.1633625030517578,0.9999455809593201
115,6,0.2548256814479828,0.28942418098449707,-0.16333052515983582,0.9999370574951172
115,7,0.279693603515625,0.2977331578731537,-0.05281289666891098,0.9999709129333496
115,8,0.25186601281166077,0.29589223861694336,-0.0501558743417263,0.9998140335083008
115,9,0.270675927400589,0.32066574692726135,-0.14156115055084229,0.9999902844429016
115,10,0.25932061672210693,0.31991761922836304,-0.14103516936302185,0.9999834299087524
115,11,0.30202624201774597,0.3857761025428772,0.010989692993462086,0.9999788999557495
115,12,0.22519154846668243,0.38100749254226685,0.026023492217063904,0.9998557567596436
115,13,0.33414939045906067,0.4627406895160675,0.034892939031124115,0.9962221384048462
115,14,0.18172553181648254,0.4723605215549469,-0.07650727033615112,0.8195270299911499
115,15,0.32930517196655273,0.5201753973960876,-0.05922631174325943,0.9843040108680725
115,16,0.2165903002023697,0.4460291564464569,-0.30312222242355347,0.8308406472206116
115,17,0.3287283778190613,0.5459261536598206,-0.08333035558462143,0.9572727680206299
115,18,0.22589518129825592,0.43845081329345703,-0.3428431749343872,0.8121581077575684
115,19,0.32244792580604553,0.5346943736076355,-0.09304164350032806,0.958830714225769
115,20,0.23038412630558014,0.42754095792770386,-0.3409009575843811,0.8178830742835999
115,21,0.32098567485809326,0.5251834988594055,-0.06323861330747604,0.939685583114624
115,22,0.22831155359745026,0.42916086316108704,-0.30546486377716064,0.7900286316871643
115,23,0.28161856532096863,0.5858540534973145,-0.02944352477788925,0.9998086094856262
115,24,0.24077622592449188,0.5890544056892395,0.029505403712391853,0.999816358089447
115,25,0.24915090203285217,0.721652090549469,-0.30096402764320374,0.9730204343795776
115,26,0.25343266129493713,0.7554641366004944,0.02791101671755314,0.8717687129974365
115,27,0.2588738203048706,0.8903278708457947,-0.2215670794248581,0.8320193886756897
115,28,0.2682262659072876,0.8947315216064453,0.18318933248519897,0.9251871705055237
115,29,0.26359352469444275,0.907029390335083,-0.21840140223503113,0.7413507699966431
115,30,0.2759871184825897,0.9109984636306763,0.19365465641021729,0.8516669869422913
115,31,0.2542659342288971,0.9543161988258362,-0.33891308307647705,0.8455191254615784
115,32,0.2635442316532135,0.9595805406570435,0.09172859787940979,0.9065154194831848
116,0,0.2636275887489319,0.2996421456336975,-0.16102094948291779,0.9999868273735046
116,1,0.26821810007095337,0.285548597574234,-0.14300104975700378,0.999971330165863
116,2,0.27127259969711304,0.28588932752609253,-0.14299307763576508,0.9999698996543884
116,3,0.27422627806663513,0.28635191917419434,-0.1429927945137024,0.9999715685844421
116,4,0.2590760886669159,0.28568965196609497,-0.14308752119541168,0.9999650120735168
116,5,0.2560186982154846,0.2860526144504547,-0.1431245356798172,0.9999504685401917
116,6,0.2535474896430969,0.28638437390327454,-0.14308962225914001,0.9999428987503052
116,7,0.2783570885658264,0.293049156665802,-0.03561495989561081,0.9999727010726929
116,8,0.25084611773490906,0.2921312153339386,-0.038331538438797,0.9998317956924438
116,9,0.2699437141418457,0.3156013786792755,-0.11988874524831772,0.999990701675415
116,10,0.2584012746810913,0.3149615228176117,-0.12080341577529907,0.9999845623970032
116,11,0.2998812794685364,0.38019394874572754,0.02371182292699814,0.9999803900718689
116,12,0.22414690256118774,0.3751654326915741,0.03727976977825165,0.9998663663864136
116,13,0.33108484745025635,0.45677292346954346,0.0463629849255085,0.996150016784668
116,14,0.1797368824481964,0.46301212906837463,-0.06832174211740494,0.8370659351348877
116,15,0.32984185218811035,0.51507967710495,-0.04804519563913345,0.9846105575561523
116,16,0.21697883307933807,0.44267964363098145,-0.28883495926856995,0.8472945690155029
116,17,0.33080071210861206,0.5417739748954773,-0.071354441344738,0.9582685828208923
116,18,0.2262912541627884,0.43857067823410034,-0.3286675214767456,0.829613447189331
116,19,0.3243066072463989,0.532539427280426,-0.08359774947166443,0.9598267078399658
116,20,0.23045365512371063,0.42859527468681335,-0.32677289843559265,0.8347190022468567
116,21,0.3221239149570465,0.5224877595901489,-0.053342822939157486,0.9413368701934814
116,22,0.22869813442230225,0.4291127622127533,-0.29128479957580566,0.8087365627288818
116,23,0.2789651155471802,0.5823591947555542,-0.03196116164326668,0.9998246431350708
116,24,0.2388676106929779,0.5845972299575806,0.03203355148434639,0.9998206496238708
116,25,0.24676428735256195,0.7257328629493713,-0.20166267454624176,0.9734840989112854
116,26,0.24886278808116913,0.7519003748893738,0.042420096695423126,0.8654087781906128
116,27,0.24762707948684692,0.9026762247085571,-0.15743368864059448,0.847820520401001
116,28,0.26825109124183655,0.8837136030197144,0.16849607229232788,0.9262537956237793
116,29,0.24906279146671295,0.9250572323799133,-0.15871413052082062,0.7614917755126953
116,30,0.27748945355415344,0.8912560343742371,0.1763935089111328,0.8563866019248962
116,31,0.24287556111812592,0.965634822845459,-0.27005448937416077,0.8598245978355408
116,32,0.2621937096118927,0.9543525576591492,0.08631297945976257,0.9100328683853149
117,0,0.2618892192840576,0.29458335041999817,-0.16748878359794617,0.999987781047821
117,1,0.2666057050228119,0.2815723121166229,-0.1497812718153,0.999973475933075
117,2,0.26978176832199097,0.28176581859588623,-0.14977049827575684,0.9999720454216003
117,3,0.2727859914302826,0.2820057272911072,-0.14975973963737488,0.999973475933075
117,4,0.2571680545806885,0.28171423077583313,-0.14940482378005981,0.9999679327011108
117,5,0.2541077136993408,0.2820334732532501,-0.14943988621234894,0.9999547600746155
117,6,0.2515626847743988,0.28253173828125,-0.1494012027978897,0.9999480843544006
117,7,0.2770201563835144,0.2891264855861664,-0.04458542540669441,0.9999740123748779
117,8,0.2491668462753296,0.2889515161514282,-0.04548491910099983,0.9998475313186646
117,9,0.2683059275150299,0.31063273549079895,-0.1272927075624466,0.9999909996986389
117,10,0.256267786026001,0.3096068501472473,-0.12759482860565186,0.9999854564666748
117,11,0.29945245385169983,0.3762749433517456,0.011993861757218838,0.9999818205833435
117,12,0.22216762602329254,0.3712334930896759,0.032726895064115524,0.9998756051063538
117,13,0.32865795493125916,0.4553142189979553,0.03528961166739464,0.9962158203125
117,14,0.1775173842906952,0.4543555974960327,-0.06547447293996811,0.8529978394508362
117,15,0.32933515310287476,0.5175331234931946,-0.05971722677350044,0.9855186343193054
117,16,0.21175821125507355,0.44527667760849,-0.289285808801651,0.8622636795043945
117,17,0.3299501836299896,0.5435836315155029,-0.08489561825990677,0.9607000946998596
117,18,0.222271129488945,0.4447191059589386,-0.3319728374481201,0.8457527756690979
117,19,0.32365307211875916,0.5353847146034241,-0.10032542794942856,0.9621739387512207
117,20,0.22743083536624908,0.4338919222354889,-0.3301088511943817,0.8503071069717407
117,21,0.3215170204639435,0.5256352424621582,-0.06629659980535507,0.9448632001876831
117,22,0.22553978860378265,0.4331817626953125,-0.2920677363872528,0.8263195753097534
117,23,0.27828001976013184,0.5804703831672668,-0.031953949481248856,0.9998368620872498
117,24,0.2374739795923233,0.5817936658859253,0.032025787979364395,0.9998178482055664
117,25,0.24645927548408508,0.7278360724449158,-0.13141418993473053,0.9735233187675476
117,26,0.2437940388917923,0.7466036081314087,0.045759912580251694,0.8653994798660278
117,27,0.24024701118469238,0.9112190008163452,-0.11191875487565994,0.8620288372039795
117,28,0.2682238221168518,0.8629171252250671,0.1742440164089203,0.9283437728881836
117,29,0.23897111415863037,0.937470555305481,-0.09288767725229263,0.7790056467056274
117,30,0.27836406230926514,0.8663604259490967,0.1826872080564499,0.8615990281105042
117,31,0.2334619164466858,0.973183810710907,-0.1950288563966751,0.872562825679779
117,32,0.2622099220752716,0.9398768544197083,0.09750744700431824,0.9140752553939819
118,0,0.2604331374168396,0.28944289684295654,-0.15986180305480957,0.9999886751174927
118,1,0.26517143845558167,0.2763437330722809,-0.14208967983722687,0.9999756217002869
118,2,0.26837748289108276,0.2763824760913849,-0.14206980168819427,0.999974250793457
118,3,0.2714223861694336,0.27647021412849426,-0.14205674827098846,0.9999755024909973
118,4,0.2556578516960144,0.27644893527030945,-0.14143790304660797,0.9999707341194153
118,5,0.2525940239429474,0.27660542726516724,-0.14148540794849396,0.9999588131904602
118,6,0.24999946355819702,0.2770804166793823,-0.14144033193588257,0.9999529123306274
118,7,0.2756323516368866,0.2839238941669464,-0.03620583936572075,0.9999757409095764
118,8,0.24792763590812683,0.28395456075668335,-0.03618507459759712,0.999862015247345
118,9,0.2671385407447815,0.3057461380958557,-0.11926876753568649,0.9999914169311523
118,10,0.2549118101596832,0.3042687177658081,-0.11917483061552048,0.9999864101409912
118,11,0.2986011803150177,0.372055321931839,0.018776021897792816,0.9999833703041077
118,12,0.22155962884426117,0.3676530420780182,0.04329880699515343,0.9998840689659119
118,13,0.3275660276412964,0.4531290829181671,0.036725740879774094,0.9962765574455261
118,14,0.1761486828327179,0.45059022307395935,-0.05759396776556969,0.8673168420791626
118,15,0.3289671838283539,0.515361487865448,-0.06267381459474564,0.9863016605377197
118,16,0.21105264127254486,0.44851556420326233,-0.28113195300102234,0.8756826519966125
118,17,0.32962584495544434,0.5407354235649109,-0.08863626420497894,0.9629188179969788
118,18,0.2213253527879715,0.4497801661491394,-0.32353103160858154,0.8601111769676208
118,19,0.3238397538661957,0.5329305529594421,-0.1042444109916687,0.9643080830574036
118,20,0.22608868777751923,0.43703070282936096,-0.3215356171131134,0.8641643524169922
118,21,0.3216583728790283,0.5230987071990967,-0.06925950944423676,0.9480178952217102
118,22,0.2241886556148529,0.435636967420578,-0.28408506512641907,0.8418617248535156
118,23,0.2777215838432312,0.578272819519043,-0.03515138104557991,0.9998506903648376
118,24,0.23594410717487335,0.5782048106193542,0.03527889773249626,0.9998172521591187
118,25,0.24561002850532532,0.7264483571052551,-0.17233368754386902,0.9739960432052612
118,26,0.23824787139892578,0.7400834560394287,0.06682375073432922,0.8593195080757141
118,27,0.23540644347667694,0.9229117035865784,-0.1726321280002594,0.8751379251480103
118,28,0.2664909064769745,0.8481113314628601,0.21145251393318176,0.9265110492706299
118,29,0.23561635613441467,0.9518709778785706,-0.17839643359184265,0.7955252528190613
118,30,0.2773308753967285,0.8526313304901123,0.22193625569343567,0.8646599054336548
118,31,0.2264433056116104,0.9787125587463379,-0.3003557026386261,0.8844074606895447
118,32,0.25987115502357483,0.9222944378852844,0.14448057115077972,0.9153367280960083
119,0,0.2592008709907532,0.2872645854949951,-0.16356581449508667,0.9999896287918091
119,1,0.26395419239997864,0.2734450399875641,-0.1455400288105011,0.9999777674674988
119,2,0.2671715319156647,0.2735674977302551,-0.14551688730716705,0.9999765157699585
119,3,0.2703940272331238,0.27388378977775574,-0.14550459384918213,0.9999775886535645
119,4,0.2545192241668701,0.27351319789886475,-0.1449565291404724,0.9999734163284302
119,5,0.25141215324401855,0.27364471554756165,-0.14500156044960022,0.9999626278877258
119,6,0.24879196286201477,0.27391737699508667,-0.14495113492012024,0.9999573826789856
119,7,0.2748633623123169,0.28181207180023193,-0.03952767699956894,0.9999776482582092
119,8,0.24645517766475677,0.2816481590270996,-0.03962075337767601,0.9998754262924194
119,9,0.26614540815353394,0.30338290333747864,-0.12302610278129578,0.9999920129776001
119,10,0.25390252470970154,0.30206164717674255,-0.12295539677143097,0.9999874830245972
119,11,0.29773983359336853,0.37190619111061096,0.015197331085801125,0.9999848008155823
119,12,0.21947991847991943,0.3665061593055725,0.043213408440351486,0.999891996383667
119,13,0.3267698884010315,0.4542827606201172,0.041706036776304245,0.9964298009872437
119,14,0.17297421395778656,0.4505684971809387,-0.045626427978277206,0.8802880048751831
119,15,0.32887375354766846,0.5184340476989746,-0.049226660281419754,0.9872381091117859
119,16,0.2104261815547943,0.45239129662513733,-0.27461299300193787,0.8878519535064697
119,17,0.3291741907596588,0.5432316064834595,-0.07390023022890091,0.9654145240783691
119,18,0.22027018666267395,0.45151570439338684,-0.318933367729187,0.8732361197471619
119,19,0.32311341166496277,0.5350109934806824,-0.09106922894716263,0.9666897654533386
119,20,0.22423012554645538,0.43903741240501404,-0.3158876895904541,0.8768367767333984
119,21,0.3212296962738037,0.5257648825645447,-0.05599556490778923,0.9515519142150879
119,22,0.22249582409858704,0.43823543190956116,-0.27547311782836914,0.8562058210372925
119,23,0.27473849058151245,0.5817365646362305,-0.03693597391247749,0.9998617172241211
119,24,0.23307077586650848,0.5802376866340637,0.0370614118874073,0.9998058676719666
119,25,0.24311232566833496,0.737745463848114,-0.13151708245277405,0.9746984839439392
119,26,0.23414982855319977,0.7447841167449951,0.07210367172956467,0.8551510572433472
119,27,0.23141272366046906,0.9344075918197632,-0.12023580074310303,0.8866437673568726
119,28,0.2628317177295685,0.8311946392059326,0.26389411091804504,0.9153710603713989
119,29,0.23215101659297943,0.9620384573936462,-0.11678510904312134,0.8057716488838196
119,30,0.2727888524532318,0.8330113291740417,0.28019949793815613,0.8594241142272949
119,31,0.21552054584026337,0.9788365960121155,-0.23095859587192535,0.8942956328392029
119,32,0.2556169629096985,0.9023957848548889,0.21521039307117462,0.9103497862815857
120,0,0.2570776343345642,0.2870345413684845,-0.1510831117630005,0.9999902248382568
120,1,0.26230964064598083,0.27384376525878906,-0.1331440955400467,0.9999793171882629
120,2,0.2656662166118622,0.2740776240825653,-0.13313648104667664,0.9999781250953674
120,3,0.2689143419265747,0.2745041847229004,-0.13313481211662292,0.9999790191650391
120,4,0.25276604294776917,0.27368810772895813,-0.1316644698381424,0.9999755620956421
120,5,0.24972814321517944,0.273687481880188,-0.13168784976005554,0.9999657273292542
120,6,0.24733085930347443,0.27394938468933105,-0.13162602484226227,0.9999611377716064
120,7,0.2739349901676178,0.2827174961566925,-0.029090508818626404,0.9999788999557495
120,8,0.24505175650119781,0.2817530930042267,-0.024813959375023842,0.9998870491981506
120,9,0.26372361183166504,0.30254146456718445,-0.1115756630897522,0.999992311000824
120,10,0.2515834867954254,0.30174824595451355,-0.11017932742834091,0.9999881386756897
120,11,0.296688437461853,0.37442833185195923,0.02349390834569931,0.9999858736991882
120,12,0.21752020716667175,0.3672444224357605,0.05579861253499985,0.999897301197052
120,13,0.32518988847732544,0.45596039295196533,0.056054048240184784,0.996382474899292
120,14,0.17155085504055023,0.452860951423645,-0.022968973964452744,0.8916595578193665
120,15,0.32765957713127136,0.519212543964386,-0.02988598309457302,0.9875481128692627
120,16,0.2075892984867096,0.4566977918148041,-0.2472670078277588,0.8985493779182434
120,17,0.3285256028175354,0.5433282852172852,-0.055750615894794464,0.9665905237197876
120,18,0.21785570681095123,0.4552151560783386,-0.29322144389152527,0.8844879269599915
120,19,0.32276344299316406,0.5355944037437439,-0.07567272335290909,0.9678112268447876
120,20,0.2211572527885437,0.4432629942893982,-0.29403936862945557,0.8876762390136719
120,21,0.32090866565704346,0.5266656875610352,-0.03819017484784126,0.9534974098205566
120,22,0.2194807231426239,0.4425458014011383,-0.25141650438308716,0.8683576583862305
120,23,0.27097567915916443,0.5821269750595093,-0.03688777610659599,0.9998665452003479
120,24,0.22847330570220947,0.5832400321960449,0.03704111650586128,0.9997715353965759
120,25,0.24357762932777405,0.7550602555274963,-0.1177796721458435,0.973842203617096
120,26,0.22993293404579163,0.7521218657493591,0.05941689759492874,0.8503079414367676
120,27,0.22930173575878143,0.9448495507240295,-0.1060790866613388,0.8959481120109558
120,28,0.25883954763412476,0.8452752232551575,0.22673054039478302,0.8998932242393494
120,29,0.22895579040050507,0.9694893956184387,-0.10776549577713013,0.8082696199417114
120,30,0.2707087993621826,0.860203742980957,0.23955170810222626,0.8481809496879578
120,31,0.21292021870613098,0.98720383644104,-0.23058408498764038,0.9013209342956543
120,32,0.24814464151859283,0.9135056138038635,0.1659383922815323,0.900678277015686
121,0,0.25552505254745483,0.2869854271411896,-0.1637493371963501,0.9999902248382568
121,1,0.2611992359161377,0.27430397272109985,-0.14257653057575226,0.9999799132347107
121,2,0.26474300026893616,0.27479293942451477,-0.14266149699687958,0.9999786019325256
121,3,0.26808732748031616,0.2753911316394806,-0.14270153641700745,0.9999793767929077
121,4,0.2513716220855713,0.27364957332611084,-0.14731205999851227,0.9999767541885376
121,5,0.24832236766815186,0.2735989987850189,-0.14731302857398987,0.9999676942825317
121,6,0.24593359231948853,0.2738567292690277,-0.14728304743766785,0.9999637007713318
121,7,0.2732609212398529,0.28402504324913025,-0.03885425999760628,0.9999781250953674
121,8,0.2435854971408844,0.2817111909389496,-0.046564359217882156,0.9998967051506042
121,9,0.26218459010124207,0.3032431900501251,-0.11871545016765594,0.999992311000824
121,10,0.2496129721403122,0.3023490011692047,-0.12574058771133423,0.9999884963035583
121,11,0.29504573345184326,0.37751564383506775,0.018810907378792763,0.9999860525131226
121,12,0.21455512940883636,0.3699636161327362,0.03008376620709896,0.9998963475227356
121,13,0.3256165385246277,0.45775845646858215,0.058416955173015594,0.9960810542106628
121,14,0.16871288418769836,0.45757025480270386,-0.02671525813639164,0.901776134967804
121,15,0.32483968138694763,0.5208520889282227,-0.04304994270205498,0.9871103167533875
121,16,0.20519421994686127,0.46401065587997437,-0.22361773252487183,0.9077088832855225
121,17,0.32715559005737305,0.5441224575042725,-0.07035046070814133,0.9661064743995667
121,18,0.2166205197572708,0.465315043926239,-0.26400724053382874,0.893538773059845
121,19,0.3215169310569763,0.5357622504234314,-0.08970957249403,0.9673517346382141
121,20,0.2194419652223587,0.45347779989242554,-0.26918360590934753,0.8963267803192139
121,21,0.3191612660884857,0.5270988345146179,-0.05127866193652153,0.9533876776695251
121,22,0.21724137663841248,0.4511701464653015,-0.22808168828487396,0.8776967525482178
121,23,0.2673478126525879,0.5971881151199341,-0.02029695175588131,0.9998544454574585
121,24,0.22470533847808838,0.592474639415741,0.020471327006816864,0.9996430277824402
121,25,0.24497777223587036,0.7799508571624756,-0.09654124081134796,0.9684204459190369
121,26,0.22738014161586761,0.7730759382247925,0.057025931775569916,0.8326110243797302
121,27,0.22967591881752014,0.9633117318153381,-0.06617553532123566,0.897275447845459
121,28,0.24788260459899902,0.8556823134422302,0.2388582080602646,0.8391417264938354
121,29,0.22725166380405426,0.9806997179985046,-0.0717795267701149,0.7921944260597229
121,30,0.2543306052684784,0.8671364784240723,0.2567911148071289,0.7950038909912109
121,31,0.21677759289741516,1.0039135217666626,-0.20282623171806335,0.8953712582588196
121,32,0.2445477843284607,0.9058127999305725,0.18762484192848206,0.8480319976806641
122,0,0.2541138231754303,0.2887541949748993,-0.16554859280586243,0.9999895691871643
122,1,0.26029685139656067,0.27647125720977783,-0.1470877081155777,0.9999791979789734
122,2,0.2637202739715576,0.2769591212272644,-0.14708195626735687,0.9999778270721436
122,3,0.2670009136199951,0.2775433659553528,-0.14708401262760162,0.9999784827232361
122,4,0.2503019869327545,0.2757243514060974,-0.1511152684688568,0.9999769926071167
122,5,0.2470684051513672,0.27561819553375244,-0.15109041333198547,0.9999684691429138
122,6,0.24465639889240265,0.2757066488265991,-0.15110161900520325,0.9999651908874512
122,7,0.2720396816730499,0.2858022451400757,-0.04369676485657692,0.99997478723526
122,8,0.24205823242664337,0.28269997239112854,-0.05349334329366684,0.9999043345451355
122,9,0.2604706287384033,0.30532756447792053,-0.1243528500199318,0.9999915361404419
122,10,0.24779164791107178,0.304153710603714,-0.13058391213417053,0.9999881386756897
122,11,0.293183296918869,0.3792112469673157,0.025738989934325218,0.9999858736991882
122,12,0.21103981137275696,0.3721933364868164,0.025262173265218735,0.9998935461044312
122,13,0.3254387378692627,0.45962586998939514,0.06210457161068916,0.9957450032234192
122,14,0.16507463157176971,0.4591235816478729,-0.0035375957377254963,0.9106258153915405
122,15,0.32079944014549255,0.5209972858428955,-0.05526323616504669,0.9862397909164429
122,16,0.2014988660812378,0.48157167434692383,-0.17672894895076752,0.9151589274406433
122,17,0.32000303268432617,0.5450198650360107,-0.08192411810159683,0.9646944999694824
122,18,0.21286746859550476,0.488057941198349,-0.21326600015163422,0.8999601602554321
122,19,0.3147430121898651,0.5365505218505859,-0.09742278605699539,0.9660593867301941
122,20,0.21569816768169403,0.4775525629520416,-0.22293446958065033,0.9024125933647156
122,21,0.3137804865837097,0.5279448628425598,-0.06270204484462738,0.9521807432174683
122,22,0.21340259909629822,0.4746910333633423,-0.18216951191425323,0.8839067220687866
122,23,0.26618608832359314,0.6031437516212463,-0.014669481664896011,0.9998429417610168
122,24,0.22133630514144897,0.5969192385673523,0.014865183271467686,0.9995233416557312
122,25,0.24413880705833435,0.782935619354248,-0.11654229462146759,0.9592657089233398
122,26,0.22445863485336304,0.7864267230033875,0.02586408518254757,0.7973764538764954
122,27,0.2283756136894226,0.9719805717468262,-0.10918295383453369,0.8930096626281738
122,28,0.24122464656829834,0.8732209801673889,0.22230011224746704,0.7702889442443848
122,29,0.2264123558998108,0.9867843985557556,-0.11760138720273972,0.7689507603645325
122,30,0.235881045460701,0.8879469037055969,0.23898011445999146,0.7337031960487366
122,31,0.21621835231781006,1.0155677795410156,-0.24400532245635986,0.8854333162307739
122,32,0.22733919322490692,0.908900260925293,0.1672259420156479,0.7865886092185974
123,0,0.252969354391098,0.2909928858280182,-0.2308393120765686,0.9999887943267822
123,1,0.25934022665023804,0.27843430638313293,-0.2128673642873764,0.9999781847000122
123,2,0.26260775327682495,0.2788585126399994,-0.21287401020526886,0.9999763369560242
123,3,0.26584556698799133,0.2793913781642914,-0.21289242804050446,0.9999772310256958
123,4,0.24919602274894714,0.2777939438819885,-0.21414054930210114,0.9999769926071167
123,5,0.24576428532600403,0.27774953842163086,-0.21416184306144714,0.9999687671661377
123,6,0.24328042566776276,0.277860552072525,-0.21415184438228607,0.9999663829803467
123,7,0.2704002559185028,0.28748974204063416,-0.10468371957540512,0.9999668002128601
123,8,0.23994922637939453,0.28474879264831543,-0.11154286563396454,0.9999101758003235
123,9,0.2589339315891266,0.3073573708534241,-0.18998216092586517,0.9999908208847046
123,10,0.24608369171619415,0.306281179189682,-0.1921117901802063,0.999987781047821
123,11,0.2917633354663849,0.38180479407310486,-0.028669903054833412,0.9999844431877136
123,12,0.20706269145011902,0.3735913932323456,-0.02505088783800602,0.9998895525932312
123,13,0.32449567317962646,0.46751832962036133,0.01227022148668766,0.994989812374115
123,14,0.16307920217514038,0.46618518233299255,-0.018539438024163246,0.9182416200637817
123,15,0.31755876541137695,0.5211359858512878,-0.10219374299049377,0.9826014637947083
123,16,0.19698171317577362,0.4998936057090759,-0.17737041413784027,0.9205583333969116
123,17,0.31526342034339905,0.5455122590065002,-0.12924179434776306,0.9588514566421509
123,18,0.206495463848114,0.5110407471656799,-0.21184676885604858,0.9031789898872375
123,19,0.3100239634513855,0.537055492401123,-0.1496986597776413,0.9603495597839355
123,20,0.21011535823345184,0.4976489841938019,-0.22326624393463135,0.9053915739059448
123,21,0.30956903100013733,0.5285345911979675,-0.11105255782604218,0.9457610249519348
123,22,0.20816345512866974,0.49341881275177,-0.18341496586799622,0.886695384979248
123,23,0.26414647698402405,0.6079888939857483,-0.015372714959084988,0.9998405575752258
123,24,0.21705088019371033,0.602275013923645,0.015479405410587788,0.9994412660598755
123,25,0.2421460747718811,0.7882378101348877,-0.06316439062356949,0.9609151482582092
123,26,0.2165229171514511,0.7878390550613403,0.03522522374987602,0.8022679090499878
123,27,0.23021280765533447,0.9674726128578186,-0.03345790132880211,0.901079535484314
123,28,0.2260437309741974,0.8087117075920105,0.34292522072792053,0.7165723443031311
123,29,0.2278294712305069,0.9836954474449158,-0.03744892403483391,0.7658538818359375
123,30,0.22896617650985718,0.800224781036377,0.3731491267681122,0.6869796514511108
123,31,0.21934373676776886,1.0126444101333618,-0.14744126796722412,0.891569197177887
123,32,0.21866175532341003,0.8597462177276611,0.34913715720176697,0.7434766888618469
124,0,0.2511085867881775,0.2911377549171448,-0.26634296774864197,0.9999889731407166
124,1,0.2578500211238861,0.27864423394203186,-0.24798347055912018,0.9999789595603943
124,2,0.2610172927379608,0.27895718812942505,-0.24799400568008423,0.999977171421051
124,3,0.26415231823921204,0.27972397208213806,-0.24802909791469574,0.9999781250953674
124,4,0.24759864807128906,0.27844002842903137,-0.2485833466053009,0.9999778866767883
124,5,0.2440962940454483,0.27847233414649963,-0.24861586093902588,0.9999701976776123
124,6,0.2417144924402237,0.2785428464412689,-0.24858997762203217,0.9999682903289795
124,7,0.26861172914505005,0.2889370024204254,-0.13739949464797974,0.9999664425849915
124,8,0.23842227458953857,0.2853929102420807,-0.1425180733203888,0.9999169111251831
124,9,0.25700831413269043,0.30984851717948914,-0.224746435880661,0.9999911189079285
124,10,0.2441283017396927,0.30797699093818665,-0.2261192947626114,0.9999880790710449
124,11,0.29076719284057617,0.3896600604057312,-0.06396619975566864,0.9999848008155823
124,12,0.20544295012950897,0.3784525692462921,-0.04800944775342941,0.9998821020126343
124,13,0.323988139629364,0.47789379954338074,-0.030605008825659752,0.9949607253074646
124,14,0.16235916316509247,0.4740065038204193,-0.03535770997405052,0.9245193004608154
124,15,0.3146061301231384,0.5296881794929504,-0.1534668356180191,0.9824214577674866
124,16,0.1916833072900772,0.5199095606803894,-0.19908607006072998,0.9239117503166199
124,17,0.31079065799713135,0.5490879416465759,-0.18304555118083954,0.9587773680686951
124,18,0.19921143352985382,0.531487226486206,-0.2355339527130127,0.9036787748336792
124,19,0.30452626943588257,0.5392526984214783,-0.20528729259967804,0.960293173789978
124,20,0.20289669930934906,0.5184066891670227,-0.24610379338264465,0.9057657122612
124,21,0.30467429757118225,0.5314716696739197,-0.16275295615196228,0.9459663033485413
124,22,0.2011580765247345,0.5135135054588318,-0.20549052953720093,0.8865950107574463
124,23,0.2625355124473572,0.6161677837371826,-0.016500243917107582,0.9998416304588318
124,24,0.21370166540145874,0.60886150598526,0.016531553119421005,0.9993937611579895
124,25,0.2405676394701004,0.7973781228065491,-0.043581265956163406,0.9633815884590149
124,26,0.20804476737976074,0.7916111350059509,-0.006871374323964119,0.8157263994216919
124,27,0.2306203544139862,0.9663904905319214,0.04194977506995201,0.9092176556587219
124,28,0.2231222242116928,0.7958526015281677,0.3140060603618622,0.6740718483924866
124,29,0.2291022390127182,0.9823605418205261,0.04434705153107643,0.7649848461151123
124,30,0.23005543649196625,0.7815120220184326,0.34612834453582764,0.6457197070121765
124,31,0.22014226019382477,1.0154527425765991,-0.057336099445819855,0.8985708355903625
124,32,0.22144123911857605,0.8512682914733887,0.33076146245002747,0.7088286280632019
125,0,0.24859341979026794,0.29413217306137085,-0.2783740162849426,0.9999886751174927
125,1,0.2555740177631378,0.28134840726852417,-0.2608676850795746,0.9999792575836182
125,2,0.25893181562423706,0.2817228436470032,-0.2608727216720581,0.9999775290489197
125,3,0.26202592253685,0.2827063500881195,-0.2609069347381592,0.9999784827232361
125,4,0.24520070850849152,0.28114673495292664,-0.2602059245109558,0.9999781847000122
125,5,0.24187010526657104,0.28117281198501587,-0.26024484634399414,0.9999710321426392
125,6,0.23961061239242554,0.28159448504447937,-0.2602236568927765,0.9999696016311646
125,7,0.266779363155365,0.2925257980823517,-0.15303924679756165,0.9999647736549377
125,8,0.23655197024345398,0.2892707884311676,-0.15232431888580322,0.9999220371246338
125,9,0.2548527419567108,0.3154010772705078,-0.23760554194450378,0.9999911785125732
125,10,0.24170561134815216,0.3130725622177124,-0.23725126683712006,0.9999879598617554
125,11,0.2902594804763794,0.40018603205680847,-0.07962304353713989,0.9999843239784241
125,12,0.2030526101589203,0.38828450441360474,-0.05456916242837906,0.9998691082000732
125,13,0.3240916132926941,0.49089470505714417,-0.04286358505487442,0.9949647784233093
125,14,0.16019046306610107,0.48758843541145325,-0.03248335048556328,0.9301683306694031
125,15,0.3103669583797455,0.5448741912841797,-0.15547558665275574,0.9820842742919922
125,16,0.18738102912902832,0.5348822474479675,-0.16965192556381226,0.9268251657485962
125,17,0.3044341802597046,0.5601751208305359,-0.1825559437274933,0.9579461812973022
125,18,0.19457806646823883,0.5442115664482117,-0.2020062357187271,0.9037696123123169
125,19,0.2985704243183136,0.5484492182731628,-0.202022522687912,0.9593697786331177
125,20,0.19832003116607666,0.5326904058456421,-0.2131984978914261,0.9056254029273987
125,21,0.29958879947662354,0.5416083335876465,-0.1629936844110489,0.9450693726539612
125,22,0.19680216908454895,0.5280778408050537,-0.1755468249320984,0.8857828378677368
125,23,0.26243358850479126,0.6285183429718018,-0.017670128494501114,0.9998344779014587
125,24,0.21163210272789001,0.6223329901695251,0.017697082832455635,0.9993021488189697
125,25,0.23968568444252014,0.8118124008178711,-0.034479230642318726,0.9652698040008545
125,26,0.20183555781841278,0.8053693175315857,-0.012471300549805164,0.8273027539253235
125,27,0.22991777956485748,0.971397340297699,0.07925666868686676,0.9157673120498657
125,28,0.21829316020011902,0.7969411015510559,0.31795820593833923,0.6297764182090759
125,29,0.22770152986049652,0.9867463111877441,0.08517873287200928,0.7618730068206787
125,30,0.2268603891134262,0.782547116279602,0.35184165835380554,0.6054019331932068
125,31,0.22090964019298553,1.0219913721084595,-0.006455618888139725,0.9035140872001648
125,32,0.2211088389158249,0.8483873605728149,0.3428247272968292,0.6705954074859619
126,0,0.24529008567333221,0.2994404435157776,-0.2713086009025574,0.9999892115592957
126,1,0.2524224519729614,0.2858761250972748,-0.2542000114917755,0.9999805092811584
126,2,0.2557806968688965,0.28609246015548706,-0.25418999791145325,0.9999788403511047
126,3,0.2590259313583374,0.28710225224494934,-0.2542034685611725,0.9999797940254211
126,4,0.24185125529766083,0.2855607867240906,-0.2528207302093506,0.9999794960021973
126,5,0.2387450933456421,0.2856006622314453,-0.2528601586818695,0.9999728798866272
126,6,0.2361758053302765,0.28635677695274353,-0.25284674763679504,0.9999717473983765
126,7,0.26448145508766174,0.29688841104507446,-0.14865773916244507,0.999966025352478
126,8,0.23308253288269043,0.29493090510368347,-0.143966406583786,0.99992835521698
126,9,0.25185465812683105,0.3216666281223297,-0.2313988357782364,0.9999917149543762
126,10,0.23868022859096527,0.3195573091506958,-0.229933500289917,0.9999886155128479
126,11,0.28917819261550903,0.4080890715122223,-0.0807541012763977,0.999984860420227
126,12,0.19962775707244873,0.39470136165618896,-0.048636630177497864,0.9998713135719299
126,13,0.32185623049736023,0.5016590356826782,-0.05814385786652565,0.9949809312820435
126,14,0.1597253531217575,0.49289536476135254,-0.02639077976346016,0.9354326128959656
126,15,0.30278870463371277,0.5557258129119873,-0.18572866916656494,0.9820613861083984
126,16,0.18084688484668732,0.5492114424705505,-0.1605265885591507,0.9302402138710022
126,17,0.2948828935623169,0.5718012452125549,-0.21588383615016937,0.9580379128456116
126,18,0.18883703649044037,0.5656900405883789,-0.1924740970134735,0.9054442644119263
126,19,0.28945955634117126,0.5584084391593933,-0.2315748631954193,0.9593034386634827
126,20,0.1930336356163025,0.5529593825340271,-0.20580890774726868,0.9071592092514038
126,21,0.29125502705574036,0.5513942837715149,-0.1921093761920929,0.9449859261512756
126,22,0.19153554737567902,0.54706871509552,-0.16732676327228546,0.8874699473381042
126,23,0.26172634959220886,0.6373584270477295,-0.01960606686770916,0.9998342990875244
126,24,0.21007536351680756,0.6312626004219055,0.019457731395959854,0.9992833733558655
126,25,0.24089257419109344,0.8198670744895935,-0.0409533828496933,0.9678447246551514
126,26,0.1963735818862915,0.8092122673988342,-0.018956342712044716,0.8405638337135315
126,27,0.23070867359638214,0.9696216583251953,0.0998801589012146,0.9224721193313599
126,28,0.21600565314292908,0.7985891699790955,0.32330864667892456,0.6010799407958984
126,29,0.22840432822704315,0.9859707355499268,0.1086469441652298,0.7604206800460815
126,30,0.22700104117393494,0.7790704965591431,0.35864177346229553,0.5783172249794006
126,31,0.21980860829353333,1.0257115364074707,0.019191265106201172,0.9093721508979797
126,32,0.2156505584716797,0.8503679633140564,0.3524986207485199,0.6490287780761719
127,0,0.24165116250514984,0.3042546212673187,-0.27095580101013184,0.9999900460243225
127,1,0.2490072399377823,0.29110509157180786,-0.25275900959968567,0.9999820590019226
127,2,0.25249314308166504,0.29152151942253113,-0.2527565360069275,0.9999805092811584
127,3,0.25582319498062134,0.2923518717288971,-0.25276049971580505,0.9999814033508301
127,4,0.23856684565544128,0.2902730405330658,-0.25154924392700195,0.9999811053276062
127,5,0.23578573763370514,0.29021409153938293,-0.2515847980976105,0.9999750256538391
127,6,0.23298870027065277,0.2906119227409363,-0.2515794336795807,0.9999741315841675
127,7,0.26200994849205017,0.301631361246109,-0.14456064999103546,0.9999681711196899
127,8,0.22997266054153442,0.29933521151542664,-0.14090865850448608,0.9999347925186157
127,9,0.24840353429317474,0.32581627368927,-0.23054975271224976,0.9999924302101135
127,10,0.2355060577392578,0.32369092106819153,-0.2294042855501175,0.9999895095825195
127,11,0.28771263360977173,0.41463661193847656,-0.08086304366588593,0.9999856352806091
127,12,0.19590085744857788,0.3997211158275604,-0.04744965583086014,0.999879002571106
127,13,0.3190145194530487,0.5133104920387268,-0.08509527146816254,0.9950881600379944
127,14,0.15958914160728455,0.4977770745754242,-0.02152405120432377,0.9403800368309021
127,15,0.2940230965614319,0.5606354475021362,-0.24934138357639313,0.9827269911766052
127,16,0.17410388588905334,0.5620622038841248,-0.15366323292255402,0.9345719218254089
127,17,0.28525108098983765,0.5752755999565125,-0.2855871915817261,0.9596492052078247
127,18,0.18085049092769623,0.5885201096534729,-0.18627458810806274,0.9094676971435547
127,19,0.27991095185279846,0.5619370937347412,-0.2979162037372589,0.9607845544815063
127,20,0.18637911975383759,0.5730867385864258,-0.20306511223316193,0.9110561013221741
127,21,0.28200995922088623,0.5553656816482544,-0.25541916489601135,0.9468088150024414
127,22,0.18577387928962708,0.5657534003257751,-0.1618712693452835,0.8920881748199463
127,23,0.2606160044670105,0.6470704674720764,-0.020033350214362144,0.9998410940170288
127,24,0.2078854888677597,0.6404938697814941,0.019774027168750763,0.9993106722831726
127,25,0.2413378804922104,0.8319011926651001,-0.033484216779470444,0.970098078250885
127,26,0.19069264829158783,0.8069018721580505,-0.03251722455024719,0.8531711101531982
127,27,0.23051348328590393,0.9763414263725281,0.13394027948379517,0.9283862113952637
127,28,0.212934672832489,0.8013911843299866,0.32894986867904663,0.577007532119751
127,29,0.22717374563217163,0.9901244640350342,0.14583615958690643,0.7605409026145935
127,30,0.22515250742435455,0.7825628519058228,0.36616218090057373,0.5563240647315979
127,31,0.22110897302627563,1.0342544317245483,0.05827975645661354,0.9147794246673584
127,32,0.21101714670658112,0.8521615862846375,0.3606876730918884,0.6310462355613708
128,0,0.2378014326095581,0.3070003092288971,-0.2641647160053253,0.9999908804893494
128,1,0.24483421444892883,0.2942163646221161,-0.24687130749225616,0.9999836087226868
128,2,0.24837473034858704,0.2947791814804077,-0.2468586266040802,0.9999821782112122
128,3,0.25181373953819275,0.29572558403015137,-0.24684850871562958,0.999983012676239
128,4,0.2352093756198883,0.2932412326335907,-0.2453385442495346,0.9999826550483704
128,5,0.23247726261615753,0.29324886202812195,-0.2453577071428299,0.9999771118164062
128,6,0.22965291142463684,0.2934982180595398,-0.24534831941127777,0.9999763369560242
128,7,0.25887975096702576,0.3051411211490631,-0.14306282997131348,0.999970555305481
128,8,0.22706592082977295,0.30183160305023193,-0.13755938410758972,0.9999406337738037
128,9,0.2444661557674408,0.32704484462738037,-0.22534319758415222,0.999993085861206
128,10,0.23219256103038788,0.32492467761039734,-0.22377462685108185,0.9999904036521912
128,11,0.2838398814201355,0.4161885380744934,-0.08843203634023666,0.9999867081642151
128,12,0.1934257596731186,0.4013739228248596,-0.04512771964073181,0.999886691570282
128,13,0.31579118967056274,0.5221136808395386,-0.10256003588438034,0.9953563213348389
128,14,0.1602923721075058,0.49697649478912354,-0.003639533184468746,0.9443306922912598
128,15,0.28573498129844666,0.5626609921455383,-0.26518625020980835,0.9839152097702026
128,16,0.17102983593940735,0.5691402554512024,-0.10729256272315979,0.936953604221344
128,17,0.2749161422252655,0.5763901472091675,-0.3006327152252197,0.9623509049415588
128,18,0.17618845403194427,0.5956839323043823,-0.13506901264190674,0.9099989533424377
128,19,0.2709696292877197,0.5609699487686157,-0.30989137291908264,0.9633603692054749
128,20,0.18149754405021667,0.5838979482650757,-0.15415674448013306,0.911466658115387
128,21,0.2736600935459137,0.5542179942131042,-0.26971039175987244,0.9500229954719543
128,22,0.18147990107536316,0.5760706067085266,-0.11609692126512527,0.893062949180603
128,23,0.25810497999191284,0.644710898399353,-0.02159769833087921,0.9998473525047302
128,24,0.2060638815164566,0.63913893699646,0.021295951679348946,0.9993484616279602
128,25,0.24075329303741455,0.82570880651474,-0.04861920326948166,0.9723964333534241
128,26,0.18890847265720367,0.8029341697692871,-0.06615618616342545,0.8662932515144348
128,27,0.23137815296649933,0.9729849100112915,0.09738089144229889,0.9345656037330627
128,28,0.21881258487701416,0.8055353760719299,0.3003641664981842,0.5816228985786438
128,29,0.22861847281455994,0.9858880639076233,0.10711842030286789,0.7666312456130981
128,30,0.22781121730804443,0.7975704073905945,0.32945966720581055,0.5502008199691772
128,31,0.22134363651275635,1.0335952043533325,0.012993309646844864,0.9213146567344666
128,32,0.21742433309555054,0.8544134497642517,0.31067296862602234,0.6370707750320435
129,0,0.23400633037090302,0.3086252808570862,-0.2541309893131256,0.999991238117218
129,1,0.24080605804920197,0.29478055238723755,-0.23668436706066132,0.9999837875366211
129,2,0.2444412261247635,0.29544714093208313,-0.23667991161346436,0.9999824166297913
129,3,0.24780532717704773,0.2963402271270752,-0.23667924106121063,0.9999834895133972
129,4,0.23167569935321808,0.29405340552330017,-0.2354421466588974,0.9999825954437256
129,5,0.2291094958782196,0.2941434979438782,-0.23546697199344635,0.9999770522117615
129,6,0.2264673113822937,0.2944796681404114,-0.23545236885547638,0.9999767541885376
129,7,0.2549755275249481,0.30660784244537354,-0.1353660672903061,0.9999690651893616
129,8,0.22442060708999634,0.3034014105796814,-0.12833565473556519,0.9999434947967529
129,9,0.2404993176460266,0.3273583948612213,-0.21540260314941406,0.9999934434890747
129,10,0.22902032732963562,0.32563892006874084,-0.213775172829628,0.9999908208847046
129,11,0.28121864795684814,0.4170069992542267,-0.08655448257923126,0.9999874830245972
129,12,0.19160307943820953,0.40135428309440613,-0.04063845053315163,0.9998941421508789
129,13,0.31009039282798767,0.5266892313957214,-0.11077157407999039,0.9955228567123413
129,14,0.16045282781124115,0.49500539898872375,0.0017415297916159034,0.94737309217453
129,15,0.27625009417533875,0.5617057681083679,-0.26670971512794495,0.9848912358283997
129,16,0.16870400309562683,0.5694199204444885,-0.10019806772470474,0.9372789859771729
129,17,0.26480793952941895,0.5749126672744751,-0.3014771342277527,0.9645630717277527
129,18,0.170255646109581,0.5943871736526489,-0.1282529979944229,0.9076595902442932
129,19,0.2611745297908783,0.5596407055854797,-0.3090638816356659,0.9654315114021301
129,20,0.17535990476608276,0.5871776342391968,-0.14798222482204437,0.908868670463562
129,21,0.26391249895095825,0.5530740022659302,-0.27051734924316406,0.9523854851722717
129,22,0.17649194598197937,0.5790455937385559,-0.10980204492807388,0.8909720182418823
129,23,0.25608500838279724,0.6410565972328186,-0.01804221421480179,0.9998527765274048
129,24,0.20463144779205322,0.6350573301315308,0.01781359873712063,0.9993945956230164
129,25,0.2405557483434677,0.8208073973655701,-0.045220065861940384,0.9745433926582336
129,26,0.18735572695732117,0.7829587459564209,-0.15745806694030762,0.8789107799530029
129,27,0.2319217175245285,0.9706171154975891,0.08722716569900513,0.9404679536819458
129,28,0.2140844315290451,0.8060910105705261,0.18074199557304382,0.5980694890022278
129,29,0.2294224500656128,0.9840997457504272,0.0954342931509018,0.7758298516273499
129,30,0.22210824489593506,0.7940763831138611,0.21386626362800598,0.5464872121810913
129,31,0.22602452337741852,1.0358892679214478,-0.0058616832830011845,0.9278187155723572
129,32,0.21635626256465912,0.8638887405395508,0.18853172659873962,0.6536527276039124
130,0,0.2318325638771057,0.30700555443763733,-0.25370046496391296,0.9999916553497314
130,1,0.23804256319999695,0.2932704985141754,-0.23621483147144318,0.9999841451644897
130,2,0.24180062115192413,0.29382994771003723,-0.2361481636762619,0.9999828934669495
130,3,0.24507538974285126,0.29467543959617615,-0.23614494502544403,0.9999841451644897
130,4,0.22872281074523926,0.2930169701576233,-0.2326984405517578,0.9999827742576599
130,5,0.2259230762720108,0.29317107796669006,-0.23267266154289246,0.9999773502349854
130,6,0.22333520650863647,0.29348433017730713,-0.2326766848564148,0.9999772906303406
130,7,0.2518064081668854,0.3051169514656067,-0.13131773471832275,0.9999686479568481
130,8,0.2213454693555832,0.30312374234199524,-0.11981189250946045,0.999946653842926
130,9,0.23863039910793304,0.3256922662258148,-0.21260428428649902,0.9999938607215881
130,10,0.22684642672538757,0.32418110966682434,-0.2128223329782486,0.9999912977218628
130,11,0.2780427932739258,0.4148859679698944,-0.07675694674253464,0.9999884366989136
130,12,0.18915627896785736,0.4003605842590332,-0.03396826237440109,0.9999020099639893
130,13,0.30628830194473267,0.5262617468833923,-0.12051904201507568,0.9957873821258545
130,14,0.160622701048851,0.49491772055625916,0.011921415105462074,0.949417233467102
130,15,0.2653254568576813,0.5556315183639526,-0.2958042323589325,0.9860991835594177
130,16,0.166907399892807,0.5663997530937195,-0.10704152286052704,0.9374650716781616
130,17,0.2527044415473938,0.5650867819786072,-0.33418071269989014,0.9672631025314331
130,18,0.16618448495864868,0.5908942818641663,-0.13688240945339203,0.905855655670166
130,19,0.2482365071773529,0.5482458472251892,-0.3362404406070709,0.9680244326591492
130,20,0.17223741114139557,0.5846391916275024,-0.15714126825332642,0.9067977070808411
130,21,0.25227704644203186,0.5440978407859802,-0.2976993918418884,0.9555228352546692
130,22,0.17404146492481232,0.5761380195617676,-0.11723124235868454,0.888643741607666
130,23,0.2536335587501526,0.6381421685218811,-0.016314659267663956,0.9998610019683838
130,24,0.20255149900913239,0.6335723400115967,0.01614164188504219,0.9994469881057739
130,25,0.24080374836921692,0.8223938941955566,-0.03632262721657753,0.976662814617157
130,26,0.18447625637054443,0.7576452493667603,-0.24066047370433807,0.8907093405723572
130,27,0.2316911667585373,0.9755129814147949,0.11332906782627106,0.9459642171859741
130,28,0.20989389717578888,0.8108378648757935,0.08821642398834229,0.6229520440101624
130,29,0.22910691797733307,0.9877708554267883,0.12341682612895966,0.7871483564376831
130,30,0.2185354232788086,0.7999486327171326,0.12034119665622711,0.5527487993240356
130,31,0.2312949150800705,1.0385481119155884,0.0162450410425663,0.9340752959251404
130,32,0.21245981752872467,0.8755080103874207,0.07999494671821594,0.6764973402023315
131,0,0.22913120687007904,0.2995290160179138,-0.24996913969516754,0.9999921321868896
131,1,0.2353348284959793,0.2859085500240326,-0.23254933953285217,0.9999847412109375
131,2,0.23897796869277954,0.2863766551017761,-0.23249998688697815,0.9999836087226868
131,3,0.24240607023239136,0.28700074553489685,-0.23249976336956024,0.9999849200248718
131,4,0.22585366666316986,0.285881370306015,-0.2300843596458435,0.9999831914901733
131,5,0.22321836650371552,0.2860294580459595,-0.2300851196050644,0.9999780058860779
131,6,0.22017334401607513,0.28639474511146545,-0.2300836443901062,0.9999780654907227
131,7,0.24896037578582764,0.29716718196868896,-0.12767569720745087,0.9999696016311646
131,8,0.2181483954191208,0.2974548935890198,-0.11819914728403091,0.9999499917030334
131,9,0.23618465662002563,0.3187108337879181,-0.20956484973430634,0.9999942779541016
131,10,0.22432759404182434,0.31746038794517517,-0.2096254825592041,0.9999917149543762
131,11,0.27501919865608215,0.40941932797431946,-0.07588560879230499,0.9999892711639404
131,12,0.1877874732017517,0.3949224650859833,-0.02705785259604454,0.9999082684516907
131,13,0.3009473383426666,0.5225249528884888,-0.11734496057033539,0.9960663318634033
131,14,0.16058707237243652,0.4890802204608917,0.01942402496933937,0.9499966502189636
131,15,0.25415605306625366,0.5439648628234863,-0.28684887290000916,0.9872598648071289
131,16,0.1659742146730423,0.5632468461990356,-0.10186194628477097,0.936937153339386
131,17,0.24036842584609985,0.5494717955589294,-0.32615363597869873,0.96986323595047
131,18,0.16440697014331818,0.5874021053314209,-0.13325610756874084,0.9036250710487366
131,19,0.235907182097435,0.5334651470184326,-0.32824787497520447,0.9705266356468201
131,20,0.17011243104934692,0.5824019312858582,-0.1559733748435974,0.9043777585029602
131,21,0.23991556465625763,0.5308786034584045,-0.28863340616226196,0.9586582779884338
131,22,0.1721225082874298,0.5739490985870361,-0.11332031339406967,0.885989248752594
131,23,0.2505975067615509,0.6363202929496765,-0.01673232764005661,0.999865710735321
131,24,0.2008267641067505,0.6244102120399475,0.016582801938056946,0.9994927048683167
131,25,0.2409399449825287,0.8187419176101685,-0.03618793189525604,0.9786627292633057
131,26,0.1818159967660904,0.7501550316810608,-0.23260073363780975,0.9014101028442383
131,27,0.2318257987499237,0.9757182598114014,0.1248549371957779,0.9509792923927307
131,28,0.20654091238975525,0.8177828788757324,0.06601919233798981,0.6529309153556824
131,29,0.22948358952999115,0.9876768589019775,0.13511864840984344,0.7973387837409973
131,30,0.21765613555908203,0.8091509342193604,0.09396547079086304,0.5715010762214661
131,31,0.23355719447135925,1.0356006622314453,0.020422497764229774,0.9397314786911011
131,32,0.20366379618644714,0.9003485441207886,0.038548171520233154,0.7019386291503906
132,0,0.22374223172664642,0.2898661196231842,-0.24022293090820312,0.9999919533729553
132,1,0.22988015413284302,0.275578111410141,-0.2245413213968277,0.9999833703041077
132,2,0.23373325169086456,0.27590659260749817,-0.224563866853714,0.999982476234436
132,3,0.23751577734947205,0.2764684855937958,-0.22458183765411377,0.9999843239784241
132,4,0.2212149202823639,0.2753583490848541,-0.21898730099201202,0.9999809265136719
132,5,0.218575581908226,0.27546268701553345,-0.2189529538154602,0.9999751448631287
132,6,0.215714693069458,0.27581873536109924,-0.2189444899559021,0.999975323677063
132,7,0.24548935890197754,0.28760600090026855,-0.12423951923847198,0.9999683499336243
132,8,0.21493926644325256,0.2870093584060669,-0.09929396957159042,0.9999483227729797
132,9,0.23012857139110565,0.309723824262619,-0.20174629986286163,0.9999943971633911
132,10,0.21947497129440308,0.3082105815410614,-0.19568198919296265,0.9999915361404419
132,11,0.2720660865306854,0.3975682556629181,-0.077114537358284,0.9999900460243225
132,12,0.18591196835041046,0.3850889205932617,0.0027486439794301987,0.999913215637207
132,13,0.29582667350769043,0.5190028548240662,-0.1342303454875946,0.9963627457618713
132,14,0.16103795170783997,0.47419825196266174,0.05371152609586716,0.9464138746261597
132,15,0.24346010386943817,0.521305501461029,-0.3079216480255127,0.9883797764778137
132,16,0.16537481546401978,0.5577965378761292,-0.07656186819076538,0.9342455267906189
132,17,0.22852778434753418,0.5201674699783325,-0.34891897439956665,0.9724205732345581
132,18,0.1630529910326004,0.5811355710029602,-0.10747727006673813,0.8993117809295654
132,19,0.22650374472141266,0.5012998580932617,-0.34853261709213257,0.9730032682418823
132,20,0.16730912029743195,0.5772586464881897,-0.1335868388414383,0.9000450372695923
132,21,0.2298150360584259,0.5003213882446289,-0.3085337281227112,0.9618207812309265
132,22,0.1697477102279663,0.5688031911849976,-0.0900479182600975,0.8812075853347778
132,23,0.2475779503583908,0.6341367363929749,-0.019201399758458138,0.9998665452003479
132,24,0.19796530902385712,0.6177926659584045,0.019122494384646416,0.999530017375946
132,25,0.24124501645565033,0.8166595101356506,-0.043254878371953964,0.9805627465248108
132,26,0.1801566332578659,0.7397140264511108,-0.22242110967636108,0.9111157655715942
132,27,0.23202376067638397,0.973803699016571,0.12097414582967758,0.955561637878418
132,28,0.20032697916030884,0.8382629752159119,0.0659225583076477,0.6833423972129822
132,29,0.22957326471805573,0.986216127872467,0.13098680973052979,0.8071160912513733
132,30,0.21016964316368103,0.8381401300430298,0.09170281141996384,0.5965895652770996
132,31,0.2330951690673828,1.033434510231018,0.009016359224915504,0.9449360966682434
132,32,0.19128592312335968,0.9238333702087402,0.024206290021538734,0.7275484204292297
133,0,0.21919840574264526,0.27510368824005127,-0.23280683159828186,0.9999918341636658
133,1,0.2252705991268158,0.2620621919631958,-0.2167159765958786,0.9999819397926331
133,2,0.2288723587989807,0.26235055923461914,-0.21676257252693176,0.9999812245368958
133,3,0.2327066957950592,0.26292291283607483,-0.21677954494953156,0.9999836683273315
133,4,0.21722158789634705,0.2617224156856537,-0.21099933981895447,0.9999790191650391
133,5,0.21456293761730194,0.2618543207645416,-0.21095459163188934,0.9999727010726929
133,6,0.21207138895988464,0.2620134651660919,-0.2109489142894745,0.9999731183052063
133,7,0.2409633994102478,0.2723745107650757,-0.11534370481967926,0.9999666213989258
133,8,0.2115764617919922,0.2709224820137024,-0.08938091993331909,0.9999469518661499
133,9,0.22425270080566406,0.2956726551055908,-0.19438286125659943,0.9999944567680359
133,10,0.21497996151447296,0.29487866163253784,-0.18737879395484924,0.9999914765357971
133,11,0.2679365873336792,0.38337934017181396,-0.07444040477275848,0.9999905824661255
133,12,0.18232294917106628,0.3753938376903534,0.014916523359715939,0.9999179840087891
133,13,0.2928371727466583,0.5063048005104065,-0.14859625697135925,0.9966468214988708
133,14,0.1612357348203659,0.4616951048374176,0.07351009547710419,0.9425402879714966
133,15,0.2366136759519577,0.4934318959712982,-0.33893948793411255,0.9893962740898132
133,16,0.16463695466518402,0.547291100025177,-0.0479547381401062,0.9291797876358032
133,17,0.2211580127477646,0.49379876255989075,-0.38146185874938965,0.9747154116630554
133,18,0.1620859056711197,0.5770379304885864,-0.07644591480493546,0.8910927772521973
133,19,0.2189091145992279,0.47517871856689453,-0.3779957592487335,0.9752233028411865
133,20,0.16615639626979828,0.5723497271537781,-0.10188926011323929,0.8918579816818237
133,21,0.22212707996368408,0.4732387661933899,-0.3387487828731537,0.9646052718162537
133,22,0.16861674189567566,0.5664765238761902,-0.060768697410821915,0.871928870677948
133,23,0.24516211450099945,0.622695803642273,-0.019242847338318825,0.9998599290847778
133,24,0.1949940025806427,0.6039202809333801,0.019183900207281113,0.9995622634887695
133,25,0.2412543147802353,0.8029761910438538,-0.0447096973657608,0.9821882843971252
133,26,0.1793414056301117,0.7246195673942566,-0.24024268984794617,0.9198732972145081
133,27,0.2334822565317154,0.9737069606781006,0.11325377225875854,0.9596257209777832
133,28,0.19037358462810516,0.8586951494216919,0.0006658899364992976,0.7132210731506348
133,29,0.23042896389961243,0.9857014417648315,0.12165715545415878,0.814450740814209
133,30,0.19951637089252472,0.8672584891319275,0.02001222036778927,0.6247545480728149
133,31,0.2326151579618454,1.0281169414520264,-0.0052350349724292755,0.9495306611061096
133,32,0.17920079827308655,0.9443068504333496,-0.07987204939126968,0.7528168559074402
134,0,0.21504004299640656,0.2589069902896881,-0.20818832516670227,0.9999911189079285
134,1,0.22129881381988525,0.24515031278133392,-0.1918356716632843,0.9999785423278809
134,2,0.22506701946258545,0.245467871427536,-0.19191095232963562,0.9999783635139465
134,3,0.22895294427871704,0.24609121680259705,-0.19194506108760834,0.9999818801879883
134,4,0.2130691409111023,0.24496972560882568,-0.1864956021308899,0.9999743700027466
134,5,0.21050359308719635,0.2451220005750656,-0.1864267885684967,0.9999663829803467
134,6,0.20808856189250946,0.24564503133296967,-0.18640658259391785,0.9999668002128601
134,7,0.237443745136261,0.25608548521995544,-0.09378685057163239,0.9999630451202393
134,8,0.2078094631433487,0.25568684935569763,-0.06879285722970963,0.99993896484375
134,9,0.21953019499778748,0.2783876061439514,-0.17144274711608887,0.9999940991401672
134,10,0.21043887734413147,0.27782711386680603,-0.1645103096961975,0.9999907612800598
134,11,0.2643180191516876,0.36488425731658936,-0.06674033403396606,0.9999911189079285
134,12,0.1789022982120514,0.3640175461769104,0.03779704123735428,0.9999197125434875
134,13,0.28764450550079346,0.48544564843177795,-0.13967174291610718,0.9969183802604675
134,14,0.16124333441257477,0.45378267765045166,0.1088220402598381,0.9335875511169434
134,15,0.22887484729290009,0.4709872901439667,-0.32156530022621155,0.9903644323348999
134,16,0.1641167849302292,0.5363796353340149,0.0011485631112009287,0.9186416864395142
134,17,0.21266940236091614,0.47234347462654114,-0.36349692940711975,0.9769336581230164
134,18,0.16171348094940186,0.5621159076690674,-0.023340484127402306,0.8768975734710693
134,19,0.2095015048980713,0.45593783259391785,-0.35879912972450256,0.9773757457733154
134,20,0.16528289020061493,0.5610785484313965,-0.050183724611997604,0.8776865601539612
134,21,0.21256345510482788,0.454193651676178,-0.3206065595149994,0.9674055576324463
134,22,0.16734886169433594,0.554143488407135,-0.011807562783360481,0.8558593392372131
134,23,0.24139557778835297,0.6040361523628235,-0.0193573497235775,0.9998504519462585
134,24,0.19118307530879974,0.5895777344703674,0.01931152120232582,0.9995894432067871
134,25,0.24131453037261963,0.7897838950157166,-0.048046428710222244,0.9834662079811096
134,26,0.18016007542610168,0.7140332460403442,-0.25494611263275146,0.9276964664459229
134,27,0.23417697846889496,0.9661599397659302,0.10225405544042587,0.96312016248703
134,28,0.1835789531469345,0.8791710138320923,-0.08396199345588684,0.7408288717269897
134,29,0.23058439791202545,0.9802166223526001,0.11700500547885895,0.817229151725769
134,30,0.19233645498752594,0.8997227549552917,-0.07312306761741638,0.6516006588935852
134,31,0.23226085305213928,1.0205477476119995,-0.05054525285959244,0.9532655477523804
134,32,0.17113061249256134,0.9634997844696045,-0.19847671687602997,0.7762266993522644
135,0,0.21124380826950073,0.24441789090633392,-0.1907719522714615,0.99998939037323
135,1,0.21793591976165771,0.23045779764652252,-0.173790842294693,0.9999723434448242
135,2,0.22200030088424683,0.23078396916389465,-0.17390114068984985,0.9999729990959167
135,3,0.2260703295469284,0.2313353270292282,-0.17396444082260132,0.9999781250953674
135,4,0.20900259912014008,0.23031282424926758,-0.168749138712883,0.9999663233757019
135,5,0.20636864006519318,0.2305157333612442,-0.16869238018989563,0.9999563097953796
135,6,0.2039453685283661,0.23101326823234558,-0.16867415606975555,0.9999558925628662
135,7,0.23472736775875092,0.24069388210773468,-0.07478160411119461,0.9999558329582214
135,8,0.20345386862754822,0.24117650091648102,-0.05106394737958908,0.9999222159385681
135,9,0.21620534360408783,0.2640584409236908,-0.15371885895729065,0.9999927282333374
135,10,0.20632830262184143,0.26368072628974915,-0.14717230200767517,0.9999884366989136
135,11,0.2617996335029602,0.3495935797691345,-0.049131352454423904,0.9999908804893494
135,12,0.17538966238498688,0.3537675440311432,0.05410509556531906,0.9999097585678101
135,13,0.28445136547088623,0.4668576121330261,-0.13231855630874634,0.9971518516540527
135,14,0.16168811917304993,0.45327311754226685,0.1199420914053917,0.910556435585022
135,15,0.22269636392593384,0.45118141174316406,-0.3110772967338562,0.9911962747573853
135,16,0.16364891827106476,0.5216174125671387,0.006726612336933613,0.8945249915122986
135,17,0.2050124853849411,0.4491949677467346,-0.35383686423301697,0.9787845015525818
135,18,0.1605459302663803,0.5424090027809143,-0.01828286610543728,0.8509087562561035
135,19,0.20189641416072845,0.43219873309135437,-0.34735107421875,0.9791592955589294
135,20,0.16322454810142517,0.5392058491706848,-0.046983346343040466,0.8521543741226196
135,21,0.20537075400352478,0.43163740634918213,-0.3095002770423889,0.9696237444877625
135,22,0.16550101339817047,0.5316161513328552,-0.007181668654084206,0.8274657726287842
135,23,0.23852653801441193,0.5913320183753967,-0.019456567242741585,0.999823272228241
135,24,0.18754805624485016,0.5771406888961792,0.019414227455854416,0.9996074438095093
135,25,0.24134473502635956,0.7834420204162598,-0.04980636015534401,0.9844646453857422
135,26,0.1793096661567688,0.7039834260940552,-0.2733127176761627,0.9347084760665894
135,27,0.23429150879383087,0.9518146514892578,0.09446270018815994,0.9660587310791016
135,28,0.17793697118759155,0.8901408910751343,-0.1570606380701065,0.7661502361297607
135,29,0.23007550835609436,0.9690426588058472,0.10514073818922043,0.822352945804596
135,30,0.18683800101280212,0.914577841758728,-0.15272390842437744,0.6789677143096924
135,31,0.23218275606632233,1.0031824111938477,-0.05385333672165871,0.9561463594436646
135,32,0.1638142168521881,0.9684707522392273,-0.30249661207199097,0.7976787686347961
136,0,0.2049020379781723,0.23122546076774597,-0.1710277646780014,0.999987006187439
136,1,0.21231622993946075,0.21659624576568604,-0.15555468201637268,0.9999662637710571
136,2,0.2162545770406723,0.21694225072860718,-0.15566614270210266,0.9999678134918213
136,3,0.22050084173679352,0.21745069324970245,-0.1557253748178482,0.9999738931655884
136,4,0.20337174832820892,0.21673400700092316,-0.14914488792419434,0.999958336353302
136,5,0.20074957609176636,0.21716998517513275,-0.1490877866744995,0.9999462366104126
136,6,0.19794796407222748,0.218009352684021,-0.1490725725889206,0.9999443292617798
136,7,0.23036980628967285,0.22823557257652283,-0.06159381568431854,0.9999514222145081
136,8,0.19886182248592377,0.22829896211624146,-0.031780585646629333,0.9998983144760132
136,9,0.21067222952842712,0.2507924437522888,-0.13588736951351166,0.9999909996986389
136,10,0.20102962851524353,0.2510512173175812,-0.12765862047672272,0.9999846816062927
136,11,0.25936654210090637,0.3366117775440216,-0.039341144263744354,0.9999902248382568
136,12,0.17413489520549774,0.3415493369102478,0.06523153185844421,0.9999020099639893
136,13,0.28046274185180664,0.45543593168258667,-0.13448435068130493,0.9973500370979309
136,14,0.16583147644996643,0.44022294878959656,0.10104945302009583,0.8773335814476013
136,15,0.21517109870910645,0.43152934312820435,-0.3057224750518799,0.9919625520706177
136,16,0.16209420561790466,0.5121984481811523,-0.042251408100128174,0.8710256218910217
136,17,0.19824911653995514,0.4258514642715454,-0.34875452518463135,0.980527937412262
136,18,0.1565018892288208,0.5334180593490601,-0.07225018739700317,0.8289985656738281
136,19,0.19541339576244354,0.41025587916374207,-0.3433340787887573,0.980850100517273
136,20,0.1579965502023697,0.5327629446983337,-0.09873737394809723,0.8307791352272034
136,21,0.19926290214061737,0.4106186032295227,-0.30461886525154114,0.9718118906021118
136,22,0.16126079857349396,0.5269700288772583,-0.05664554238319397,0.803493082523346
136,23,0.23597462475299835,0.5758320093154907,-0.018891898915171623,0.999777615070343
136,24,0.18530666828155518,0.5637441277503967,0.018931159749627113,0.9996128678321838
136,25,0.2412276566028595,0.7669395804405212,-0.02864919789135456,0.9853386878967285
136,26,0.17739678919315338,0.7148492336273193,-0.2139488309621811,0.9409953951835632
136,27,0.23460346460342407,0.9399241805076599,0.09318409860134125,0.9682515859603882
136,28,0.171196848154068,0.9135507941246033,-0.1295202076435089,0.789016604423523
136,29,0.2297390252351761,0.9623052477836609,0.10011143237352371,0.8223323822021484
136,30,0.18010099232196808,0.9400336742401123,-0.13095100224018097,0.7021704316139221
136,31,0.23197472095489502,0.9950293302536011,-0.04884666949510574,0.9580327868461609
136,32,0.1576310098171234,0.9819307327270508,-0.28083646297454834,0.8170164227485657
137,0,0.2000509649515152,0.21914222836494446,-0.18344557285308838,0.9999819397926331
137,1,0.2073376178741455,0.20472727715969086,-0.16842468082904816,0.9999561905860901
137,2,0.21137453615665436,0.2043827474117279,-0.16852058470249176,0.9999585151672363
137,3,0.2154969871044159,0.2044285088777542,-0.16857856512069702,0.9999663829803467
137,4,0.19825205206871033,0.20596253871917725,-0.16246426105499268,0.9999445080757141
137,5,0.19563794136047363,0.20639224350452423,-0.1624133437871933,0.9999275207519531
137,6,0.19289430975914001,0.2069590538740158,-0.162392258644104,0.9999232292175293
137,7,0.22569580376148224,0.21449226140975952,-0.07083402574062347,0.9999450445175171
137,8,0.19449259340763092,0.21632696688175201,-0.04260975867509842,0.9998555183410645
137,9,0.20650726556777954,0.23985043168067932,-0.14644686877727509,0.9999879598617554
137,10,0.19695623219013214,0.24032337963581085,-0.1386720985174179,0.9999771118164062
137,11,0.25524672865867615,0.32242512702941895,-0.036700502038002014,0.9999891519546509
137,12,0.17238524556159973,0.3318077027797699,0.055640801787376404,0.9998802542686462
137,13,0.27768903970718384,0.4441840946674347,-0.12873877584934235,0.9974818229675293
137,14,0.16723336279392242,0.441951721906662,0.07916209101676941,0.836801290512085
137,15,0.20878100395202637,0.4168151915073395,-0.30051344633102417,0.9925661087036133
137,16,0.16129866242408752,0.5109429955482483,-0.06191929429769516,0.8302839398384094
137,17,0.1918673813343048,0.414063036441803,-0.3440581262111664,0.9818189740180969
137,18,0.15731777250766754,0.5354541540145874,-0.10053958743810654,0.7898362874984741
137,19,0.18936270475387573,0.39872390031814575,-0.3402066230773926,0.9820836782455444
137,20,0.15812185406684875,0.534530520439148,-0.13134996592998505,0.7916313409805298
137,21,0.19350974261760712,0.39872869849205017,-0.3002142310142517,0.9732291102409363
137,22,0.16045725345611572,0.527497410774231,-0.0823647603392601,0.7626941800117493
137,23,0.2326006293296814,0.5613147020339966,-0.016233645379543304,0.9997282028198242
137,24,0.18238940834999084,0.5512139797210693,0.016337016597390175,0.9995917081832886
137,25,0.240815669298172,0.7528449892997742,-0.02676820009946823,0.9861916303634644
137,26,0.17536868155002594,0.7186726927757263,-0.1271134614944458,0.9465881586074829
137,27,0.2348419427871704,0.9295034408569336,0.08048642426729202,0.9704952239990234
137,28,0.16418692469596863,0.9284111261367798,-0.05503666773438454,0.8096324801445007
137,29,0.2292829155921936,0.9520270824432373,0.08141475915908813,0.8239879012107849
137,30,0.17111611366271973,0.9503074884414673,-0.0565117709338665,0.7215486764907837
137,31,0.23185762763023376,0.991783857345581,-0.06755638867616653,0.9604043960571289
137,32,0.1503790318965912,0.9923000335693359,-0.20257705450057983,0.8343751430511475
138,0,0.19717371463775635,0.21113069355487823,-0.1946854293346405,0.9999794363975525
138,1,0.20408789813518524,0.1952616572380066,-0.17853353917598724,0.9999517202377319
138,2,0.2078993320465088,0.1949724555015564,-0.17858794331550598,0.9999544620513916
138,3,0.21196645498275757,0.1949523389339447,-0.17861542105674744,0.9999626278877258
138,4,0.19507814943790436,0.19630882143974304,-0.1744578629732132,0.9999392032623291
138,5,0.1925055980682373,0.19701918959617615,-0.17442072927951813,0.9999208450317383
138,6,0.18956169486045837,0.19765134155750275,-0.17440283298492432,0.9999135136604309
138,7,0.2227138876914978,0.20610620081424713,-0.07998255640268326,0.999941885471344
138,8,0.19018518924713135,0.21030448377132416,-0.05251898244023323,0.9998272657394409
138,9,0.20371340215206146,0.23102152347564697,-0.15754960477352142,0.9999860525131226
138,10,0.19335156679153442,0.2316759079694748,-0.15135057270526886,0.9999733567237854
138,11,0.2504064738750458,0.3094039261341095,-0.042646802961826324,0.9999872446060181
138,12,0.16957804560661316,0.32012447714805603,0.04806816950440407,0.9998595714569092
138,13,0.2757534384727478,0.4329964518547058,-0.13826242089271545,0.9976527690887451
138,14,0.16771401464939117,0.43545153737068176,0.07080895453691483,0.7951769828796387
138,15,0.20478923618793488,0.4084185063838959,-0.29360926151275635,0.9931498169898987
138,16,0.16257399320602417,0.5096428394317627,-0.0874858871102333,0.7805867195129395
138,17,0.18746204674243927,0.4106295704841614,-0.33514130115509033,0.983021080493927
138,18,0.15663139522075653,0.5374419689178467,-0.12115589529275894,0.7435048818588257
138,19,0.18464267253875732,0.3945339620113373,-0.33257776498794556,0.983223021030426
138,20,0.15963321924209595,0.5299896597862244,-0.15006732940673828,0.7454038858413696
138,21,0.18864458799362183,0.3935156762599945,-0.29277142882347107,0.9746037721633911
138,22,0.16192306578159332,0.5248904824256897,-0.10471604019403458,0.7155845165252686
138,23,0.22977416217327118,0.5593767762184143,-0.009729624725878239,0.9996604919433594
138,24,0.17970503866672516,0.5507856607437134,0.00985670555382967,0.9995878338813782
138,25,0.23947927355766296,0.7502918839454651,0.024265995249152184,0.9865386486053467
138,26,0.17195408046245575,0.7236062288284302,-0.14664393663406372,0.9516565203666687
138,27,0.23484604060649872,0.9162757396697998,0.17265839874744415,0.9708740711212158
138,28,0.15779966115951538,0.9462019801139832,-0.1484171450138092,0.828140139579773
138,29,0.22912031412124634,0.9365881681442261,0.1796545535326004,0.8197879195213318
138,30,0.1610579639673233,0.9668488502502441,-0.15719272196292877,0.7364485263824463
138,31,0.23241689801216125,0.9802333116531372,0.05682598426938057,0.9602966904640198
138,32,0.15657643973827362,0.9932907223701477,-0.31164881587028503,0.8498601317405701
139,0,0.19395031034946442,0.20243243873119354,-0.1934286504983902,0.999976634979248
139,1,0.20077134668827057,0.18734170496463776,-0.178610697388649,0.9999454617500305
139,2,0.20461946725845337,0.18707911670207977,-0.17869804799556732,0.9999487400054932
139,3,0.2087646722793579,0.18691496551036835,-0.17874498665332794,0.9999575614929199
139,4,0.19184161722660065,0.18802225589752197,-0.1710398644208908,0.9999313354492188
139,5,0.1894611269235611,0.18842631578445435,-0.17099381983280182,0.9999109506607056
139,6,0.1867615133523941,0.18885739147663116,-0.17097485065460205,0.9999002814292908
139,7,0.2198217213153839,0.1974545270204544,-0.08123774081468582,0.9999368190765381
139,8,0.18741250038146973,0.20128631591796875,-0.04498106986284256,0.9997944831848145
139,9,0.20059140026569366,0.22301334142684937,-0.15693308413028717,0.999984085559845
139,10,0.19014064967632294,0.2233458310365677,-0.14720508456230164,0.9999691247940063
139,11,0.2472507655620575,0.3001241087913513,-0.04537525773048401,0.999985933303833
139,12,0.1675444394350052,0.3106396496295929,0.05318791791796684,0.9998487234115601
139,13,0.27390164136886597,0.4226345121860504,-0.14568603038787842,0.9978042244911194
139,14,0.1677478402853012,0.43121686577796936,0.0702681615948677,0.7602941393852234
139,15,0.20173344016075134,0.4020327925682068,-0.30024483799934387,0.9936925768852234
139,16,0.16039901971817017,0.5039882659912109,-0.08723436295986176,0.743067741394043
139,17,0.18349909782409668,0.4039943814277649,-0.34242087602615356,0.9841814637184143
139,18,0.15424829721450806,0.528199315071106,-0.12006166577339172,0.7085859179496765
139,19,0.18092365562915802,0.38795745372772217,-0.33451351523399353,0.984330415725708
139,20,0.15431879460811615,0.5210734605789185,-0.14779432117938995,0.7103202939033508
139,21,0.18523505330085754,0.3870249092578888,-0.29733923077583313,0.9760009050369263
139,22,0.15746796131134033,0.5135715007781982,-0.10336993634700775,0.6792957186698914
139,23,0.226638525724411,0.5551210641860962,-0.007737915497273207,0.9996224045753479
139,24,0.17574681341648102,0.547402024269104,0.007849539630115032,0.9995870590209961
139,25,0.23839645087718964,0.7435231804847717,0.01560464221984148,0.9868883490562439
139,26,0.16916441917419434,0.7257492542266846,-0.1462559998035431,0.9562674164772034
139,27,0.23464855551719666,0.9112793207168579,0.16072699427604675,0.9719699025154114
139,28,0.1532670259475708,0.9465270638465881,-0.1132773756980896,0.8448998332023621
139,29,0.22746062278747559,0.930766224861145,0.16739851236343384,0.8211281895637512
139,30,0.15616320073604584,0.9675446152687073,-0.11837414652109146,0.752114474773407
139,31,0.23484082520008087,0.9821237325668335,0.042091526091098785,0.9614170789718628
139,32,0.15340054035186768,0.9947651028633118,-0.26890671253204346,0.8640095591545105
140,0,0.19213952124118805,0.1956677883863449,-0.20689602196216583,0.9999743700027466
140,1,0.19823803007602692,0.18054789304733276,-0.19204962253570557,0.9999383687973022
140,2,0.2019812911748886,0.18045374751091003,-0.19214804470539093,0.9999422430992126
140,3,0.20605120062828064,0.18036754429340363,-0.1922067254781723,0.9999512434005737
140,4,0.18921028077602386,0.18115632236003876,-0.1827065795660019,0.9999234080314636
140,5,0.18671303987503052,0.18171516060829163,-0.1826283186674118,0.9999011158943176
140,6,0.18395556509494781,0.18251433968544006,-0.18260911107063293,0.9998851418495178
140,7,0.2159736007452011,0.1911739856004715,-0.09010998904705048,0.999929666519165
140,8,0.18331559002399445,0.195243239402771,-0.05268513783812523,0.9997503757476807
140,9,0.19882448017597198,0.21638372540473938,-0.16859130561351776,0.9999822378158569
140,10,0.18784134089946747,0.21624146401882172,-0.15641237795352936,0.999965488910675
140,11,0.24512678384780884,0.29541245102882385,-0.052632302045822144,0.9999842047691345
140,12,0.16478519141674042,0.304996520280838,0.04458697885274887,0.9998396635055542
140,13,0.2731892764568329,0.41885167360305786,-0.14199037849903107,0.9979183077812195
140,14,0.16768072545528412,0.42930537462234497,0.07736480236053467,0.7329803109169006
140,15,0.19925478100776672,0.4019450843334198,-0.2965990900993347,0.9941014647483826
140,16,0.1606895625591278,0.5076436400413513,-0.0472678616642952,0.7016083598136902
140,17,0.18067914247512817,0.40457743406295776,-0.33661165833473206,0.984893262386322
140,18,0.15083874762058258,0.5317079424858093,-0.0738043561577797,0.6692984700202942
140,19,0.17796704173088074,0.38764211535453796,-0.3309696614742279,0.9849737286567688
140,20,0.15110525488853455,0.524192214012146,-0.10696402937173843,0.6711628437042236
140,21,0.1822013258934021,0.38645729422569275,-0.29553350806236267,0.9766906499862671
140,22,0.1578800231218338,0.5178641676902771,-0.06398213654756546,0.6400967240333557
140,23,0.22592680156230927,0.5565176010131836,-0.0073080966249108315,0.999597430229187
140,24,0.17390963435173035,0.5503071546554565,0.007403419818729162,0.9996057748794556
140,25,0.2373235672712326,0.7463459968566895,0.03343675658106804,0.9872804284095764
140,26,0.16664807498455048,0.7266503572463989,-0.12108156085014343,0.9604467153549194
140,27,0.23464621603488922,0.8935922980308533,0.25567203760147095,0.9716793894767761
140,28,0.14836761355400085,0.955101490020752,-0.1096242219209671,0.8599403500556946
140,29,0.22726596891880035,0.9101364016532898,0.27173054218292236,0.8168349266052246
140,30,0.15115870535373688,0.9753773212432861,-0.11728101968765259,0.7636513710021973
140,31,0.23762018978595734,0.9711575508117676,0.16519087553024292,0.9609267711639404
140,32,0.1523132026195526,0.9994797110557556,-0.2684341073036194,0.8765180706977844
141,0,0.18779468536376953,0.19178128242492676,-0.20673500001430511,0.9999707341194153
141,1,0.19423115253448486,0.17566561698913574,-0.1921072155237198,0.9999265074729919
141,2,0.19785289466381073,0.1754905879497528,-0.1922035962343216,0.999931812286377
141,3,0.20200175046920776,0.1752367466688156,-0.19226019084453583,0.9999402761459351
141,4,0.18514062464237213,0.17678114771842957,-0.1834089756011963,0.9999100565910339
141,5,0.18265961110591888,0.17756837606430054,-0.18334034085273743,0.9998856782913208
141,6,0.17981545627117157,0.17861030995845795,-0.18332239985466003,0.9998626112937927
141,7,0.21176528930664062,0.18593017756938934,-0.0912080779671669,0.9999186396598816
141,8,0.17904655635356903,0.1912328451871872,-0.056699082255363464,0.9996914863586426
141,9,0.19466476142406464,0.21205805242061615,-0.1686553955078125,0.9999799132347107
141,10,0.18372014164924622,0.2118411660194397,-0.1577429175376892,0.9999616742134094
141,11,0.24324437975883484,0.2917063236236572,-0.05292292684316635,0.9999826550483704
141,12,0.16040782630443573,0.30266857147216797,0.040943749248981476,0.9998399019241333
141,13,0.27299052476882935,0.41433706879615784,-0.14519308507442474,0.9979604482650757
141,14,0.1674737185239792,0.42898502945899963,0.0778203010559082,0.7040477991104126
141,15,0.19952471554279327,0.40414223074913025,-0.2969353199005127,0.9942508339881897
141,16,0.16128495335578918,0.5092127919197083,-0.022479498758912086,0.6545943021774292
141,17,0.18003197014331818,0.40567296743392944,-0.3380759656429291,0.9848729372024536
141,18,0.1521071195602417,0.5384240746498108,-0.04518454521894455,0.6259040832519531
141,19,0.17740969359874725,0.3898783326148987,-0.32979816198349,0.9848017692565918
141,20,0.15265819430351257,0.5347128510475159,-0.07817702740430832,0.6276470422744751
141,21,0.18156000971794128,0.3881540596485138,-0.29430851340293884,0.9761629104614258
141,22,0.1577126532793045,0.5220831632614136,-0.038166970014572144,0.5971978902816772
141,23,0.22571419179439545,0.5576539635658264,-0.006492484360933304,0.9995958805084229
141,24,0.17133522033691406,0.5537921190261841,0.006592231336981058,0.9996358752250671
141,25,0.23559440672397614,0.7448673248291016,0.04869048669934273,0.9873756766319275
141,26,0.1644333004951477,0.7459127902984619,-0.1307254433631897,0.9642499089241028
141,27,0.23422081768512726,0.875041127204895,0.342311829328537,0.9675743579864502
141,28,0.14760547876358032,0.9675900340080261,-0.1382780522108078,0.873447597026825
141,29,0.22677218914031982,0.8848524689674377,0.36708205938339233,0.8030456304550171
141,30,0.14925973117351532,0.9816551804542542,-0.14683926105499268,0.7726945877075195
141,31,0.23944124579429626,0.9557218551635742,0.2825307548046112,0.9556287527084351
141,32,0.15333931148052216,1.0411723852157593,-0.2977617681026459,0.8875298500061035
142,0,0.18401068449020386,0.1879829615354538,-0.23573262989521027,0.9999691247940063
142,1,0.19041766226291656,0.17162977159023285,-0.22265227138996124,0.999922513961792
142,2,0.19410911202430725,0.1714978814125061,-0.22273430228233337,0.9999282956123352
142,3,0.19839634001255035,0.1714744120836258,-0.22279644012451172,0.9999357461929321
142,4,0.18087343871593475,0.17294691503047943,-0.2145025134086609,0.9999051690101624
142,5,0.17823706567287445,0.1740337610244751,-0.21444103121757507,0.9998798370361328
142,6,0.1752345860004425,0.1752140372991562,-0.21441181004047394,0.9998519420623779
142,7,0.20841996371746063,0.18316610157489777,-0.12023383378982544,0.9999161958694458
142,8,0.17486171424388885,0.18777748942375183,-0.08430957794189453,0.9996635317802429
142,9,0.19137097895145416,0.20827703177928925,-0.19619804620742798,0.9999791383743286
142,10,0.17975133657455444,0.2079886645078659,-0.18596187233924866,0.99996018409729
142,11,0.24069921672344208,0.28863534331321716,-0.06807176768779755,0.9999817609786987
142,12,0.15683583915233612,0.30205562710762024,0.021230116486549377,0.9998430609703064
142,13,0.2721037268638611,0.41346752643585205,-0.14259280264377594,0.998019278049469
142,14,0.1665404736995697,0.42469120025634766,0.08359315991401672,0.6949674487113953
142,15,0.19698794186115265,0.4136189818382263,-0.2958948612213135,0.9945104718208313
142,16,0.15388019382953644,0.5035181641578674,-0.005922415293753147,0.6345039010047913
142,17,0.17698082327842712,0.41441601514816284,-0.33785372972488403,0.9853251576423645
142,18,0.14647014439105988,0.5246149897575378,-0.027424266561865807,0.6083152890205383
142,19,0.17502744495868683,0.3972640037536621,-0.3323540985584259,0.9851909279823303
142,20,0.14577461779117584,0.5224008560180664,-0.06365850567817688,0.6106093525886536
142,21,0.1787620186805725,0.39588528871536255,-0.2939569056034088,0.9765774607658386
142,22,0.14843812584877014,0.5122641921043396,-0.022636573761701584,0.5791609287261963
142,23,0.2240881472826004,0.5588119626045227,-0.004174373112618923,0.9995792508125305
142,24,0.1692870557308197,0.5549739003181458,0.00428865198045969,0.9996621012687683
142,25,0.23268505930900574,0.7409273386001587,0.06023964658379555,0.9872679114341736
142,26,0.1618654876947403,0.7568531632423401,-0.1294199824333191,0.9676987528800964
142,27,0.23208801448345184,0.8556113839149475,0.3798687160015106,0.9611680507659912
142,28,0.14657257497310638,0.9737585783004761,-0.13794220983982086,0.8856445550918579
142,29,0.22451895475387573,0.8588403463363647,0.4076693058013916,0.7928181290626526
142,30,0.14904217422008514,0.9840022325515747,-0.14652352035045624,0.7816222906112671
142,31,0.24045231938362122,0.9377331137657166,0.33389756083488464,0.9477435350418091
142,32,0.1537685990333557,1.051674485206604,-0.2973562777042389,0.8972811102867126
143,0,0.18049359321594238,0.187404602766037,-0.24217171967029572,0.9999635815620422
143,1,0.18689008057117462,0.17030708491802216,-0.22860819101333618,0.9999086856842041
143,2,0.1905936449766159,0.16978460550308228,-0.22869108617305756,0.9999159574508667
143,3,0.19499953091144562,0.16952356696128845,-0.22877123951911926,0.9999224543571472
143,4,0.17703373730182648,0.17270126938819885,-0.22201205790042877,0.999889075756073
143,5,0.17449098825454712,0.17399120330810547,-0.22196544706821442,0.9998616576194763
143,6,0.17147260904312134,0.175167515873909,-0.22194811701774597,0.9998255372047424
143,7,0.20529963076114655,0.18108142912387848,-0.12286068499088287,0.9999062418937683
143,8,0.17123375833034515,0.18710172176361084,-0.09304209798574448,0.9996006488800049
143,9,0.18855829536914825,0.20751112699508667,-0.2011445313692093,0.9999764561653137
143,10,0.1765928417444229,0.2073841392993927,-0.19285444915294647,0.9999549388885498
143,11,0.23759645223617554,0.2864161729812622,-0.06584938615560532,0.9999804496765137
143,12,0.15242275595664978,0.3032849133014679,0.006069755647331476,0.9998372197151184
143,13,0.27180638909339905,0.4121566712856293,-0.12231636047363281,0.9979491233825684
143,14,0.16281326115131378,0.42730143666267395,0.06695841252803802,0.6779067516326904
143,15,0.19906222820281982,0.41945239901542664,-0.25325343012809753,0.9941629767417908
143,16,0.1551116704940796,0.5270100235939026,-0.025154750794172287,0.5939887166023254
143,17,0.17879679799079895,0.42176368832588196,-0.29224032163619995,0.9838619828224182
143,18,0.14686676859855652,0.5574876070022583,-0.0474679209291935,0.5705903172492981
143,19,0.17629386484622955,0.40457770228385925,-0.28868114948272705,0.9835343360900879
143,20,0.14642201364040375,0.5552492737770081,-0.08085721731185913,0.5728420615196228
143,21,0.18013934791088104,0.40263545513153076,-0.25163909792900085,0.9740627408027649
143,22,0.14997640252113342,0.5410858988761902,-0.0406142957508564,0.542544960975647
143,23,0.22038349509239197,0.5614763498306274,0.0013897536555305123,0.999552845954895
143,24,0.1652800738811493,0.5572734475135803,-0.001271624700166285,0.999680757522583
143,25,0.23037280142307281,0.7460594773292542,0.053817979991436005,0.9863338470458984
143,26,0.15963046252727509,0.7722318768501282,-0.10827922075986862,0.9707255363464355
143,27,0.22883082926273346,0.8348081111907959,0.3901100158691406,0.9489521980285645
143,28,0.14670196175575256,0.9821670055389404,-0.1005510464310646,0.8962966799736023
143,29,0.2229088544845581,0.8355269432067871,0.42037221789360046,0.7745630741119385
143,30,0.14712877571582794,0.9888973832130432,-0.10464972257614136,0.7872248888015747
143,31,0.2397109866142273,0.9224826693534851,0.352586030960083,0.9330307245254517
143,32,0.15591177344322205,1.064613699913025,-0.24721021950244904,0.9050323367118835
144,0,0.17621560394763947,0.18840397894382477,-0.23831185698509216,0.9999488592147827
144,1,0.18295574188232422,0.17173069715499878,-0.22483982145786285,0.999873161315918
144,2,0.18682073056697845,0.1714847981929779,-0.22494764626026154,0.999886155128479
144,3,0.19138610363006592,0.17149348556995392,-0.22502931952476501,0.9998906254768372
144,4,0.17328020930290222,0.17306599020957947,-0.2172982543706894,0.9998458623886108
144,5,0.17069943249225616,0.17376726865768433,-0.21723316609859467,0.9998129606246948
144,6,0.16775262355804443,0.17451466619968414,-0.21723712980747223,0.9997544884681702
144,7,0.20230068266391754,0.18279597163200378,-0.12061700224876404,0.9998769164085388
144,8,0.16792044043540955,0.1864078789949417,-0.0876060500741005,0.9994093775749207
144,9,0.1845817267894745,0.20892243087291718,-0.19815142452716827,0.9999687075614929
144,10,0.17265336215496063,0.20821860432624817,-0.1887878179550171,0.9999409317970276
144,11,0.23525378108024597,0.2867509424686432,-0.07072435319423676,0.9999790191650391
144,12,0.14790157973766327,0.3067672550678253,0.009576945565640926,0.9998322129249573
144,13,0.2715173661708832,0.412620484828949,-0.13523153960704803,0.9979067444801331
144,14,0.15829679369926453,0.4361709654331207,0.082116037607193,0.6608504056930542
144,15,0.202194482088089,0.4224139153957367,-0.2744520902633667,0.9936102032661438
144,16,0.15136797726154327,0.5479215979576111,-0.006760220509022474,0.5562704205513
144,17,0.18181055784225464,0.42511075735092163,-0.31494906544685364,0.9824213981628418
144,18,0.1401563435792923,0.5752159953117371,-0.028047267347574234,0.5347291827201843
144,19,0.17801450192928314,0.40599289536476135,-0.3143482208251953,0.981960654258728
144,20,0.138623908162117,0.5742459893226624,-0.06553739309310913,0.5385804772377014
144,21,0.18243399262428284,0.40294933319091797,-0.2736627757549286,0.971372127532959
144,22,0.1463811695575714,0.5721933245658875,-0.023969702422618866,0.5099791288375854
144,23,0.2167360782623291,0.5630478262901306,-0.0009186947718262672,0.9995440244674683
144,24,0.15891678631305695,0.560935914516449,0.001021362142637372,0.999704122543335
144,25,0.22543691098690033,0.7513782978057861,0.09234195947647095,0.9847457408905029
144,26,0.15604935586452484,0.7783976793289185,-0.11053124815225601,0.9733191132545471
144,27,0.22690130770206451,0.8274341225624084,0.4544900059700012,0.929839015007019
144,28,0.14687590301036835,0.9849314093589783,-0.1492406725883484,0.9050270915031433
144,29,0.22286389768123627,0.8263878226280212,0.4870874583721161,0.7536284923553467
144,30,0.14732684195041656,0.9942543506622314,-0.15791946649551392,0.7852485775947571
144,31,0.2387176752090454,0.9135258197784424,0.412767618894577,0.9137577414512634
144,32,0.15607522428035736,1.067270040512085,-0.31309399008750916,0.9103335738182068
145,0,0.1709086149930954,0.19169318675994873,-0.24820752441883087,0.9999384880065918
145,1,0.17746640741825104,0.1748277246952057,-0.23526063561439514,0.999845564365387
145,2,0.18131707608699799,0.17473533749580383,-0.2353658676147461,0.9998589754104614
145,3,0.18580473959445953,0.17491468787193298,-0.23545905947685242,0.9998639225959778
145,4,0.16804759204387665,0.17593397200107574,-0.2257712334394455,0.9998066425323486
145,5,0.16513319313526154,0.17665666341781616,-0.22571726143360138,0.9997650384902954
145,6,0.16197870671749115,0.177662193775177,-0.22572895884513855,0.9996961355209351
145,7,0.1982029676437378,0.18612141907215118,-0.13142147660255432,0.9998576641082764
145,8,0.16286572813987732,0.1893995702266693,-0.08892697095870972,0.9992341995239258
145,9,0.17984893918037415,0.21187762916088104,-0.20797857642173767,0.999965488910675
145,10,0.16805963218212128,0.2115289270877838,-0.1958298534154892,0.999932587146759
145,11,0.232995867729187,0.28848952054977417,-0.07862713932991028,0.9999784231185913
145,12,0.14389988780021667,0.3090415298938751,0.012318352237343788,0.9998273849487305
145,13,0.27182522416114807,0.4166177213191986,-0.13650238513946533,0.9979682564735413
145,14,0.1506599634885788,0.4373042583465576,0.08445417881011963,0.6586107015609741
145,15,0.20413771271705627,0.43754681944847107,-0.28661271929740906,0.9936069250106812
145,16,0.13187956809997559,0.5373703837394714,-0.023378346115350723,0.5542343854904175
145,17,0.184197798371315,0.4480622410774231,-0.32780736684799194,0.9820425510406494
145,18,0.1259925812482834,0.5595554709434509,-0.04621797800064087,0.5325130820274353
145,19,0.17974291741847992,0.4295886158943176,-0.3303093910217285,0.9815086722373962
145,20,0.12451791018247604,0.5540306568145752,-0.07922711223363876,0.5374653339385986
145,21,0.18438996374607086,0.42616039514541626,-0.2870739996433258,0.9706735014915466
145,22,0.12852834165096283,0.5574362874031067,-0.03915679082274437,0.5073018074035645
145,23,0.2119920253753662,0.5693486928939819,-0.0014732076087966561,0.9995306134223938
145,24,0.15436026453971863,0.5690590739250183,0.0016140489606186748,0.9997175931930542
145,25,0.22135144472122192,0.7800567746162415,0.06958959996700287,0.9827817678451538
145,26,0.1529085785150528,0.7880234122276306,-0.10227641463279724,0.9755057692527771
145,27,0.22462773323059082,0.8187432289123535,0.42533525824546814,0.8996050357818604
145,28,0.14791078865528107,0.9794129133224487,-0.04764790087938309,0.9125679731369019
145,29,0.22246898710727692,0.8138822317123413,0.4613776206970215,0.7215380668640137
145,30,0.149113267660141,0.9879062175750732,-0.04847884178161621,0.7841749787330627
145,31,0.22838491201400757,0.8903321027755737,0.38794541358947754,0.8836161494255066
145,32,0.15292635560035706,1.0638970136642456,-0.20116868615150452,0.9143872261047363
146,0,0.16761364042758942,0.19395306706428528,-0.2506829500198364,0.9999335408210754
146,1,0.17388948798179626,0.17677459120750427,-0.23695285618305206,0.9998334646224976
146,2,0.17761395871639252,0.1766570657491684,-0.237058624625206,0.9998445510864258
146,3,0.181832417845726,0.17675791680812836,-0.23716413974761963,0.9998510479927063
146,4,0.16448572278022766,0.17798255383968353,-0.22819828987121582,0.9997889399528503
146,5,0.16134776175022125,0.1787562519311905,-0.22816377878189087,0.9997407793998718
146,6,0.1581290066242218,0.1798090636730194,-0.2281716912984848,0.9996710419654846
146,7,0.1939384490251541,0.18801428377628326,-0.12952950596809387,0.9998518228530884
146,8,0.15889090299606323,0.19174112379550934,-0.08921395242214203,0.9991517066955566
146,9,0.17672182619571686,0.21400466561317444,-0.20898795127868652,0.999965250492096
146,10,0.16483959555625916,0.21384555101394653,-0.19756776094436646,0.9999304413795471
146,11,0.2298772633075714,0.2927910089492798,-0.07525812834501266,0.9999778270721436
146,12,0.1394343078136444,0.3110634982585907,0.01363062858581543,0.9998242855072021
146,13,0.2710734009742737,0.41973671317100525,-0.1241382509469986,0.9980029463768005
146,14,0.14499709010124207,0.4380442202091217,0.08154098689556122,0.6620030999183655
146,15,0.20524807274341583,0.45586150884628296,-0.2864032983779907,0.9935957193374634
146,16,0.12232408672571182,0.516982913017273,-0.05967675894498825,0.5695137977600098
146,17,0.18631134927272797,0.47263801097869873,-0.327670156955719,0.9816519021987915
146,18,0.1163070797920227,0.5363177061080933,-0.09191321581602097,0.5489653944969177
146,19,0.18182425200939178,0.45332831144332886,-0.33366823196411133,0.981087863445282
146,20,0.11502502858638763,0.5291347503662109,-0.12448227405548096,0.5546188354492188
146,21,0.1862211376428604,0.4479590654373169,-0.2876633405685425,0.9703070521354675
146,22,0.11862505972385406,0.5270200371742249,-0.0763990581035614,0.5231058597564697
146,23,0.20807260274887085,0.5823668241500854,-0.004130692221224308,0.9995116591453552
146,24,0.14998407661914825,0.581013560295105,0.0043178219348192215,0.999724268913269
146,25,0.21924608945846558,0.8196078538894653,-0.03348008170723915,0.9795475602149963
146,26,0.1491357535123825,0.7967780828475952,-0.09370022267103195,0.976722002029419
146,27,0.22084088623523712,0.8215601444244385,0.372391939163208,0.8433036208152771
146,28,0.14915715157985687,0.9828812479972839,0.0041344501078128815,0.9167035222053528
146,29,0.2200108766555786,0.8050014972686768,0.40994173288345337,0.6744118928909302
146,30,0.15141896903514862,0.9903101325035095,0.00802120752632618,0.7752907872200012
146,31,0.22238130867481232,0.887483537197113,0.3453398644924164,0.8271008729934692
146,32,0.15192289650440216,1.0647802352905273,-0.13516344130039215,0.9127676486968994
147,0,0.1626785695552826,0.19643594324588776,-0.24708601832389832,0.9999278783798218
147,1,0.16853809356689453,0.17956960201263428,-0.23283271491527557,0.9998181462287903
147,2,0.17252913117408752,0.1793765425682068,-0.23292313516139984,0.999826192855835
147,3,0.17631638050079346,0.17939625680446625,-0.2329568713903427,0.9998350143432617
147,4,0.15909290313720703,0.18077832460403442,-0.22720272839069366,0.9997745752334595
147,5,0.1558205783367157,0.18152177333831787,-0.22716662287712097,0.9997223615646362
147,6,0.15256930887699127,0.18250437080860138,-0.22714054584503174,0.9996559023857117
147,7,0.18857130408287048,0.1906130462884903,-0.12747423350811005,0.9998453259468079
147,8,0.1540157049894333,0.1943323314189911,-0.07973019778728485,0.9991167187690735
147,9,0.17182643711566925,0.21652871370315552,-0.20712609589099884,0.999964714050293
147,10,0.16021640598773956,0.2162676900625229,-0.19329504668712616,0.9999297261238098
147,11,0.22800834476947784,0.2938593924045563,-0.06917475908994675,0.9999750256538391
147,12,0.1325341761112213,0.31295904517173767,0.025369873270392418,0.9998246431350708
147,13,0.271376371383667,0.4200160801410675,-0.08968772739171982,0.998005747795105
147,14,0.135793998837471,0.44405391812324524,0.08845339715480804,0.6742860674858093
147,15,0.20606838166713715,0.4773283302783966,-0.23535174131393433,0.9932978749275208
147,16,0.11295647919178009,0.5108655691146851,-0.059149760752916336,0.5969854593276978
147,17,0.18694336712360382,0.4967896342277527,-0.2751877009868622,0.9805452823638916
147,18,0.10491856932640076,0.5321975946426392,-0.09206243604421616,0.5774552822113037
147,19,0.18316301703453064,0.4778260290622711,-0.2872432470321655,0.9799354076385498
147,20,0.10473299771547318,0.5232847332954407,-0.12525475025177002,0.5832615494728088
147,21,0.1874832808971405,0.4704001843929291,-0.24013710021972656,0.9692564010620117
147,22,0.10978621244430542,0.5166894197463989,-0.07604039460420609,0.5521703362464905
147,23,0.2038031369447708,0.5955461263656616,-0.004528361838310957,0.9994527697563171
147,24,0.14531853795051575,0.5919476747512817,0.004702258389443159,0.9997128248214722
147,25,0.21750810742378235,0.8298677802085876,-0.06978257745504379,0.9742642641067505
147,26,0.14582952857017517,0.8055224418640137,-0.08351673185825348,0.9767025113105774
147,27,0.1765999048948288,0.8266996145248413,0.34198257327079773,0.7783312201499939
147,28,0.1489812582731247,0.9840244054794312,0.04114736244082451,0.9175509214401245
147,29,0.16967956721782684,0.8097968697547913,0.3657539188861847,0.6265984177589417
147,30,0.1498759686946869,1.0063014030456543,0.04829860106110573,0.7688121199607849
147,31,0.16628409922122955,0.887266993522644,0.3049311637878418,0.7632836699485779
147,32,0.14833767712116241,1.0641289949417114,-0.08480064570903778,0.9064469337463379
148,0,0.15781642496585846,0.19698135554790497,-0.2506113648414612,0.999927282333374
148,1,0.16419117152690887,0.1801963895559311,-0.23591120541095734,0.9998149275779724
148,2,0.16836319863796234,0.18016129732131958,-0.2359907031059265,0.9998193979263306
148,3,0.17231181263923645,0.18023556470870972,-0.2360650599002838,0.9998303651809692
148,4,0.15444467961788177,0.18102940917015076,-0.22898995876312256,0.9997779130935669
148,5,0.15117105841636658,0.18188199400901794,-0.22897018492221832,0.9997252821922302
148,6,0.147938072681427,0.18309813737869263,-0.22898675501346588,0.9996649026870728
148,7,0.1849595159292221,0.19079722464084625,-0.1302630752325058,0.9998435378074646
148,8,0.14974345266819,0.19469131529331207,-0.09209606051445007,0.9991379380226135
148,9,0.16703128814697266,0.21774651110172272,-0.209966778755188,0.9999642372131348
148,10,0.15522634983062744,0.21795544028282166,-0.1990034580230713,0.9999299049377441
148,11,0.22599245607852936,0.30186110734939575,-0.07376258075237274,0.9999663829803467
148,12,0.12550342082977295,0.32091566920280457,0.015943773090839386,0.9998137354850769
148,13,0.2718978524208069,0.4250405430793762,-0.08315395563840866,0.9979718923568726
148,14,0.11934831738471985,0.4527190923690796,0.07841955125331879,0.6892159581184387
148,15,0.21224358677864075,0.49824070930480957,-0.2225894182920456,0.9927047491073608
148,16,0.10343446582555771,0.5118770003318787,-0.07847732305526733,0.6271375417709351
148,17,0.19375737011432648,0.5197327136993408,-0.26195961236953735,0.9787218570709229
148,18,0.09306743741035461,0.5339082479476929,-0.11268863081932068,0.6078528761863708
148,19,0.18869952857494354,0.500974714756012,-0.27676090598106384,0.9780792593955994
148,20,0.09323830902576447,0.5251211524009705,-0.14616639912128448,0.6136042475700378
148,21,0.19288383424282074,0.4916362166404724,-0.22849948704242706,0.9675947427749634
148,22,0.09918123483657837,0.518155038356781,-0.0951041728258133,0.5836459994316101
148,23,0.20142292976379395,0.6060842275619507,-0.01079649105668068,0.9993193745613098
148,24,0.1419030725955963,0.6007459759712219,0.010937156155705452,0.9996772408485413
148,25,0.20942436158657074,0.8353881239891052,-0.09374821931123734,0.9684445858001709
148,26,0.1406354159116745,0.8077580332756042,-0.0785604938864708,0.9742488265037537
148,27,0.14863747358322144,0.8370819687843323,0.26649272441864014,0.7309058904647827
148,28,0.1481921374797821,0.9836698770523071,0.07819202542304993,0.9164280891418457
148,29,0.13911989331245422,0.8276147842407227,0.29902374744415283,0.5955985188484192
148,30,0.15168631076812744,0.9976072311401367,0.08805514127016068,0.7656064629554749
148,31,0.12898090481758118,0.902134358882904,0.23909111320972443,0.7153167724609375
148,32,0.13398435711860657,1.0684242248535156,-0.04325971379876137,0.8981858491897583
149,0,0.15394192934036255,0.203804612159729,-0.2698719799518585,0.9999303817749023
149,1,0.16101481020450592,0.185501828789711,-0.2536076307296753,0.9998226761817932
149,2,0.16528204083442688,0.18541021645069122,-0.2536868453025818,0.9998250603675842
149,3,0.16979970037937164,0.18563686311244965,-0.25377583503723145,0.9998365044593811
149,4,0.1508275270462036,0.18671870231628418,-0.24678726494312286,0.9997898936271667
149,5,0.14753098785877228,0.18742096424102783,-0.24677912890911102,0.9997392296791077
149,6,0.14406892657279968,0.1885942667722702,-0.24679528176784515,0.9996842741966248
149,7,0.18220709264278412,0.1967259645462036,-0.14193445444107056,0.9998500943183899
149,8,0.14542782306671143,0.19951391220092773,-0.10991751402616501,0.9991875886917114
149,9,0.1630430817604065,0.225802943110466,-0.22694958746433258,0.999965488910675
149,10,0.15094724297523499,0.22676457464694977,-0.21772946417331696,0.9999328255653381
149,11,0.2239362597465515,0.3165789842605591,-0.07907389849424362,0.9999603629112244
149,12,0.11994708329439163,0.3296092450618744,0.0042341118678450584,0.9998016357421875
149,13,0.272000253200531,0.4345894157886505,-0.06998182088136673,0.9979605078697205
149,14,0.10993050783872604,0.4594532549381256,0.06655631214380264,0.7027020454406738
149,15,0.22141441702842712,0.5187563300132751,-0.19933414459228516,0.9921967387199402
149,16,0.09605395793914795,0.5121680498123169,-0.09134475886821747,0.6525735855102539
149,17,0.20322354137897491,0.5448592901229858,-0.23718610405921936,0.9770098328590393
149,18,0.08715946227312088,0.5349039435386658,-0.12658411264419556,0.6329458355903625
149,19,0.19832651317119598,0.5249091982841492,-0.2536141574382782,0.9763429164886475
149,20,0.0874643623828888,0.5265134572982788,-0.15790955722332,0.6387327313423157
149,21,0.2016587108373642,0.5157623887062073,-0.20539173483848572,0.9661151766777039
149,22,0.09317362308502197,0.5190329551696777,-0.10713710635900497,0.6096736788749695
149,23,0.19650980830192566,0.6172789931297302,-0.013005715794861317,0.9992392659187317
149,24,0.1377619355916977,0.609921932220459,0.0131243746727705,0.9996552467346191
149,25,0.19678561389446259,0.8477082848548889,-0.08869092911481857,0.9632118344306946
149,26,0.13650232553482056,0.8163986802101135,-0.07630258798599243,0.9719632267951965
149,27,0.14015473425388336,0.8413087129592896,0.27974194288253784,0.6930109858512878
149,28,0.1473107933998108,0.9862979054450989,0.09897492080926895,0.9169036149978638
149,29,0.13282085955142975,0.8279067873954773,0.3093535602092743,0.5765578150749207
149,30,0.15232357382774353,0.9971684217453003,0.11087849736213684,0.7664393782615662
149,31,0.13003069162368774,0.9070674180984497,0.24900661408901215,0.6761109232902527
149,32,0.1331227421760559,1.0723282098770142,-0.020442038774490356,0.893471360206604
150,0,0.1496700793504715,0.20984305441379547,-0.28200724720954895,0.9999353289604187
150,1,0.15693876147270203,0.19127433001995087,-0.2661053240299225,0.9998352527618408
150,2,0.16115093231201172,0.1914399117231369,-0.26616570353507996,0.9998363256454468
150,3,0.16589978337287903,0.19201509654521942,-0.2662588059902191,0.9998472929000854
150,4,0.14662662148475647,0.19243967533111572,-0.25911712646484375,0.9998064041137695
150,5,0.14326032996177673,0.19324378669261932,-0.2590961158275604,0.9997596144676208
150,6,0.13947011530399323,0.19446209073066711,-0.2590996325016022,0.9997103810310364
150,7,0.1784176230430603,0.20387524366378784,-0.15754854679107666,0.9998599886894226
150,8,0.1406456083059311,0.20590147376060486,-0.12595808506011963,0.9992526173591614
150,9,0.15872105956077576,0.23271362483501434,-0.24049940705299377,0.9999676942825317
150,10,0.14670515060424805,0.23366597294807434,-0.23134389519691467,0.9999377131462097
150,11,0.22049644589424133,0.32626840472221375,-0.09274762868881226,0.9999557137489319
150,12,0.11625456064939499,0.341999888420105,-0.018169088289141655,0.9998022317886353
150,13,0.27209973335266113,0.43778663873672485,-0.07766668498516083,0.9979928731918335
150,14,0.10280606150627136,0.4646056890487671,0.018352869898080826,0.7211581468582153
150,15,0.2280777245759964,0.5348667502403259,-0.19283168017864227,0.9918609261512756
150,16,0.08486774563789368,0.5149200558662415,-0.15971867740154266,0.681779146194458
150,17,0.2137899547815323,0.5623044967651367,-0.22826837003231049,0.9755197763442993
150,18,0.07497298717498779,0.53555828332901,-0.19914063811302185,0.6624972224235535
150,19,0.2085254043340683,0.5431725978851318,-0.2435305267572403,0.9747994542121887
150,20,0.07673615217208862,0.5258347988128662,-0.22664761543273926,0.6680926084518433
150,21,0.21146295964717865,0.5344813466072083,-0.19807763397693634,0.9649456143379211
150,22,0.08203042298555374,0.5189741849899292,-0.17460210621356964,0.6406195759773254
150,23,0.191326305270195,0.6225849986076355,-0.014004099182784557,0.9991654753684998
150,24,0.13472871482372284,0.6172333359718323,0.014090294949710369,0.9996402859687805
150,25,0.1806120127439499,0.8481465578079224,-0.07731693238019943,0.9585474729537964
150,26,0.13527162373065948,0.8289828300476074,-0.06014084443449974,0.9698019623756409
150,27,0.14117714762687683,0.8401395678520203,0.28432580828666687,0.6582605242729187
150,28,0.14817209541797638,0.9996732473373413,0.09358979761600494,0.9183432459831238
150,29,0.1355748474597931,0.833601176738739,0.3143931031227112,0.5551047921180725
150,30,0.1542365401983261,1.0312532186508179,0.10344217717647552,0.7685325741767883
150,31,0.13262800872325897,0.9116659760475159,0.2601051926612854,0.6402640342712402
150,32,0.13738200068473816,1.0836020708084106,-0.01918141171336174,0.8907603025436401
151,0,0.14463423192501068,0.21468259394168854,-0.27594950795173645,0.9999415278434753
151,1,0.1520320624113083,0.19642268121242523,-0.25490692257881165,0.9998509883880615
151,2,0.15623535215854645,0.19659832119941711,-0.25504741072654724,0.9998518824577332
151,3,0.16118121147155762,0.1971939206123352,-0.25512751936912537,0.9998618364334106
151,4,0.1416076123714447,0.1973753124475479,-0.2549038231372833,0.9998249411582947
151,5,0.1383446604013443,0.19802437722682953,-0.2549985349178314,0.9997826218605042
151,6,0.1348026543855667,0.1990484744310379,-0.25517696142196655,0.9997381567955017
151,7,0.17421765625476837,0.2089952826499939,-0.14741599559783936,0.9998735189437866
151,8,0.13641825318336487,0.21025456488132477,-0.12451519072055817,0.9993242621421814
151,9,0.15370751917362213,0.2371828407049179,-0.22826410830020905,0.9999707937240601
151,10,0.14173176884651184,0.2375878095626831,-0.2278783768415451,0.9999436736106873
151,11,0.2166128158569336,0.33010828495025635,-0.09251121431589127,0.999959409236908
151,12,0.11353431642055511,0.34293076395988464,0.0009237736812792718,0.9998172521591187
151,13,0.2722501754760742,0.4384744465351105,-0.05041308328509331,0.9981018900871277
151,14,0.10227446258068085,0.46274587512016296,0.10395614057779312,0.7362771034240723
151,15,0.23470087349414825,0.5406502485275269,-0.12376202642917633,0.9919924736022949
151,16,0.08173679560422897,0.5089820027351379,0.007031419314444065,0.7091086506843567
151,17,0.22234883904457092,0.5723825097084045,-0.14986300468444824,0.9755106568336487
151,18,0.07024471461772919,0.525772213935852,-0.014474094845354557,0.6905808448791504
151,19,0.21510988473892212,0.5549654364585876,-0.16887032985687256,0.9747328758239746
151,20,0.0710604265332222,0.5124494433403015,-0.043683011084795,0.6959670186042786
151,21,0.21736083924770355,0.5456846356391907,-0.12930092215538025,0.9654697775840759
151,22,0.07729251682758331,0.5071141719818115,-0.006961944047361612,0.670234203338623
151,23,0.18663914501667023,0.6255543828010559,-0.022465206682682037,0.9992328882217407
151,24,0.13046136498451233,0.6222999691963196,0.022467948496341705,0.9996662139892578
151,25,0.17137771844863892,0.8396154046058655,-0.13086393475532532,0.9579060673713684
151,26,0.13624407351016998,0.8412293791770935,0.013610715046525002,0.9678929448127747
151,27,0.1494276374578476,0.7984201312065125,0.2810705602169037,0.6122055053710938
151,28,0.14858363568782806,0.9975831508636475,0.17381185293197632,0.9128344655036926
151,29,0.16258059442043304,0.7844823002815247,0.31692761182785034,0.5232092142105103
151,30,0.15540540218353271,1.019197940826416,0.18648800253868103,0.7577227354049683
151,31,0.15968294441699982,0.8564192056655884,0.3186313807964325,0.5953225493431091
151,32,0.1392388939857483,1.0785541534423828,0.11450906842947006,0.8783437609672546
152,0,0.141179621219635,0.2160443216562271,-0.2718486487865448,0.9999472498893738
152,1,0.14869360625743866,0.1972447782754898,-0.2590036988258362,0.9998654723167419
152,2,0.15294377505779266,0.1973930448293686,-0.259047269821167,0.999866247177124
152,3,0.15792584419250488,0.19800837337970734,-0.25913339853286743,0.9998752474784851
152,4,0.1379718780517578,0.19824489951133728,-0.24899213016033173,0.9998418688774109
152,5,0.13449899852275848,0.19901756942272186,-0.2489677518606186,0.9998036623001099
152,6,0.13087590038776398,0.20005232095718384,-0.24897481501102448,0.999763548374176
152,7,0.17108188569545746,0.21034130454063416,-0.16400986909866333,0.9998859167098999
152,8,0.13171429932117462,0.21177202463150024,-0.11290243268013,0.9993898272514343
152,9,0.15025123953819275,0.2379532754421234,-0.2328643649816513,0.9999736547470093
152,10,0.13792987167835236,0.23829922080039978,-0.21968860924243927,0.9999490976333618
152,11,0.2148721069097519,0.3319016396999359,-0.11818273365497589,0.9999631643295288
152,12,0.10840007662773132,0.34184956550598145,0.017107808962464333,0.9998326301574707
152,13,0.2734070420265198,0.43868184089660645,-0.06972569227218628,0.9982314705848694
152,14,0.10314980149269104,0.4641222655773163,0.13246706128120422,0.7456269860267639
152,15,0.2386595755815506,0.5435054898262024,-0.15245316922664642,0.9922450184822083
152,16,0.07585117965936661,0.5086484551429749,0.040697965770959854,0.7335657477378845
152,17,0.2268206626176834,0.5757446885108948,-0.17899975180625916,0.9759965538978577
152,18,0.06425406038761139,0.5214143991470337,0.023605260998010635,0.7156988382339478
152,19,0.21973402798175812,0.5599959492683411,-0.19384071230888367,0.9752271771430969
152,20,0.06462927907705307,0.5080046057701111,-0.009904881939291954,0.720959484577179
152,21,0.22169488668441772,0.5500820875167847,-0.1560838669538498,0.9665372967720032
152,22,0.07090255618095398,0.5038300156593323,0.025154095143079758,0.6968994736671448
152,23,0.18558356165885925,0.630259096622467,-0.04313264414668083,0.9993007779121399
152,24,0.12912578880786896,0.6286919116973877,0.04312987998127937,0.9996930956840515
152,25,0.14788080751895905,0.8292590379714966,-0.1726839244365692,0.9567760229110718
152,26,0.13489243388175964,0.8414348363876343,0.03520546481013298,0.9625673294067383
152,27,0.172423854470253,0.7890304327011108,0.23640690743923187,0.5790750980377197
152,28,0.1490781009197235,0.9931074976921082,0.20686905086040497,0.9063893556594849
152,29,0.19718123972415924,0.7631833553314209,0.27809852361679077,0.4986582398414612
152,30,0.1554262638092041,1.0210864543914795,0.22080188989639282,0.7534124851226807
152,31,0.17857518792152405,0.853969156742096,0.29214203357696533,0.5648130774497986
152,32,0.13396279513835907,1.0849539041519165,0.16129779815673828,0.8680261373519897
153,0,0.13921627402305603,0.21586006879806519,-0.287099689245224,0.9999524354934692
153,1,0.14644640684127808,0.1971370130777359,-0.27541065216064453,0.9998786449432373
153,2,0.15105274319648743,0.1972690373659134,-0.27541854977607727,0.9998793005943298
153,3,0.15620267391204834,0.19786332547664642,-0.27550163865089417,0.9998874664306641
153,4,0.13537146151065826,0.19818513095378876,-0.26401159167289734,0.9998573064804077
153,5,0.13219818472862244,0.19896352291107178,-0.2639673054218292,0.999822735786438
153,6,0.12830860912799835,0.1999763548374176,-0.26390278339385986,0.9997866153717041
153,7,0.1686990112066269,0.21004705131053925,-0.17844842374324799,0.9998971819877625
153,8,0.12797005474567413,0.21171534061431885,-0.12488001585006714,0.9994491338729858
153,9,0.14891937375068665,0.23762117326259613,-0.24862784147262573,0.9999762177467346
153,10,0.13537992537021637,0.23802249133586884,-0.2335594892501831,0.9999539852142334
153,11,0.21317517757415771,0.3310798406600952,-0.1356445997953415,0.9999665021896362
153,12,0.10373831540346146,0.3407941460609436,0.014838001690804958,0.9998437762260437
153,13,0.2737407982349396,0.4342183470726013,-0.10364457219839096,0.9983645677566528
153,14,0.0834672823548317,0.45777836441993713,0.09040974825620651,0.752013087272644
153,15,0.24381093680858612,0.5359211564064026,-0.18221230804920197,0.9926019310951233
153,16,0.06638193875551224,0.4984379708766937,-0.04099644348025322,0.7508699297904968
153,17,0.23527686297893524,0.5655214190483093,-0.2135033756494522,0.9769268035888672
153,18,0.05647897720336914,0.5164272785186768,-0.0565948411822319,0.7314867973327637
153,19,0.22577254474163055,0.5521602630615234,-0.2261086255311966,0.9762413501739502
153,20,0.06051013991236687,0.5034021735191345,-0.07664597779512405,0.7369703054428101
153,21,0.2264484167098999,0.5427172183990479,-0.18558275699615479,0.96808922290802
153,22,0.0659320205450058,0.49836698174476624,-0.053016770631074905,0.7139595150947571
153,23,0.1823306679725647,0.6256394386291504,-0.055189624428749084,0.999363362789154
153,24,0.1269417554140091,0.6220410466194153,0.055124808102846146,0.9997193813323975
153,25,0.13967345654964447,0.797728955745697,-0.1763782799243927,0.9575379490852356
153,26,0.1312486231327057,0.840484619140625,0.04081807658076286,0.954350471496582
153,27,0.19060611724853516,0.7930343747138977,0.19784921407699585,0.5856724977493286
153,28,0.15108263492584229,0.9946452975273132,0.14840826392173767,0.9100883603096008
153,29,0.21047326922416687,0.766940176486969,0.23611389100551605,0.4940663278102875
153,30,0.15730883181095123,1.0187790393829346,0.1540430784225464,0.7639304995536804
153,31,0.18523140251636505,0.8711525797843933,0.24091878533363342,0.5731629133224487
153,32,0.13075436651706696,1.0969420671463013,0.07604638487100601,0.8716560006141663
154,0,0.1368657946586609,0.20966139435768127,-0.3011220097541809,0.9999570250511169
154,1,0.14404387772083282,0.18987275660037994,-0.2851060926914215,0.9998904466629028
154,2,0.14853650331497192,0.18955065310001373,-0.28508222103118896,0.9998911023139954
154,3,0.15356555581092834,0.18957726657390594,-0.2851574718952179,0.9998984336853027
154,4,0.13297684490680695,0.19195739924907684,-0.2752385437488556,0.9998711943626404
154,5,0.12981536984443665,0.19334793090820312,-0.2752242684364319,0.9998400211334229
154,6,0.12611496448516846,0.1947454810142517,-0.2751336991786957,0.9998073577880859
154,7,0.16554951667785645,0.20178967714309692,-0.17902356386184692,0.9999073147773743
154,8,0.12543930113315582,0.20705124735832214,-0.1316942423582077,0.999502420425415
154,9,0.14640581607818604,0.2308398187160492,-0.2604529857635498,0.9999784827232361
154,10,0.13236074149608612,0.2315955013036728,-0.24730798602104187,0.9999582171440125
154,11,0.20966275036334991,0.3294737935066223,-0.14269748330116272,0.9999693632125854
154,12,0.09892714023590088,0.33638522028923035,0.006985074374824762,0.999845027923584
154,13,0.27386048436164856,0.4248301684856415,-0.1250481754541397,0.9984961748123169
154,14,0.06557650119066238,0.4645129442214966,-0.04119085893034935,0.767816960811615
154,15,0.2436794936656952,0.5294600129127502,-0.18931449949741364,0.9929534196853638
154,16,0.06356361508369446,0.46115991473197937,-0.2826114594936371,0.7718546986579895
154,17,0.23468796908855438,0.5568971037864685,-0.21412639319896698,0.9778113961219788
154,18,0.059748973697423935,0.4637563228607178,-0.3163377344608307,0.7518835067749023
154,19,0.2252504974603653,0.5438154935836792,-0.22202420234680176,0.9771547317504883
154,20,0.06427554786205292,0.4413248300552368,-0.32368820905685425,0.7566683292388916
154,21,0.2258308231830597,0.5341875553131104,-0.18977341055870056,0.9694401025772095
154,22,0.06816171109676361,0.4394007921218872,-0.29036322236061096,0.7340342998504639
154,23,0.17986918985843658,0.6220778822898865,-0.0665118619799614,0.9994228482246399
154,24,0.1238458976149559,0.6182546615600586,0.06624551117420197,0.9997414350509644
154,25,0.12845687568187714,0.7695824503898621,-0.31779056787490845,0.9611836671829224
154,26,0.13092006742954254,0.8393141031265259,0.06958679854869843,0.9471431374549866
154,27,0.19163061678409576,0.8033348321914673,0.03502767160534859,0.6194023489952087
154,28,0.15589158236980438,0.9943326711654663,0.20491471886634827,0.9145954251289368
154,29,0.20888805389404297,0.7827436923980713,0.07050736248493195,0.5188592076301575
154,30,0.1636076271533966,1.0149670839309692,0.21244949102401733,0.7745169997215271
154,31,0.18319156765937805,0.8908523917198181,0.060046833008527756,0.607342004776001
154,32,0.13288918137550354,1.0906376838684082,0.1436072140932083,0.8774110674858093
155,0,0.13357707858085632,0.19708144664764404,-0.31102025508880615,0.9999608397483826
155,1,0.14122828841209412,0.17855964601039886,-0.28945475816726685,0.9999005794525146
155,2,0.14598023891448975,0.17829859256744385,-0.2894446849822998,0.9999012351036072
155,3,0.1513066440820694,0.17836540937423706,-0.28955191373825073,0.9999077916145325
155,4,0.12981931865215302,0.1793110966682434,-0.282958984375,0.9998829364776611
155,5,0.12641216814517975,0.17987559735774994,-0.28297150135040283,0.9998547434806824
155,6,0.12265488505363464,0.1804095357656479,-0.28290343284606934,0.999825119972229
155,7,0.1640106588602066,0.19116969406604767,-0.17013101279735565,0.9999161958694458
155,8,0.12259795516729355,0.19370153546333313,-0.13669848442077637,0.99954754114151
155,9,0.14271031320095062,0.2204279601573944,-0.2658555209636688,0.9999802708625793
155,10,0.12862423062324524,0.22080616652965546,-0.25750550627708435,0.9999611377716064
155,11,0.20797979831695557,0.32144424319267273,-0.12830930948257446,0.9999707341194153
155,12,0.09429030120372772,0.3242277503013611,-0.003944286145269871,0.999801754951477
155,13,0.2735793888568878,0.41529789566993713,-0.11755812913179398,0.9985707998275757
155,14,0.05349019914865494,0.46915552020072937,-0.07915433496236801,0.7805238962173462
155,15,0.24210600554943085,0.5247042179107666,-0.17354634404182434,0.9928025603294373
155,16,0.05767493695020676,0.441419780254364,-0.3383041024208069,0.7876527309417725
155,17,0.23422172665596008,0.5507922768592834,-0.19429482519626617,0.977120578289032
155,18,0.05990908667445183,0.41730642318725586,-0.3764027953147888,0.7656082510948181
155,19,0.2247420847415924,0.537401020526886,-0.2033029943704605,0.9765896201133728
155,20,0.06494419276714325,0.39698100090026855,-0.37736251950263977,0.7694216370582581
155,21,0.22484250366687775,0.5282745957374573,-0.1733732372522354,0.9690459370613098
155,22,0.06626313179731369,0.4088006317615509,-0.3437075614929199,0.7453128099441528
155,23,0.18072594702243805,0.6020064353942871,-0.057480428367853165,0.9994711875915527
155,24,0.12265679240226746,0.6125676035881042,0.05723220854997635,0.9997509717941284
155,25,0.11982861161231995,0.7476592063903809,-0.37564167380332947,0.9637938737869263
155,26,0.1310936063528061,0.8348907828330994,0.028258124366402626,0.9339181184768677
155,27,0.18742255866527557,0.8054988384246826,-0.013274581171572208,0.6432551145553589
155,28,0.1584070324897766,0.9932544827461243,0.1904839277267456,0.9141445755958557
155,29,0.20480413734912872,0.7836606502532959,0.022870464250445366,0.5345337986946106
155,30,0.17661400139331818,1.0123567581176758,0.20118439197540283,0.7723865509033203
155,31,0.18090982735157013,0.9105019569396973,-0.010785408318042755,0.6316407322883606
155,32,0.1545158475637436,1.0882513523101807,0.11188310384750366,0.8755543231964111
156,0,0.12883305549621582,0.18005099892616272,-0.31146520376205444,0.9999642968177795
156,1,0.13722075521945953,0.16085563600063324,-0.2913706302642822,0.9999096989631653
156,2,0.14227943122386932,0.1607121378183365,-0.29135140776634216,0.999910295009613
156,3,0.14786498248577118,0.16107673943042755,-0.29144152998924255,0.999916136264801
156,4,0.12536942958831787,0.16113635897636414,-0.28425782918930054,0.9998937249183655
156,5,0.12189088761806488,0.1613360196352005,-0.28429657220840454,0.9998683333396912
156,6,0.11812479048967361,0.16187503933906555,-0.2842552363872528,0.9998416900634766
156,7,0.1606478989124298,0.17441481351852417,-0.17478077113628387,0.9999240636825562
156,8,0.11889714747667313,0.17455199360847473,-0.14054101705551147,0.9995901584625244
156,9,0.1379493623971939,0.2049802839756012,-0.26790735125541687,0.9999819397926331
156,10,0.12402864545583725,0.20556528866291046,-0.2585970163345337,0.9999642372131348
156,11,0.20393499732017517,0.30669793486595154,-0.1305321305990219,0.9999718070030212
156,12,0.08836685121059418,0.30798858404159546,-0.016865307465195656,0.9998008012771606
156,13,0.27030232548713684,0.4020310044288635,-0.12391389161348343,0.9985583424568176
156,14,0.044572845101356506,0.45798906683921814,-0.11758709698915482,0.7991048097610474
156,15,0.2399662286043167,0.5153970718383789,-0.19029638171195984,0.9921043515205383
156,16,0.04878873750567436,0.41955381631851196,-0.401302307844162,0.8073412775993347
156,17,0.23394447565078735,0.5455875396728516,-0.20428435504436493,0.9750603437423706
156,18,0.050261273980140686,0.40052536129951477,-0.44321689009666443,0.7859847545623779
156,19,0.22409865260124207,0.5367509126663208,-0.21473535895347595,0.9746329188346863
156,20,0.05808769538998604,0.3768511414527893,-0.44477206468582153,0.7893019914627075
156,21,0.22346624732017517,0.526506781578064,-0.18505363166332245,0.9669977426528931
156,22,0.059777893126010895,0.38478532433509827,-0.4068032503128052,0.7662344574928284
156,23,0.1795724779367447,0.581284761428833,-0.05994663015007973,0.9995123744010925
156,24,0.11961390823125839,0.5960478186607361,0.05971507355570793,0.9997563362121582
156,25,0.11526636779308319,0.7296035885810852,-0.37043049931526184,0.966565728187561
156,26,0.11855393648147583,0.7938535213470459,0.01560412161052227,0.9217581748962402
156,27,0.17811749875545502,0.8336987495422363,-0.03470977395772934,0.6734196543693542
156,28,0.1576404571533203,0.9742876291275024,0.18743851780891418,0.914803683757782
156,29,0.19846445322036743,0.8261857032775879,-0.001896406407468021,0.5622187852859497
156,30,0.1740325540304184,0.9936105608940125,0.19996732473373413,0.7753272652626038
156,31,0.17439106106758118,0.9488826990127563,-0.05200975015759468,0.6609455943107605
156,32,0.15293292701244354,1.060405969619751,0.10768111795186996,0.8768966794013977
157,0,0.12530425190925598,0.16279463469982147,-0.32117873430252075,0.9999675750732422
157,1,0.13366290926933289,0.1427525132894516,-0.30425557494163513,0.9999180436134338
157,2,0.13885852694511414,0.14277471601963043,-0.3041931688785553,0.9999186992645264
157,3,0.14476726949214935,0.14323340356349945,-0.3042754530906677,0.9999237060546875
157,4,0.12216035276651382,0.1432647556066513,-0.29550206661224365,0.9999037981033325
157,5,0.11877839267253876,0.14372409880161285,-0.2955252528190613,0.9998810291290283
157,6,0.11534685641527176,0.1447710543870926,-0.2955062687397003,0.9998569488525391
157,7,0.15735399723052979,0.1556563526391983,-0.19609911739826202,0.999931275844574
157,8,0.11662009358406067,0.15683697164058685,-0.1541176438331604,0.9996299743652344
157,9,0.13379238545894623,0.18869304656982422,-0.2800747752189636,0.9999834895133972
157,10,0.12071941792964935,0.18891997635364532,-0.2685023248195648,0.9999673366546631
157,11,0.2014644593000412,0.2872117757797241,-0.15343815088272095,0.9999734163284302
157,12,0.0832291841506958,0.2902456223964691,-0.03343885391950607,0.9998139142990112
157,13,0.26580190658569336,0.39017924666404724,-0.12206796556711197,0.998591959476471
157,14,0.03719883784651756,0.4351051151752472,-0.13834720849990845,0.8175404071807861
157,15,0.2388100028038025,0.5021101236343384,-0.16511698067188263,0.9917798042297363
157,16,0.040396206080913544,0.4012584686279297,-0.4244427978992462,0.8259488940238953
157,17,0.2333085834980011,0.5346574783325195,-0.1833808422088623,0.9742559790611267
157,18,0.040492210537195206,0.3835812509059906,-0.4646640717983246,0.8059459328651428
157,19,0.2229922115802765,0.5290207862854004,-0.1887739598751068,0.9740014672279358
157,20,0.05132683739066124,0.35648664832115173,-0.46799972653388977,0.8088957071304321
157,21,0.2221880704164505,0.5174702405929565,-0.16304267942905426,0.9666605591773987
157,22,0.054075125604867935,0.36280325055122375,-0.4304959177970886,0.7874921560287476
157,23,0.1761137992143631,0.5688896775245667,-0.0719018429517746,0.9995540976524353
157,24,0.11720514297485352,0.5779337286949158,0.07179339230060577,0.9997695088386536
157,25,0.10568639636039734,0.7200421094894409,-0.3277372717857361,0.9694591760635376
157,26,0.11844596266746521,0.7669963240623474,0.07690439373254776,0.9007072448730469
157,27,0.16483242809772491,0.8636881709098816,-0.033625055104494095,0.7014882564544678
157,28,0.15433916449546814,0.9383779764175415,0.26910996437072754,0.9100679755210876
157,29,0.1831669956445694,0.8687366247177124,-0.005187643691897392,0.5933140516281128
157,30,0.16710305213928223,0.9635890126228333,0.28402620553970337,0.7792302966117859
157,31,0.1579883098602295,0.9682443141937256,-0.04874305799603462,0.6865832805633545
157,32,0.12159447371959686,1.0150017738342285,0.207852303981781,0.8717688918113708
158,0,0.12430695444345474,0.1417057365179062,-0.309859037399292,0.9999706149101257
158,1,0.13312041759490967,0.12355218827724457,-0.29561737179756165,0.9999258518218994
158,2,0.13860130310058594,0.12394887208938599,-0.2957124412059784,0.9999264478683472
158,3,0.14416168630123138,0.1246914491057396,-0.295843243598938,0.9999308586120605
158,4,0.12149062007665634,0.12349273264408112,-0.285921573638916,0.9999130964279175
158,5,0.11798419058322906,0.12381520122289658,-0.2858802378177643,0.9998926520347595
158,6,0.1147645115852356,0.12457690387964249,-0.2858029007911682,0.9998709559440613
158,7,0.15583975613117218,0.1357629895210266,-0.19369934499263763,0.999937891960144
158,8,0.11600697785615921,0.13598380982875824,-0.1458151936531067,0.9996663928031921
158,9,0.1328381448984146,0.16589947044849396,-0.269478976726532,0.9999849796295166
158,10,0.11933330446481705,0.16477036476135254,-0.2567477226257324,0.9999703168869019
158,11,0.19855254888534546,0.2692306339740753,-0.15117661654949188,0.9999749064445496
158,12,0.08188211917877197,0.2651470899581909,-0.021906856447458267,0.99982750415802
158,13,0.26015210151672363,0.37533149123191833,-0.09223204851150513,0.9985902309417725
158,14,0.03194234147667885,0.40902453660964966,-0.12731531262397766,0.8347554206848145
158,15,0.23830345273017883,0.48528674244880676,-0.14504370093345642,0.9915408492088318
158,16,0.03601516783237457,0.36886775493621826,-0.4175838530063629,0.8428786993026733
158,17,0.2318960428237915,0.5192353129386902,-0.16418874263763428,0.973755955696106
158,18,0.04018725827336311,0.35434627532958984,-0.4592064321041107,0.8242188096046448
158,19,0.22181153297424316,0.5086000561714172,-0.17292416095733643,0.9736620783805847
158,20,0.04910556599497795,0.3324877917766571,-0.4602058231830597,0.8268387913703918
158,21,0.2215167135000229,0.4974745512008667,-0.14553670585155487,0.9665572643280029
158,22,0.05190127342939377,0.334382027387619,-0.422571063041687,0.8070118427276611
158,23,0.17268499732017517,0.5548014640808105,-0.06731756031513214,0.9995940923690796
158,24,0.11455212533473969,0.5629534125328064,0.06719625741243362,0.9997835755348206
158,25,0.09985411167144775,0.7110825777053833,-0.3410491645336151,0.9717568159103394
158,26,0.11515239626169205,0.767987072467804,0.0627809390425682,0.8746972680091858
158,27,0.15243946015834808,0.8835610747337341,-0.07190732657909393,0.7247472405433655
158,28,0.14708247780799866,0.9315439462661743,0.24418283998966217,0.8991132378578186
158,29,0.16828924417495728,0.8891083598136902,-0.04587448388338089,0.6188113689422607
158,30,0.1622951477766037,0.9511479139328003,0.2580520510673523,0.7744742631912231
158,31,0.14691919088363647,0.9999642968177795,-0.09803662449121475,0.7076691389083862
158,32,0.1145460307598114,1.010410189628601,0.17287999391555786,0.861115574836731
159,0,0.12274069339036942,0.1229214295744896,-0.25268784165382385,0.9999734163284302
159,1,0.13139772415161133,0.1046290397644043,-0.2343599796295166,0.9999330043792725
159,2,0.13713712990283966,0.10524392873048782,-0.2343197911977768,0.9999335408210754
159,3,0.14260196685791016,0.1060371845960617,-0.23440296947956085,0.9999374151229858
159,4,0.11918086558580399,0.10424613952636719,-0.22494900226593018,0.9999215602874756
159,5,0.1154283732175827,0.10475382953882217,-0.22492772340774536,0.9999032020568848
159,6,0.11222561448812485,0.10585934668779373,-0.2249191552400589,0.9998836517333984
159,7,0.153903990983963,0.11880549788475037,-0.12389945238828659,0.9999439716339111
159,8,0.11262127757072449,0.12038014829158783,-0.08202347904443741,0.9996994137763977
159,9,0.13155747950077057,0.1478642076253891,-0.21165086328983307,0.9999863505363464
159,10,0.11743074655532837,0.1465449184179306,-0.20022809505462646,0.9999730587005615
159,11,0.19620655477046967,0.25630056858062744,-0.09339869767427444,0.9999758005142212
159,12,0.08059342205524445,0.2507574260234833,0.023677822202444077,0.9998403787612915
159,13,0.25576701760292053,0.3638024926185608,-0.05891164764761925,0.9986147880554199
159,14,0.029932130128145218,0.3816724717617035,-0.09705765545368195,0.8498560190200806
159,15,0.23656664788722992,0.472639799118042,-0.11384245753288269,0.9915026426315308
159,16,0.03207419440150261,0.3451240360736847,-0.41359657049179077,0.8580938577651978
159,17,0.23098640143871307,0.506179690361023,-0.13326598703861237,0.9736239314079285
159,18,0.040148328989744186,0.3381190598011017,-0.46091485023498535,0.840729296207428
159,19,0.22140011191368103,0.4928652346134186,-0.14549197256565094,0.9736852049827576
159,20,0.048106808215379715,0.3176468014717102,-0.46042752265930176,0.8430535197257996
159,21,0.21981367468833923,0.48231184482574463,-0.11588174849748611,0.9669466018676758
159,22,0.04994739964604378,0.3183732330799103,-0.41941094398498535,0.8246603012084961
159,23,0.16815514862537384,0.5467410683631897,-0.0689113512635231,0.9996277093887329
159,24,0.10991901159286499,0.5536483526229858,0.06875993311405182,0.9997953772544861
159,25,0.09324519336223602,0.7056998610496521,-0.33834272623062134,0.9738017320632935
159,26,0.1163916140794754,0.7635437846183777,0.045967403799295425,0.8569214940071106
159,27,0.14260704815387726,0.9052035212516785,-0.0901714563369751,0.7435590028762817
159,28,0.1473107784986496,0.9401028156280518,0.17050126194953918,0.8946546316146851
159,29,0.16600236296653748,0.9009594917297363,-0.06635423749685287,0.6442084908485413
159,30,0.16173727810382843,0.9618126749992371,0.1781398057937622,0.7752425670623779
159,31,0.1290370672941208,1.0074046850204468,-0.1171836405992508,0.7250747680664062
159,32,0.12190771847963333,1.0250922441482544,0.08215129375457764,0.8556206822395325
160,0,0.12153780460357666,0.10738778859376907,-0.22829826176166534,0.9999760389328003
160,1,0.13051950931549072,0.09087160229682922,-0.20774565637111664,0.9999396800994873
160,2,0.13626660406589508,0.09115665405988693,-0.20766443014144897,0.9999401569366455
160,3,0.14162595570087433,0.09193236380815506,-0.2077198028564453,0.9999436140060425
160,4,0.11802898347377777,0.09122529625892639,-0.20084989070892334,0.9999293684959412
160,5,0.11437221616506577,0.09168998152017593,-0.20085345208644867,0.9999128580093384
160,6,0.11083416640758514,0.09263885021209717,-0.20087257027626038,0.9998952746391296
160,7,0.1525714099407196,0.10411114245653152,-0.09365854412317276,0.9999495148658752
160,8,0.11060365289449692,0.10642220824956894,-0.06463416665792465,0.9997294545173645
160,9,0.1310383379459381,0.13340498507022858,-0.18680141866207123,0.9999877214431763
160,10,0.11630900949239731,0.13208051025867462,-0.17911513149738312,0.9999757409095764
160,11,0.19492551684379578,0.24530044198036194,-0.07108611613512039,0.9999778866767883
160,12,0.07488938421010971,0.234328493475914,0.03640733286738396,0.9998553991317749
160,13,0.2525094151496887,0.3555561900138855,-0.053011827170848846,0.9986752271652222
160,14,0.0224608164280653,0.35703226923942566,-0.07949473708868027,0.8636325597763062
160,15,0.2340802550315857,0.46350330114364624,-0.11940740793943405,0.9916930794715881
160,16,0.028577247634530067,0.33918142318725586,-0.38201889395713806,0.87174391746521
160,17,0.23067277669906616,0.49497121572494507,-0.14103154838085175,0.9742822647094727
160,18,0.04079565405845642,0.3335857391357422,-0.4275359809398651,0.8555012345314026
160,19,0.22069968283176422,0.4786991477012634,-0.15086953341960907,0.9743868708610535
160,20,0.04753589630126953,0.3119053840637207,-0.42703381180763245,0.8575608134269714
160,21,0.2182457596063614,0.4683554768562317,-0.12085854262113571,0.968084454536438
160,22,0.04775863140821457,0.31182342767715454,-0.38709309697151184,0.8404809832572937
160,23,0.16435536742210388,0.5427795052528381,-0.06980923563241959,0.9996635317802429
160,24,0.10414718836545944,0.5475843548774719,0.06965599209070206,0.9998132586479187
160,25,0.0855877548456192,0.7024478316307068,-0.3645402789115906,0.9762617349624634
160,26,0.11813866347074509,0.7547133564949036,0.037150997668504715,0.8484418988227844
160,27,0.12572164833545685,0.9226555824279785,-0.18034833669662476,0.7675821185112
160,28,0.14904549717903137,0.9469117522239685,0.17100512981414795,0.8986344933509827
160,29,0.15327481925487518,0.9301695823669434,-0.16258040070533752,0.6765530109405518
160,30,0.164001926779747,0.9629350900650024,0.17907916009426117,0.788249135017395
160,31,0.11063128709793091,1.046742558479309,-0.22628766298294067,0.7500597834587097
160,32,0.1252928078174591,1.0288783311843872,0.08769246190786362,0.8630608320236206
161,0,0.12057866901159286,0.09832672029733658,-0.21041055023670197,0.9999783635139465
161,1,0.12947292625904083,0.07970186322927475,-0.188565194606781,0.9999455809593201
161,2,0.13512250781059265,0.08006838709115982,-0.18854814767837524,0.9999459981918335
161,3,0.14041993021965027,0.08071166276931763,-0.1886422336101532,0.9999490976333618
161,4,0.11687014997005463,0.08064154535531998,-0.18339598178863525,0.9999362826347351
161,5,0.11301388591527939,0.08154253661632538,-0.18341045081615448,0.999921441078186
161,6,0.10914559662342072,0.0831090584397316,-0.1834084689617157,0.9999055862426758
161,7,0.15126635134220123,0.09513821452856064,-0.0717250257730484,0.9999544024467468
161,8,0.10789377987384796,0.09820841997861862,-0.04970759153366089,0.9997563362121582
161,9,0.13055828213691711,0.12466475367546082,-0.1676299273967743,0.9999889135360718
161,10,0.1154545396566391,0.12514622509479523,-0.16175851225852966,0.9999780654907227
161,11,0.19351574778556824,0.23709145188331604,-0.034932274371385574,0.9999794960021973
161,12,0.07124017179012299,0.22203229367733002,0.034807510673999786,0.9998670816421509
161,13,0.24844011664390564,0.34596166014671326,-0.024652067571878433,0.9983488917350769
161,14,0.015853872522711754,0.33868882060050964,-0.08877904713153839,0.8761159181594849
161,15,0.2312738448381424,0.45170652866363525,-0.1096494272351265,0.9886584281921387
161,16,0.03212699666619301,0.3332924246788025,-0.37031587958335876,0.8833221793174744
161,17,0.2293439507484436,0.48598378896713257,-0.13339374959468842,0.9686712622642517
161,18,0.04457337036728859,0.3268524408340454,-0.41602596640586853,0.867308497428894
161,19,0.21862013638019562,0.47115370631217957,-0.14226596057415009,0.9690433740615845
161,20,0.05005775764584541,0.3089635968208313,-0.41015541553497314,0.8690395355224609
161,21,0.21562865376472473,0.45945262908935547,-0.11145494878292084,0.9624584913253784
161,22,0.04977233335375786,0.30879178643226624,-0.3725542426109314,0.8525499701499939
161,23,0.16176654398441315,0.5396981835365295,-0.06486973911523819,0.9996957182884216
161,24,0.10199682414531708,0.5414473414421082,0.06475372612476349,0.9998251795768738
161,25,0.08243928849697113,0.7075424790382385,-0.374592125415802,0.9778518080711365
161,26,0.11870499700307846,0.7499105334281921,0.07168591022491455,0.8301412463188171
161,27,0.10817775130271912,0.9474657773971558,-0.25560930371284485,0.7895981669425964
161,28,0.15929733216762543,0.9333417415618896,0.2693658769130707,0.8926178812980652
161,29,0.13587316870689392,0.9718412756919861,-0.24600471556186676,0.7051491141319275
161,30,0.17667874693870544,0.9480859041213989,0.28563496470451355,0.7900916337966919
161,31,0.1003948226571083,1.0764390230178833,-0.34896954894065857,0.7726549506187439
161,32,0.1506292074918747,1.0131083726882935,0.1987534612417221,0.8600554466247559
162,0,0.1195206344127655,0.08521023392677307,-0.23573686182498932,0.9999803304672241
162,1,0.12874634563922882,0.06508222222328186,-0.21475057303905487,0.9999507069587708
162,2,0.13443413376808167,0.06580765545368195,-0.2147424966096878,0.9999510645866394
162,3,0.1397331953048706,0.0667717456817627,-0.21482960879802704,0.9999538064002991
162,4,0.11534539610147476,0.06424929946660995,-0.20908570289611816,0.9999423623085022
162,5,0.1114155724644661,0.06460045278072357,-0.2091010957956314,0.9999290108680725
162,6,0.10726572573184967,0.06533528119325638,-0.20908436179161072,0.9999147653579712
162,7,0.1497039496898651,0.08091160655021667,-0.09047840535640717,0.9999586343765259
162,8,0.10511388629674911,0.07971517741680145,-0.07021160423755646,0.9997804164886475
162,9,0.12926813960075378,0.11588980257511139,-0.1914215385913849,0.999989926815033
162,10,0.1132403016090393,0.11295899003744125,-0.18482893705368042,0.9999801516532898
162,11,0.1912309229373932,0.2271580547094345,-0.04182033613324165,0.9999811053276062
162,12,0.061144836246967316,0.21148142218589783,0.027361281216144562,0.9998775720596313
162,13,0.24131116271018982,0.3387370705604553,-0.0411669947206974,0.9979584813117981
162,14,0.0011233898112550378,0.32854077219963074,-0.09804512560367584,0.8879171013832092
162,15,0.22888706624507904,0.4419199228286743,-0.14611674845218658,0.9858895540237427
162,16,0.031084444373846054,0.3343115746974945,-0.3856118619441986,0.8942161202430725
162,17,0.22891566157341003,0.4747145175933838,-0.18307079374790192,0.963996946811676
162,18,0.04663319140672684,0.3330974578857422,-0.43586525321006775,0.8786824345588684
162,19,0.21741972863674164,0.4604540169239044,-0.19242887198925018,0.9644230008125305
162,20,0.05167536064982414,0.31454217433929443,-0.4268340766429901,0.8801594376564026
162,21,0.21409718692302704,0.44834908843040466,-0.15070512890815735,0.9573991894721985
162,22,0.05066123604774475,0.31331121921539307,-0.3862898051738739,0.8644201755523682
162,23,0.15768319368362427,0.5380266308784485,-0.06377879530191422,0.9997240304946899
162,24,0.09609617292881012,0.539729118347168,0.06359840929508209,0.9998287558555603
162,25,0.07790807634592056,0.7168084979057312,-0.3872889280319214,0.9790278077125549
162,26,0.11670251935720444,0.7592534422874451,0.08845072239637375,0.8210726976394653
162,27,0.09437695145606995,0.9651182293891907,-0.25369349122047424,0.8097159266471863
162,28,0.1635325700044632,0.9159868955612183,0.3645392060279846,0.8836278319358826
162,29,0.11872829496860504,0.9945047497749329,-0.24491067230701447,0.7279777526855469
162,30,0.18232910335063934,0.9268198609352112,0.3894489109516144,0.7919051051139832
162,31,0.08622393757104874,1.0871065855026245,-0.3716720938682556,0.7932565212249756
162,32,0.14969006180763245,0.9982768893241882,0.30939731001853943,0.8567054867744446
163,0,0.1153557151556015,0.07673560082912445,-0.2917788028717041,0.999981701374054
163,1,0.12501168251037598,0.05529652163386345,-0.2680833637714386,0.9999547004699707
163,2,0.1308399885892868,0.05567169934511185,-0.26809003949165344,0.9999549388885498
163,3,0.1362735480070114,0.0563831590116024,-0.2681763768196106,0.999957263469696
163,4,0.11131103336811066,0.05391768366098404,-0.26465728878974915,0.9999473690986633
163,5,0.107346311211586,0.05345331132411957,-0.2647131681442261,0.9999353289604187
163,6,0.10312678664922714,0.053406499326229095,-0.26471075415611267,0.9999225735664368
163,7,0.14679571986198425,0.06972810626029968,-0.12285648286342621,0.9999613761901855
163,8,0.10168766230344772,0.06546032428741455,-0.11405115574598312,0.9998016357421875
163,9,0.12594684958457947,0.107120580971241,-0.23894284665584564,0.999990701675415
163,10,0.10893908888101578,0.10379534214735031,-0.23514583706855774,0.9999818801879883
163,11,0.18899224698543549,0.22025302052497864,-0.0617813840508461,0.9999819397926331
163,12,0.05487340688705444,0.20230385661125183,-0.01024054829031229,0.9998856782913208
163,13,0.23713594675064087,0.3352814018726349,-0.049206171184778214,0.9975821375846863
163,14,-0.003934431821107864,0.33374130725860596,-0.14031797647476196,0.8986772894859314
163,15,0.22548642754554749,0.43619871139526367,-0.1957424283027649,0.9832745790481567
163,16,0.028761450201272964,0.3405466675758362,-0.43903475999832153,0.9041562080383301
163,17,0.22746746242046356,0.4699057340621948,-0.23218320310115814,0.9593272805213928
163,18,0.045496441423892975,0.34137049317359924,-0.4952612817287445,0.88911372423172
163,19,0.21515333652496338,0.4577772915363312,-0.24477235972881317,0.9597547650337219
163,20,0.05007347837090492,0.3196602165699005,-0.4869621992111206,0.8903763890266418
163,21,0.2114361673593521,0.44500765204429626,-0.2012178599834442,0.9523647427558899
163,22,0.04847109690308571,0.31774479150772095,-0.440273642539978,0.8753548264503479
163,23,0.15384633839130402,0.5331845283508301,-0.06188215687870979,0.9997462034225464
163,24,0.0911853164434433,0.5337095260620117,0.06195952743291855,0.9998114109039307
163,25,0.07775050401687622,0.7231334447860718,-0.34730806946754456,0.9799661636352539
163,26,0.1110348254442215,0.7636668086051941,0.11937079578638077,0.8129228353500366
163,27,0.08386069536209106,0.9806510806083679,-0.22962352633476257,0.8275282382965088
163,28,0.16269250214099884,0.9014297127723694,0.4476098418235779,0.8681037425994873
163,29,0.09558385610580444,1.027139663696289,-0.2249661237001419,0.7463010549545288
163,30,0.1808471828699112,0.9098966717720032,0.47727569937705994,0.7899767756462097
163,31,0.06849490851163864,1.1052589416503906,-0.37056511640548706,0.8107436299324036
163,32,0.1480395644903183,0.9902657270431519,0.3920748829841614,0.8470498919487
164,0,0.11588005721569061,0.07011383026838303,-0.3292100429534912,0.9999832510948181
164,1,0.12537243962287903,0.04672109708189964,-0.3047088086605072,0.999958872795105
164,2,0.13130874931812286,0.0475337840616703,-0.30471110343933105,0.9999589920043945
164,3,0.13680222630500793,0.04890792816877365,-0.3047800362110138,0.9999610185623169
164,4,0.11026646196842194,0.044608328491449356,-0.30444207787513733,0.9999522566795349
164,5,0.10602446645498276,0.04411180689930916,-0.3044603168964386,0.999941349029541
164,6,0.10158791393041611,0.04395419731736183,-0.30450040102005005,0.9999299645423889
164,7,0.14572305977344513,0.06340701133012772,-0.14891603589057922,0.9999643564224243
164,8,0.09850440919399261,0.058184925466775894,-0.15398596227169037,0.9998211860656738
164,9,0.12692886590957642,0.10090910643339157,-0.27123212814331055,0.9999915361404419
164,10,0.10815335065126419,0.09824775159358978,-0.2720756232738495,0.9999836087226868
164,11,0.1856231838464737,0.21286486089229584,-0.06954888999462128,0.9999828934669495
164,12,0.04905974492430687,0.19264861941337585,-0.04039987921714783,0.9998942017555237
164,13,0.23084059357643127,0.33635926246643066,-0.051104046404361725,0.9972784519195557
164,14,-0.004689392168074846,0.32260122895240784,-0.14710652828216553,0.9080774188041687
164,15,0.22334834933280945,0.42852118611335754,-0.23596592247486115,0.9828272461891174
164,16,0.026345383375883102,0.34830668568611145,-0.45624399185180664,0.9128644466400146
164,17,0.226240873336792,0.46129345893859863,-0.2779836058616638,0.9592077732086182
164,18,0.041384704411029816,0.35115301609039307,-0.5147845149040222,0.898302435874939
164,19,0.21426060795783997,0.4499668478965759,-0.2971186339855194,0.9596147537231445
164,20,0.04584993049502373,0.32988566160202026,-0.5192666053771973,0.8994587659835815
164,21,0.2104620486497879,0.43766912817955017,-0.24492156505584717,0.9523863792419434
164,22,0.044290829449892044,0.32763388752937317,-0.46272537112236023,0.8852091431617737
164,23,0.1498272866010666,0.5300076007843018,-0.049634795635938644,0.9997618794441223
164,24,0.08238629251718521,0.5287249684333801,0.04989812523126602,0.9997808337211609
164,25,0.07444217801094055,0.7505142688751221,-0.25732287764549255,0.981394350528717
164,26,0.10216915607452393,0.7780264616012573,0.10080039501190186,0.8135606646537781
164,27,0.07565737515687943,0.9975485801696777,-0.13924235105514526,0.8434897065162659
164,28,0.1597428172826767,0.8724691867828369,0.48455289006233215,0.8481923937797546
164,29,0.08275282382965088,1.0347847938537598,-0.13014063239097595,0.762965202331543
164,30,0.1785590648651123,0.8691449761390686,0.5205608606338501,0.7878407835960388
164,31,0.06779635697603226,1.123419165611267,-0.26579394936561584,0.8253456950187683
164,32,0.15140558779239655,0.9833816289901733,0.43960514664649963,0.8329426050186157
165,0,0.11268634349107742,0.06485164165496826,-0.3271443247795105,0.9999844431877136
165,1,0.12216948717832565,0.043001364916563034,-0.30440157651901245,0.999962329864502
165,2,0.1282591074705124,0.043753691017627716,-0.3043592870235443,0.9999623894691467
165,3,0.1341097354888916,0.04494684562087059,-0.3044278919696808,0.9999641180038452
165,4,0.10656803846359253,0.04220958799123764,-0.3043370842933655,0.9999563097953796
165,5,0.10215169936418533,0.042127855122089386,-0.304318368434906,0.9999464154243469
165,6,0.09786264598369598,0.04191628843545914,-0.30442726612091064,0.9999362230300903
165,7,0.1429307758808136,0.058912333101034164,-0.1531800478696823,0.9999666213989258
165,8,0.09494733065366745,0.056762851774692535,-0.15972881019115448,0.9998385906219482
165,9,0.12463042140007019,0.09396131336688995,-0.2706003785133362,0.9999922513961792
165,10,0.10474079102277756,0.09224706143140793,-0.2721594572067261,0.9999850988388062
165,11,0.18278928101062775,0.20908047258853912,-0.07313796877861023,0.9999833703041077
165,12,0.04634467139840126,0.19044561684131622,-0.037617240101099014,0.9999000430107117
165,13,0.22846758365631104,0.33848777413368225,-0.05594691261649132,0.9972293972969055
165,14,-0.003932378254830837,0.3128916025161743,-0.10453164577484131,0.9149070978164673
165,15,0.22065873444080353,0.43349820375442505,-0.24672718346118927,0.9834619164466858
165,16,0.020290764048695564,0.3580615520477295,-0.39110663533210754,0.9189003109931946
165,17,0.22059880197048187,0.46578124165534973,-0.29260343313217163,0.9609811305999756
165,18,0.03515799343585968,0.35849258303642273,-0.4799957275390625,0.9037295579910278
165,19,0.20966406166553497,0.4525250196456909,-0.3166083097457886,0.9612972736358643
165,20,0.03833774849772453,0.33867743611335754,-0.46261608600616455,0.905045211315155
165,21,0.20702087879180908,0.44042161107063293,-0.2580011785030365,0.9546285271644592
165,22,0.036618076264858246,0.3367915153503418,-0.4145525395870209,0.8911741971969604
165,23,0.1433812826871872,0.5351610779762268,-0.04718562215566635,0.9997561573982239
165,24,0.07427196949720383,0.5328783392906189,0.047506216913461685,0.9996833205223083
165,25,0.07165499776601791,0.7736403346061707,-0.18994463980197906,0.9830511808395386
165,26,0.08959562331438065,0.7804180979728699,0.09666572511196136,0.8127498030662537
165,27,0.07213695347309113,1.0450849533081055,-0.07558702677488327,0.8577106595039368
165,28,0.15870507061481476,0.8549708127975464,0.4625919759273529,0.8383877277374268
165,29,0.07544779032468796,1.0694186687469482,-0.07981491833925247,0.779146671295166
165,30,0.17892861366271973,0.8449850082397461,0.49487119913101196,0.7953377962112427
165,31,0.05766092985868454,1.1572073698043823,-0.2093067318201065,0.8373739123344421
165,32,0.15216054022312164,0.9650219678878784,0.4130271375179291,0.8269141316413879
166,0,0.10805577039718628,0.05861373990774155,-0.32396838068962097,0.9999855756759644
166,1,0.11699042469263077,0.03600827977061272,-0.3008749485015869,0.9999656677246094
166,2,0.12321701645851135,0.036573246121406555,-0.30083850026130676,0.9999656677246094
166,3,0.12936505675315857,0.0376511812210083,-0.30092817544937134,0.9999672770500183
166,4,0.10190334916114807,0.036104582250118256,-0.30015793442726135,0.9999600648880005
166,5,0.09763848781585693,0.03629325330257416,-0.30013155937194824,0.9999510645866394
166,6,0.09340538829565048,0.03676530346274376,-0.30024996399879456,0.9999419450759888
166,7,0.13889874517917633,0.051955632865428925,-0.15062381327152252,0.9999693632125854
166,8,0.09120750427246094,0.052771929651498795,-0.1521228551864624,0.999854326248169
166,9,0.12073340266942978,0.0866708904504776,-0.2670440971851349,0.9999929070472717
166,10,0.1010482907295227,0.08564840257167816,-0.2676958441734314,0.9999864101409912
166,11,0.17956332862377167,0.20585206151008606,-0.08137799054384232,0.9999843239784241
166,12,0.04414254426956177,0.18739476799964905,-0.02756316401064396,0.9999005198478699
166,13,0.22523243725299835,0.33984294533729553,-0.07602681964635849,0.997197687625885
166,14,-0.006448815111070871,0.32007938623428345,-0.0777515321969986,0.9180443286895752
166,15,0.21646878123283386,0.4314343333244324,-0.26435941457748413,0.9841161966323853
166,16,0.008666968904435635,0.3642541766166687,-0.3683041036128998,0.9210399985313416
166,17,0.21577052772045135,0.46431323885917664,-0.3117047846317291,0.9627978801727295
166,18,0.022617533802986145,0.3859208822250366,-0.4651492238044739,0.9044305682182312
166,19,0.20520853996276855,0.45083314180374146,-0.3362337052822113,0.9630497097969055
166,20,0.028248686343431473,0.356801301240921,-0.43410491943359375,0.9061058163642883
166,21,0.2030244618654251,0.43843239545822144,-0.2756151556968689,0.9568706750869751
166,22,0.02672210894525051,0.3455609679222107,-0.4070644974708557,0.8922467231750488
166,23,0.13523924350738525,0.5371248722076416,-0.0498836487531662,0.9997510313987732
166,24,0.06626060605049133,0.5371378660202026,0.05030081793665886,0.9995561242103577
166,25,0.06795906275510788,0.7945307493209839,-0.19967930018901825,0.9844710230827332
166,26,0.07787986099720001,0.7832300662994385,0.09231285005807877,0.8127212524414062
166,27,0.0665205791592598,1.052067756652832,-0.02522120624780655,0.8699909448623657
166,28,0.15258397161960602,0.8408217430114746,0.46011677384376526,0.8231910467147827
166,29,0.07187197357416153,1.0721005201339722,-0.017468813806772232,0.7924826741218567
166,30,0.17337659001350403,0.8197451233863831,0.49706047773361206,0.8007168769836426
166,31,0.04309917986392975,1.166965365409851,-0.17365166544914246,0.8463019132614136
166,32,0.1508653610944748,0.9425413608551025,0.43015944957733154,0.8137698769569397
167,0,0.10363510996103287,0.055084288120269775,-0.3143278956413269,0.9999862313270569
167,1,0.11273092031478882,0.032697781920433044,-0.28201717138290405,0.9999680519104004
167,2,0.11904828250408173,0.0337788462638855,-0.2820688784122467,0.9999680519104004
167,3,0.12546010315418243,0.03511044755578041,-0.2821902632713318,0.9999696612358093
167,4,0.09752621501684189,0.03210495039820671,-0.28564465045928955,0.9999624490737915
167,5,0.0931345671415329,0.032604847103357315,-0.28560107946395874,0.9999538660049438
167,6,0.08897970616817474,0.033170294016599655,-0.28583478927612305,0.9999457597732544
167,7,0.13543610274791718,0.05162235349416733,-0.1192118301987648,0.9999710917472839
167,8,0.08621202409267426,0.05051510035991669,-0.12601251900196075,0.9998672604560852
167,9,0.11597130447626114,0.08288951218128204,-0.24644845724105835,0.9999933838844299
167,10,0.0966433584690094,0.08077622205018997,-0.2516563832759857,0.9999871253967285
167,11,0.17643703520298004,0.21163669228553772,-0.06712450087070465,0.9999850392341614
167,12,0.03951726853847504,0.18626829981803894,0.001729523646645248,0.9998758435249329
167,13,0.22199784219264984,0.3428296148777008,-0.06981837749481201,0.9968662858009338
167,14,-0.004539295565336943,0.28833135962486267,-0.023248838260769844,0.914263904094696
167,15,0.21210364997386932,0.4332388639450073,-0.25223562121391296,0.9837801456451416
167,16,0.004582101013511419,0.3799423575401306,-0.28597453236579895,0.9106535315513611
167,17,0.21116884052753448,0.46854618191719055,-0.2998528778553009,0.963067352771759
167,18,0.009766247123479843,0.4129616916179657,-0.3475417494773865,0.8913977742195129
167,19,0.20045027136802673,0.45477592945098877,-0.3259734809398651,0.963322639465332
167,20,0.019489124417304993,0.3825834393501282,-0.36459293961524963,0.8938791751861572
167,21,0.19821736216545105,0.44184204936027527,-0.2637445628643036,0.9572807550430298
167,22,0.020991425961256027,0.3723061978816986,-0.30418655276298523,0.8801173567771912
167,23,0.1280236840248108,0.5436789989471436,-0.05038563162088394,0.9997315406799316
167,24,0.05960378423333168,0.5384249687194824,0.05083600804209709,0.9993066787719727
167,25,0.0651523694396019,0.809828519821167,-0.18030059337615967,0.9848830103874207
167,26,0.06429547071456909,0.7800163626670837,0.017379162833094597,0.8121877312660217
167,27,0.06688953191041946,1.0736680030822754,0.012017695233225822,0.8795915842056274
167,28,0.14297674596309662,0.8278177976608276,0.43650904297828674,0.7877306938171387
167,29,0.07249847799539566,1.0973750352859497,0.022139867767691612,0.7939775586128235
167,30,0.1639588624238968,0.8037766218185425,0.4772356152534485,0.7863714694976807
167,31,0.03609636053442955,1.1806941032409668,-0.13495439291000366,0.8507733941078186
167,32,0.14348572492599487,0.9260619282722473,0.4200676679611206,0.7812818288803101
168,0,0.10329687595367432,0.054054852575063705,-0.2771436870098114,0.9999857544898987
168,1,0.11285299807786942,0.03361064940690994,-0.24803103506565094,0.9999690651893616
168,2,0.11891376972198486,0.034984007477760315,-0.24807022511959076,0.9999691247940063
168,3,0.12497594952583313,0.03634368255734444,-0.24817676842212677,0.9999708533287048
168,4,0.0977613627910614,0.03147754445672035,-0.2483617663383484,0.9999628067016602
168,5,0.0934462696313858,0.031798020005226135,-0.2483435422182083,0.9999542236328125
168,6,0.0895475521683693,0.03199237212538719,-0.24846112728118896,0.9999469518661499
168,7,0.13426534831523895,0.052493590861558914,-0.0888897180557251,0.9999712705612183
168,8,0.08675626665353775,0.048763539642095566,-0.09005934000015259,0.9998762011528015
168,9,0.11502408236265182,0.08168619871139526,-0.21485599875450134,0.9999934434890747
168,10,0.09568031132221222,0.07823298126459122,-0.216495081782341,0.9999869465827942
168,11,0.17498864233493805,0.21299168467521667,-0.03963940590620041,0.9999855160713196
168,12,0.03811236470937729,0.18438108265399933,0.038869474083185196,0.9998456835746765
168,13,0.22018830478191376,0.34294626116752625,-0.04291772097349167,0.9965503811836243
168,14,-0.0013066517421975732,0.2814202904701233,0.02485925517976284,0.9099141359329224
168,15,0.21179011464118958,0.43320727348327637,-0.23489074409008026,0.9834487438201904
168,16,0.003120405599474907,0.38635870814323425,-0.2278026044368744,0.9023149013519287
168,17,0.21128445863723755,0.46993735432624817,-0.2807244658470154,0.9632158279418945
168,18,0.008247967809438705,0.41815128922462463,-0.28352090716362,0.8802706003189087
168,19,0.20027688145637512,0.45625126361846924,-0.30809542536735535,0.9634830355644226
168,20,0.01695750094950199,0.38924145698547363,-0.30480486154556274,0.8837217092514038
168,21,0.1978043019771576,0.44318586587905884,-0.24604058265686035,0.9575543403625488
168,22,0.019030531868338585,0.3802667260169983,-0.24308395385742188,0.8697997331619263
168,23,0.12601298093795776,0.5440005660057068,-0.050448380410671234,0.9997153282165527
168,24,0.05598759278655052,0.540133535861969,0.050868503749370575,0.9990700483322144
168,25,0.06526938825845718,0.8128209710121155,-0.17114326357841492,0.9852611422538757
168,26,0.0672074407339096,0.7812744379043579,0.008482872508466244,0.8119401931762695
168,27,0.06928981095552444,1.0761927366256714,0.008354497142136097,0.8875101208686829
168,28,0.13846291601657867,0.829547107219696,0.42860180139541626,0.7552083730697632
168,29,0.07321847975254059,1.1033633947372437,0.017227182164788246,0.7932050228118896
168,30,0.15807630121707916,0.804381251335144,0.4687257409095764,0.771655797958374
168,31,0.04245766997337341,1.174873948097229,-0.13666293025016785,0.8528659343719482
168,32,0.140693798661232,0.9237084984779358,0.4095431864261627,0.751793384552002
169,0,0.0929228663444519,0.05527174845337868,-0.3782709240913391,0.9999663233757019
169,1,0.10376501828432083,0.03302973881363869,-0.3543316721916199,0.9999521970748901
169,2,0.11059597879648209,0.034490618854761124,-0.35442468523979187,0.9999548196792603
169,3,0.11734255403280258,0.036038901656866074,-0.3546619117259979,0.9999584555625916
169,4,0.0892028883099556,0.031271472573280334,-0.3484601080417633,0.9999265670776367
169,5,0.08487913012504578,0.031437091529369354,-0.34844887256622314,0.9999094605445862
169,6,0.0803886353969574,0.0318916030228138,-0.34858250617980957,0.9998894929885864
169,7,0.12986259162425995,0.052156079560518265,-0.19376574456691742,0.9999632835388184
169,8,0.07869461923837662,0.047733407467603683,-0.17232494056224823,0.9998304843902588
169,9,0.1031658723950386,0.083561472594738,-0.3175997734069824,0.9999896883964539
169,10,0.0859304666519165,0.08026892691850662,-0.31206247210502625,0.9999720454216003
169,11,0.1705205887556076,0.21729598939418793,-0.13374502956867218,0.9999760389328003
169,12,0.029575904831290245,0.1880033016204834,-0.0014892260078340769,0.9993500113487244
169,13,0.21691611409187317,0.35988539457321167,-0.11885732412338257,0.9961643218994141
169,14,-1.4744576219527517e-05,0.2945634424686432,0.0499773807823658,0.8442589640617371
169,15,0.1979902982711792,0.44305288791656494,-0.26774561405181885,0.9800564050674438
169,16,0.008508417755365372,0.40719953179359436,-0.1286550760269165,0.8253384232521057
169,17,0.18844333291053772,0.4760302007198334,-0.3131788372993469,0.9568645358085632
169,18,0.01140708476305008,0.4448794424533844,-0.1627357453107834,0.8061822056770325
169,19,0.18000578880310059,0.45718804001808167,-0.33708456158638,0.9570914506912231
169,20,0.014695573598146439,0.427690714597702,-0.1952401101589203,0.8102003931999207
169,21,0.1808660477399826,0.44411516189575195,-0.27717915177345276,0.9506726264953613
169,22,0.01978914998471737,0.4099411368370056,-0.14624454081058502,0.7986186146736145
169,23,0.11810042709112167,0.5582947134971619,-0.0505029559135437,0.9993878602981567
169,24,0.04677706956863403,0.5530795454978943,0.05091444402933121,0.9976962804794312
169,25,0.061760254204273224,0.836007297039032,-0.15994583070278168,0.9849526286125183
169,26,0.04711942747235298,0.8210254907608032,0.022866684943437576,0.7996680736541748
169,27,0.07025472819805145,1.0785505771636963,0.12982375919818878,0.8751041293144226
169,28,0.0896371454000473,0.9510327577590942,0.4212605953216553,0.7238941788673401
169,29,0.07518622279167175,1.099439024925232,0.15088365972042084,0.7768188118934631
169,30,0.10002490878105164,0.9543765783309937,0.45433664321899414,0.7482368350028992
169,31,0.051300935447216034,1.1831175088882446,-0.005042308010160923,0.8198335766792297
169,32,0.0897311419248581,1.0506027936935425,0.3652680516242981,0.7143998742103577
170,0,0.08511096984148026,0.05421876162290573,-0.37614384293556213,0.999923825263977
170,1,0.09648612886667252,0.03138621523976326,-0.3463355004787445,0.9999070763587952
170,2,0.10314581543207169,0.03312841057777405,-0.3465316593647003,0.9999135732650757
170,3,0.10999594628810883,0.0351896695792675,-0.34679052233695984,0.9999304413795471
170,4,0.08288934826850891,0.029184041544795036,-0.34191516041755676,0.9998137950897217
170,5,0.07892533391714096,0.029336173087358475,-0.34190571308135986,0.9997406601905823
170,6,0.07483305037021637,0.029881013557314873,-0.3419904112815857,0.9996963143348694
170,7,0.12448509782552719,0.05288788303732872,-0.18843331933021545,0.9999366998672485
170,8,0.07630734890699387,0.046389054507017136,-0.17083118855953217,0.9995504021644592
170,9,0.09416312724351883,0.08235536515712738,-0.31888845562934875,0.9999752640724182
170,10,0.07861600071191788,0.07888573408126831,-0.3140432834625244,0.9999027252197266
170,11,0.16510584950447083,0.21820880472660065,-0.16072019934654236,0.9999604821205139
170,12,0.02389581687748432,0.19165490567684174,-0.021622691303491592,0.9952069520950317
170,13,0.21447491645812988,0.3761748671531677,-0.21064811944961548,0.9954978823661804
170,14,-0.028424043208360672,0.30612999200820923,0.010273342952132225,0.7830197215080261
170,15,0.18407092988491058,0.4553092420101166,-0.3972832262516022,0.9763545393943787
170,16,-0.05270565673708916,0.4177578091621399,-0.16643886268138885,0.7495734095573425
170,17,0.17025473713874817,0.4831315279006958,-0.44967982172966003,0.9498552680015564
170,18,-0.060167502611875534,0.4563073217868805,-0.20217737555503845,0.7327978014945984
170,19,0.16367116570472717,0.4581761360168457,-0.4601570665836334,0.9504826664924622
170,20,-0.0575687400996685,0.45042684674263,-0.23932969570159912,0.7368346452713013
170,21,0.16617603600025177,0.4466829299926758,-0.40240031480789185,0.9428232908248901
170,22,-0.05128728598356247,0.43997636437416077,-0.18749485909938812,0.7282108664512634
170,23,0.11407443881034851,0.5735939741134644,-0.050810083746910095,0.9988082647323608
170,24,0.03967666253447533,0.5735654830932617,0.051184285432100296,0.9945177435874939
170,25,0.056319382041692734,0.8463827967643738,-0.1578517109155655,0.9565209746360779
170,26,0.002382325939834118,0.813962459564209,-0.08593466877937317,0.76027512550354
170,27,0.06193575635552406,1.0784920454025269,0.16375058889389038,0.8421201109886169
170,28,0.07327877730131149,0.9407976269721985,0.3171778619289398,0.6647322773933411
170,29,0.06779219955205917,1.0951743125915527,0.18928883969783783,0.7372086644172668
170,30,0.08881372213363647,0.9415555000305176,0.35471397638320923,0.6940493583679199
170,31,0.04150982201099396,1.190256953239441,0.047847919166088104,0.7744432687759399
170,32,0.07625281810760498,1.0427429676055908,0.24916821718215942,0.6547603607177734
171,0,0.08038325607776642,0.05307835713028908,-0.38609743118286133,0.9998540282249451
171,1,0.0908927321434021,0.029836293309926987,-0.3591936528682709,0.9998581409454346
171,2,0.09733346104621887,0.03140361234545708,-0.35942021012306213,0.9998753666877747
171,3,0.1040174663066864,0.033284515142440796,-0.3597427308559418,0.9999057650566101
171,4,0.07807351648807526,0.028123781085014343,-0.35054072737693787,0.9996526837348938
171,5,0.07440846413373947,0.028422191739082336,-0.3504685163497925,0.9994998574256897
171,6,0.07066980004310608,0.029058175161480904,-0.35049957036972046,0.9993475079536438
171,7,0.11817091703414917,0.05256408452987671,-0.2107836902141571,0.9999275803565979
171,8,0.07258335500955582,0.04750388115644455,-0.17394272983074188,0.9990323781967163
171,9,0.09045657515525818,0.08001293241977692,-0.33260953426361084,0.9999629855155945
171,10,0.07526358217000961,0.07710281759500504,-0.3221803307533264,0.9997929930686951
171,11,0.1595824956893921,0.2211361825466156,-0.19443146884441376,0.9999504685401917
171,12,0.021244212985038757,0.19503934681415558,-0.017943909391760826,0.9797631502151489
171,13,0.2104746401309967,0.3924570381641388,-0.233477383852005,0.9953426122665405
171,14,-0.01673407107591629,0.31139275431632996,0.003251150017604232,0.7096861004829407
171,15,0.1750849038362503,0.4620908796787262,-0.3855064809322357,0.9750704765319824
171,16,-0.026756376028060913,0.36990565061569214,-0.20938079059123993,0.6775374412536621
171,17,0.1562049686908722,0.48329371213912964,-0.4393555521965027,0.9469885230064392
171,18,-0.03015075996518135,0.4005122780799866,-0.24345213174819946,0.6637529134750366
171,19,0.1516415774822235,0.45967647433280945,-0.4415043294429779,0.9479404091835022
171,20,-0.01977822557091713,0.3864381015300751,-0.27496981620788574,0.6675440669059753
171,21,0.1560375988483429,0.44799187779426575,-0.38561931252479553,0.9390488862991333
171,22,-0.015660008415579796,0.3798244893550873,-0.2283434271812439,0.6607041358947754
171,23,0.10899096727371216,0.5892666578292847,-0.06371386349201202,0.9984049201011658
171,24,0.03479492664337158,0.5789344906806946,0.06403037905693054,0.9908813238143921
171,25,0.056290511041879654,0.8583664298057556,-0.14876113831996918,0.943639874458313
171,26,-0.010961842723190784,0.838145911693573,-0.03825449198484421,0.7298680543899536
171,27,0.06420312821865082,1.0706138610839844,0.21244491636753082,0.8113263249397278
171,28,0.029306132346391678,0.9854488372802734,0.4271617531776428,0.6084198355674744
171,29,0.07222538441419601,1.0863417387008667,0.24141046404838562,0.6935433149337769
171,30,0.04428828880190849,0.9425170421600342,0.46750402450561523,0.6382576823234558
171,31,0.03732258453965187,1.1799123287200928,0.09504074603319168,0.7292149066925049
171,32,0.02146042510867119,1.0802758932113647,0.3544376790523529,0.5975401401519775
172,0,0.07246649265289307,0.047604382038116455,-0.4069589674472809,0.9997003078460693
172,1,0.08215699344873428,0.0227982047945261,-0.37753644585609436,0.9997665882110596
172,2,0.08812114596366882,0.023394865915179253,-0.3778237998485565,0.9998079538345337
172,3,0.09480684250593185,0.024531040340662003,-0.3781873881816864,0.9998614192008972
172,4,0.0693589597940445,0.022797023877501488,-0.3702952563762665,0.9992881417274475
172,5,0.06557242572307587,0.02343490906059742,-0.3702296018600464,0.9989469647407532
172,6,0.061579469591379166,0.024243909865617752,-0.3702751100063324,0.9984772801399231
172,7,0.1113433763384819,0.04616956412792206,-0.2196810245513916,0.9999093413352966
172,8,0.0638369470834732,0.04231049120426178,-0.18866723775863647,0.9979259967803955
172,9,0.08361495286226273,0.07374218106269836,-0.35027065873146057,0.9999456405639648
172,10,0.06795047968626022,0.07164935767650604,-0.34173718094825745,0.9996070265769958
172,11,0.1544925570487976,0.22205127775669098,-0.1952185332775116,0.999942421913147
172,12,0.013681790791451931,0.1943386197090149,-0.032409001141786575,0.9595047831535339
172,13,0.20715080201625824,0.40549248456954956,-0.22928237915039062,0.9951972961425781
172,14,-0.014627174474298954,0.31904685497283936,0.019846078008413315,0.6420282125473022
172,15,0.16241830587387085,0.4662896692752838,-0.38434848189353943,0.9746075868606567
172,16,-0.014328129589557648,0.37194687128067017,-0.13565455377101898,0.6111213564872742
172,17,0.14059269428253174,0.483915239572525,-0.4356631636619568,0.9462041258811951
172,18,-0.013881643302738667,0.4056299030780792,-0.16169773042201996,0.5995112061500549
172,19,0.1369149386882782,0.45949849486351013,-0.44460994005203247,0.9473841190338135
172,20,-0.008837624453008175,0.39040160179138184,-0.19546805322170258,0.6029903888702393
172,21,0.1429232507944107,0.4487128257751465,-0.3862749934196472,0.9376006722450256
172,22,-0.0070564886555075645,0.38272547721862793,-0.1544213443994522,0.5973666906356812
172,23,0.10294409841299057,0.5948377251625061,-0.0549183189868927,0.9984124302864075
172,24,0.022091493010520935,0.5872887372970581,0.05527442321181297,0.990363359451294
172,25,0.05625965818762779,0.8689232468605042,-0.1101401075720787,0.9402036070823669
172,26,-0.023593557998538017,0.8699667453765869,-0.06419004499912262,0.7343500256538391
172,27,0.06796330958604813,1.0570638179779053,0.3573773205280304,0.7843175530433655
172,28,0.026888616383075714,0.9603064656257629,0.45130839943885803,0.5575194358825684
172,29,0.07521669566631317,1.080964207649231,0.40060219168663025,0.6582688689231873
172,30,0.0394769124686718,0.9377399682998657,0.5029311180114746,0.5849668979644775
172,31,0.04454938694834709,1.1667730808258057,0.29397863149642944,0.6904606819152832
172,32,0.023573463782668114,1.001899003982544,0.42585596442222595,0.5453438758850098
173,0,0.06802896410226822,0.03519140183925629,-0.4237074553966522,0.9992581605911255
173,1,0.07743895798921585,0.012255402281880379,-0.3884090185165405,0.9994599223136902
173,2,0.08345533162355423,0.012471387162804604,-0.38870713114738464,0.9995983839035034
173,3,0.08992406725883484,0.013418191112577915,-0.3890704810619354,0.9997149109840393
173,4,0.06401604413986206,0.01395866833627224,-0.3839852809906006,0.9981399178504944
173,5,0.060044433921575546,0.015387472696602345,-0.38392677903175354,0.9972759485244751
173,6,0.05577468499541283,0.017000844702124596,-0.38399821519851685,0.9958227872848511
173,7,0.10303796082735062,0.037055663764476776,-0.21089527010917664,0.9998435974121094
173,8,0.05412719398736954,0.03818293288350105,-0.19152943789958954,0.9942700266838074
173,9,0.07987775653600693,0.06092226505279541,-0.35943686962127686,0.9998700022697449
173,10,0.06316997855901718,0.06018582731485367,-0.35465171933174133,0.9989030361175537
173,11,0.14777223765850067,0.22272148728370667,-0.17411214113235474,0.9999127388000488
173,12,0.0030891054775565863,0.193492129445076,-0.05602593719959259,0.9209251403808594
173,13,0.19949029386043549,0.40660718083381653,-0.23567627370357513,0.9947531819343567
173,14,-0.019345639273524284,0.3194604516029358,-0.09946861863136292,0.5853871703147888
173,15,0.14387619495391846,0.4682901203632355,-0.41583091020584106,0.9729309678077698
173,16,-0.007142581511288881,0.3381310999393463,-0.3488016724586487,0.5526759028434753
173,17,0.1226469874382019,0.4844624996185303,-0.4749261438846588,0.9422882795333862
173,18,0.00615821685642004,0.3556770384311676,-0.39646849036216736,0.5432396531105042
173,19,0.1193622574210167,0.45719558000564575,-0.48126810789108276,0.9437478184700012
173,20,-0.0007283968152478337,0.33381375670433044,-0.416609525680542,0.5464033484458923
173,21,0.1255195438861847,0.44781628251075745,-0.41778233647346497,0.9325768351554871
173,22,-0.005812560673803091,0.33065932989120483,-0.3650091886520386,0.5416299700737
173,23,0.09807813167572021,0.5906943082809448,-0.033100929111242294,0.9980015158653259
173,24,0.012079243548214436,0.5851302742958069,0.033662889152765274,0.9862502813339233
173,25,0.05890486389398575,0.8572486639022827,-0.14948275685310364,0.9310091733932495
173,26,-0.026826957240700722,0.8558357954025269,-0.0754704549908638,0.7333205938339233
173,27,0.061369627714157104,1.0684691667556763,0.25482669472694397,0.7541056871414185
173,28,0.01758294738829136,0.9975046515464783,0.42294204235076904,0.5177987813949585
173,29,0.060547906905412674,1.0928776264190674,0.2888655960559845,0.6252803206443787
173,30,0.02851335145533085,1.0005362033843994,0.46659055352211,0.5371236801147461
173,31,0.04988107457756996,1.1700152158737183,0.11872317641973495,0.6546382904052734
173,32,0.024456631392240524,1.0977036952972412,0.32469335198402405,0.5012125372886658
174,0,0.06279590725898743,0.03008551336824894,-0.4061102271080017,0.9985939264297485
174,1,0.07058157026767731,0.006068849004805088,-0.3733327388763428,0.9989231824874878
174,2,0.07633152604103088,0.0067222462967038155,-0.3736230731010437,0.9991958141326904
174,3,0.08253666013479233,0.007989278063178062,-0.37397500872612,0.9994377493858337
174,4,0.05766059458255768,0.007076609414070845,-0.3684118688106537,0.9964845180511475
174,5,0.05372536927461624,0.008786549791693687,-0.36832234263420105,0.9948321580886841
174,6,0.049399323761463165,0.010900309309363365,-0.3684164881706238,0.9924322366714478
174,7,0.09391628950834274,0.029677612707018852,-0.20138566195964813,0.9997189044952393
174,8,0.04647408053278923,0.03396761417388916,-0.18043336272239685,0.9902388453483582
174,9,0.0756843313574791,0.05611584708094597,-0.3431262969970703,0.9997767210006714
174,10,0.05876411497592926,0.054126352071762085,-0.33749818801879883,0.9982049465179443
174,11,0.14240601658821106,0.21869143843650818,-0.17107240855693817,0.999897837638855
174,12,-0.003696163883432746,0.19056452810764313,-0.043210454285144806,0.9045774340629578
174,13,0.1934678554534912,0.41215771436691284,-0.2481802999973297,0.9946801662445068
174,14,-0.016264040023088455,0.32930710911750793,-0.09864350408315659,0.5328799486160278
174,15,0.11815808713436127,0.4654577672481537,-0.4110720157623291,0.9727421402931213
174,16,0.002809013705700636,0.3508431315422058,-0.3711361885070801,0.5009210109710693
174,17,0.09379597753286362,0.47396567463874817,-0.46985846757888794,0.940939724445343
174,18,0.015714701265096664,0.36946555972099304,-0.42406344413757324,0.4938020408153534
174,19,0.089505635201931,0.4394499659538269,-0.4643562138080597,0.9423929452896118
174,20,0.007748887874186039,0.34882768988609314,-0.44650498032569885,0.49664124846458435
174,21,0.0959618017077446,0.4344487488269806,-0.4078620374202728,0.9302772879600525
174,22,0.0025871966499835253,0.3442135751247406,-0.38882988691329956,0.492669939994812
174,23,0.09363099187612534,0.5904033184051514,-0.03666502609848976,0.997321605682373
174,24,0.00881076231598854,0.5827658772468567,0.03714679181575775,0.982153594493866
174,25,0.058588314801454544,0.8610730767250061,-0.15221475064754486,0.9140893220901489
174,26,-0.03290270268917084,0.8472836017608643,-0.12492149323225021,0.7160585522651672
174,27,0.05715010687708855,1.0959399938583374,0.2516802251338959,0.7168743014335632
174,28,0.014274923130869865,1.024489164352417,0.33979377150535583,0.480010986328125
174,29,0.058092646300792694,1.1185730695724487,0.2839103639125824,0.5853163599967957
174,30,0.027472784742712975,1.0347497463226318,0.3818976879119873,0.49585622549057007
174,31,0.04604487493634224,1.2074960470199585,0.11304225027561188,0.6134464740753174
174,32,0.016808640211820602,1.139804720878601,0.22545786201953888,0.4615356922149658
175,0,0.05364430695772171,0.020156962797045708,-0.4013884961605072,0.9952145218849182
175,1,0.06337565183639526,-0.008501081727445126,-0.3681662678718567,0.996185302734375
175,2,0.06877671927213669,-0.007086422294378281,-0.3684832751750946,0.9970387816429138
175,3,0.07438600063323975,-0.004868488758802414,-0.36886218190193176,0.9979655742645264
175,4,0.05092398077249527,-0.00883558765053749,-0.3632442057132721,0.9888619780540466
175,5,0.0474277026951313,-0.0076905107125639915,-0.36313867568969727,0.983845055103302
175,6,0.04361540451645851,-0.006122190970927477,-0.3632727265357971,0.9786970019340515
175,7,0.08512180298566818,0.018217451870441437,-0.19494213163852692,0.9989863038063049
175,8,0.04439609497785568,0.016788367182016373,-0.17488867044448853,0.9759771227836609
175,9,0.06680668890476227,0.047835394740104675,-0.33585649728775024,0.9993783831596375
175,10,0.05101712793111801,0.0450226329267025,-0.33004987239837646,0.9955041408538818
175,11,0.13753952085971832,0.20757171511650085,-0.1619757115840912,0.9998511075973511
175,12,-0.011057411320507526,0.18194091320037842,-0.037208765745162964,0.885495662689209
175,13,0.1858680695295334,0.41213929653167725,-0.27013489603996277,0.9944065809249878
175,14,-0.017109282314777374,0.32984858751296997,-0.12097214162349701,0.48507222533226013
175,15,0.09616541117429733,0.4472713768482208,-0.4502250850200653,0.9722838401794434
175,16,0.0028982614167034626,0.35446983575820923,-0.4261941611766815,0.45458823442459106
175,17,0.07023174315690994,0.4427478313446045,-0.5121034383773804,0.9395049214363098
175,18,0.015519104897975922,0.373902291059494,-0.4869970381259918,0.4499027132987976
175,19,0.06741467863321304,0.40413960814476013,-0.5016069412231445,0.9407937526702881
175,20,0.008390390314161777,0.3536164164543152,-0.5089457631111145,0.45234256982803345
175,21,0.07449158281087875,0.4043964147567749,-0.4452633857727051,0.9273000955581665
175,22,0.004805410746484995,0.34894779324531555,-0.44464388489723206,0.44908028841018677
175,23,0.09021059423685074,0.5812182426452637,-0.03589906543493271,0.9966065883636475
175,24,0.0027057884726673365,0.5696943998336792,0.03643402084708214,0.9793538451194763
175,25,0.05868843197822571,0.8585431575775146,-0.1562737673521042,0.9013594388961792
175,26,-0.05286874249577522,0.8212626576423645,-0.25139737129211426,0.7094051241874695
175,27,0.05823150649666786,1.0956629514694214,0.2497035712003708,0.6801419258117676
175,28,-0.005162268877029419,0.9966802597045898,0.23100246489048004,0.4417839050292969
175,29,0.05760752037167549,1.1201367378234863,0.2826142907142639,0.5468900203704834
175,30,0.009106834419071674,0.9971873760223389,0.2766609191894531,0.45606374740600586
175,31,0.049181658774614334,1.2036362886428833,0.11893321573734283,0.5726811289787292
175,32,-0.006469612009823322,1.09717857837677,0.1395520120859146,0.42284920811653137
176,0,0.054275993257761,-0.010106057859957218,-0.48098620772361755,0.9834414124488831
176,1,0.06244547292590141,-0.03471948578953743,-0.4453880488872528,0.9854876399040222
176,2,0.07356730848550797,-0.022451264783740044,-0.4457097351551056,0.9880154132843018
176,3,0.07969432324171066,-0.02031259424984455,-0.4460969865322113,0.9906337261199951
176,4,0.050536662340164185,-0.035363778471946716,-0.4423729479312897,0.9695016145706177
176,5,0.04714082181453705,-0.033356260508298874,-0.44237902760505676,0.9624349474906921
176,6,0.04360584914684296,-0.0313149094581604,-0.442594051361084,0.9541151523590088
176,7,0.07914485782384872,-0.0007268873741850257,-0.2480185329914093,0.9944971203804016
176,8,0.04094098135828972,-0.009872530587017536,-0.2341703176498413,0.9501861333847046
176,9,0.0670887678861618,0.031905774027109146,-0.4071716070175171,0.9975336790084839
176,10,0.04930830001831055,0.01958705298602581,-0.4039454162120819,0.9894713163375854
176,11,0.1291932463645935,0.18423542380332947,-0.19435420632362366,0.9995525479316711
176,12,-0.019132524728775024,0.15737564861774445,-0.10161217302083969,0.8775585889816284
176,13,0.17251387238502502,0.40884852409362793,-0.3421819806098938,0.9930408596992493
176,14,-0.027071360498666763,0.32946446537971497,-0.222229465842247,0.4512555003166199
176,15,0.07756215333938599,0.4035980999469757,-0.5795924067497253,0.9655522704124451
176,16,0.00228556408546865,0.35783490538597107,-0.5483756065368652,0.41857895255088806
176,17,0.04656851664185524,0.4008815288543701,-0.6592066287994385,0.9275473356246948
176,18,0.01537263486534357,0.3776872158050537,-0.6210827231407166,0.417308509349823
176,19,0.046644363552331924,0.3552825450897217,-0.6453983187675476,0.9291120171546936
176,20,0.009294841438531876,0.35751667618751526,-0.6433860659599304,0.41978883743286133
176,21,0.05277885124087334,0.35468006134033203,-0.5766655802726746,0.9121313095092773
176,22,0.006258257664740086,0.3514624834060669,-0.5666182041168213,0.41619011759757996
176,23,0.07846037298440933,0.5661889910697937,-0.03711628541350365,0.9949449896812439
176,24,-0.0066555216908454895,0.547962486743927,0.03760981559753418,0.9759832620620728
176,25,0.058013565838336945,0.8602352142333984,-0.1408408284187317,0.8885116577148438
176,26,-0.0429258719086647,0.819294273853302,-0.15313437581062317,0.7007778286933899
176,27,0.06045035272836685,1.0873545408248901,0.31287139654159546,0.6497215628623962
176,28,0.0004008478135801852,1.0101224184036255,0.30286332964897156,0.41470274329185486
176,29,0.06162352114915848,1.1128811836242676,0.3493521213531494,0.5125426054000854
176,30,0.011285148561000824,1.0228230953216553,0.34066489338874817,0.42240381240844727
176,31,0.05080322548747063,1.1910829544067383,0.16283908486366272,0.5388444066047668
176,32,0.0035049018915742636,1.1135574579238892,0.19985225796699524,0.39301204681396484
177,0,0.04790269210934639,-0.034726593643426895,-0.32777103781700134,0.9725877642631531
177,1,0.05289613828063011,-0.04855971410870552,-0.29580873250961304,0.9738235473632812
177,2,0.057349804788827896,-0.04279186204075813,-0.29610610008239746,0.9781324863433838
177,3,0.07101690769195557,-0.046951454132795334,-0.2964227795600891,0.9809767603874207
177,4,0.04384402558207512,-0.050738412886857986,-0.29976239800453186,0.9530991315841675
177,5,0.040932655334472656,-0.048715777695178986,-0.29979631304740906,0.9450185894966125
177,6,0.03786090761423111,-0.04659721255302429,-0.30003416538238525,0.9323529601097107
177,7,0.06336835026741028,-0.016382912173867226,-0.11204857379198074,0.9892356991767883
177,8,0.022188900038599968,-0.038778357207775116,-0.12857961654663086,0.9315767884254456
177,9,0.058706775307655334,0.0067285518161952496,-0.2563195526599884,0.9948841333389282
177,10,0.04115620627999306,-0.0018690981669351459,-0.26208052039146423,0.9837448596954346
177,11,0.11578013002872467,0.1533314734697342,-0.04539617523550987,0.9993226528167725
177,12,-0.027805764228105545,0.13034705817699432,-0.0381205715239048,0.8831532001495361
177,13,0.15920601785182953,0.3758639097213745,-0.17254173755645752,0.9901425242424011
177,14,-0.03907033056020737,0.31210967898368835,-0.14669650793075562,0.44119584560394287
177,15,0.04988360032439232,0.3517574667930603,-0.3718126118183136,0.9520605206489563
177,16,0.015426837839186192,0.3204821050167084,-0.4120025634765625,0.39237937331199646
177,17,0.019258631393313408,0.34863829612731934,-0.4468659460544586,0.9015140533447266
177,18,0.030989158898591995,0.3428550064563751,-0.46616363525390625,0.39073798060417175
177,19,0.014655866660177708,0.31197577714920044,-0.4041059613227844,0.9030170440673828
177,20,0.03586791083216667,0.3176667094230652,-0.4990967810153961,0.3925377130508423
177,21,0.024294044822454453,0.30983996391296387,-0.3582063615322113,0.8825843334197998
177,22,0.026702923700213432,0.312806636095047,-0.4334953725337982,0.38815873861312866
177,23,0.06472010165452957,0.5540289282798767,-0.016609065234661102,0.9926459789276123
177,24,-0.005687471479177475,0.5301834344863892,0.017151547595858574,0.9721145629882812
177,25,0.05883317068219185,0.8609963059425354,-0.07717350125312805,0.8653761148452759
177,26,-0.02490558661520481,0.8328003883361816,-0.017880329862236977,0.6818709373474121
177,27,0.06150137633085251,1.0929925441741943,0.3097178339958191,0.6161308884620667
177,28,0.010043762624263763,1.07880437374115,0.3222973942756653,0.40444159507751465
177,29,0.0616370365023613,1.1262450218200684,0.3388597369194031,0.49073994159698486
177,30,0.016354070976376534,1.1079068183898926,0.35218536853790283,0.3996783494949341
177,31,0.06323159486055374,1.1853440999984741,0.15696029365062714,0.5058724880218506
177,32,0.013017645105719566,1.1751493215560913,0.16085736453533173,0.376382052898407
179,0,0.6437933444976807,0.13255533576011658,-0.21895039081573486,0.9753283262252808
179,1,0.6491591930389404,0.1173844039440155,-0.19132857024669647,0.9764397740364075
179,2,0.6532332897186279,0.11763431876897812,-0.19144228100776672,0.9803178310394287
179,3,0.6563118696212769,0.11772117018699646,-0.19149146974086761,0.9828775525093079
179,4,0.6363779306411743,0.11758849024772644,-0.19181688129901886,0.957787811756134
179,5,0.6317903995513916,0.11854030936956406,-0.19182664155960083,0.9505152702331543
179,6,0.6273218393325806,0.11983156204223633,-0.1919110268354416,0.9391161203384399
179,7,0.6610056161880493,0.13002002239227295,-0.046170350164175034,0.9903093576431274
179,8,0.621626079082489,0.13531211018562317,-0.050851743668317795,0.9384166598320007
179,9,0.6516913175582886,0.15697070956230164,-0.16569030284881592,0.9953951239585876
179,10,0.6359583735466003,0.15717807412147522,-0.1675911545753479,0.9853699207305908
179,11,0.6999274492263794,0.2534179985523224,0.01735609769821167,0.9993882775306702
179,12,0.5884385704994202,0.264114111661911,0.031542059034109116,0.8948357105255127
179,13,0.7487707138061523,0.3876032829284668,-0.13393379747867584,0.9908760786056519
179,14,0.5513347387313843,0.39553964138031006,-0.016136640682816505,0.4861154556274414
179,15,0.6784179210662842,0.3233785033226013,-0.39475300908088684,0.9563584923744202
179,16,0.5585320591926575,0.42918410897254944,-0.24560582637786865,0.436109334230423
179,17,0.6600526571273804,0.3037678301334381,-0.4490172564983368,0.9100824594497681
179,18,0.559939444065094,0.44934678077697754,-0.2866390645503998,0.4303726553916931
179,19,0.6547082662582397,0.2874842882156372,-0.4305468201637268,0.9114053249359131
179,20,0.5651929974555969,0.4355704188346863,-0.3051413893699646,0.4320094585418701
179,21,0.6583443880081177,0.2930290400981903,-0.39020591974258423,0.8917579054832458
179,22,0.567397952079773,0.4302522838115692,-0.25636178255081177,0.42330634593963623
179,23,0.6699454188346863,0.5606510639190674,0.027091285213828087,0.9932219386100769
179,24,0.6066003441810608,0.5506770014762878,-0.02720438316464424,0.9748858213424683
179,25,0.6444478034973145,0.779037356376648,0.08733155578374863,0.8347356915473938
179,26,0.6428520679473877,0.7563213109970093,-0.3480466306209564,0.7072963118553162
179,27,0.6126990914344788,0.9171831607818604,0.3759833872318268,0.5770076513290405
179,28,0.6400343179702759,0.9945768117904663,-0.34653177857398987,0.45493367314338684
179,29,0.5971217751502991,0.9224539399147034,0.39922651648521423,0.46727028489112854
179,30,0.6425149440765381,1.0595183372497559,-0.35471996665000916,0.42042773962020874
179,31,0.6266589164733887,1.011802315711975,0.2944296896457672,0.48773783445358276
179,32,0.6738885045051575,1.0783979892730713,-0.5437899827957153,0.42421573400497437
180,0,0.6448138356208801,0.12607361376285553,-0.19516555964946747,0.9777944087982178
180,1,0.6500712633132935,0.11055919528007507,-0.1675989031791687,0.9787936806678772
180,2,0.6539705991744995,0.1109781488776207,-0.16772356629371643,0.9822840690612793
180,3,0.6570220589637756,0.1114986464381218,-0.16780567169189453,0.9845877289772034
180,4,0.6372435688972473,0.11164574325084686,-0.16694962978363037,0.9620067477226257
180,5,0.6326165795326233,0.11313975602388382,-0.16691306233406067,0.9554612636566162
180,6,0.6280868649482727,0.11494029313325882,-0.16699716448783875,0.9452018141746521
180,7,0.6622897982597351,0.12555836141109467,-0.026368875056505203,0.9912750720977783
180,8,0.6218827366828918,0.13066400587558746,-0.02546820603311062,0.9445703625679016
180,9,0.6529207825660706,0.15028119087219238,-0.1437072604894638,0.9958547353744507
180,10,0.636603057384491,0.15016043186187744,-0.14397867023944855,0.9868320822715759
180,11,0.7017094492912292,0.2506968379020691,0.02872050553560257,0.9994474053382874
180,12,0.5890795588493347,0.26164472103118896,0.05836091935634613,0.9053493142127991
180,13,0.7488166093826294,0.3869151175022125,-0.12012157589197159,0.9914756417274475
180,14,0.5526109337806702,0.39363306760787964,0.05454521253705025,0.5231689214706421
180,15,0.6788599491119385,0.3224283754825592,-0.3761523365974426,0.9600429534912109
180,16,0.5610634684562683,0.42951980233192444,-0.1221708357334137,0.4688447117805481
180,17,0.6600119471549988,0.3030967116355896,-0.4299200773239136,0.9174604415893555
180,18,0.5628879070281982,0.45004233717918396,-0.1541237235069275,0.4597541093826294
180,19,0.6547074913978577,0.2861464023590088,-0.41272643208503723,0.9186105132102966
180,20,0.5681201219558716,0.4361293613910675,-0.1772419512271881,0.46156397461891174
180,21,0.6584070920944214,0.29152604937553406,-0.37215274572372437,0.899468183517456
180,22,0.5700221061706543,0.4307692050933838,-0.13386580348014832,0.449524462223053
180,23,0.6703435778617859,0.560653030872345,0.02689337357878685,0.9936888217926025
180,24,0.6069167256355286,0.5507499575614929,-0.0269628893584013,0.9773737788200378
180,25,0.6443796157836914,0.7792019844055176,0.08719191700220108,0.7999199628829956
180,26,0.6429170370101929,0.7610098719596863,-0.34492042660713196,0.7299206256866455
180,27,0.6127429604530334,0.9129862189292908,0.38484227657318115,0.5316193699836731
180,28,0.6514453291893005,1.035435676574707,-0.3851433992385864,0.4969671666622162
180,29,0.5971778035163879,0.9148126840591431,0.409840852022171,0.4380193054676056
180,30,0.6459198594093323,1.0833284854888916,-0.3984139561653137,0.4319034218788147
180,31,0.6266242265701294,1.0020798444747925,0.3161567747592926,0.4552679657936096
180,32,0.6795505881309509,1.099658489227295,-0.5907588601112366,0.4584213197231293
181,0,0.6474533677101135,0.11392529308795929,-0.199751615524292,0.9800140261650085
181,1,0.6524349451065063,0.09990045428276062,-0.17240074276924133,0.9809121489524841
181,2,0.6558355093002319,0.10044757276773453,-0.1725248545408249,0.9840534925460815
181,3,0.6590051651000977,0.10119467973709106,-0.17258627712726593,0.986126720905304
181,4,0.6399351954460144,0.10069461911916733,-0.1722813844680786,0.965803861618042
181,5,0.6349947452545166,0.10222279280424118,-0.1722799837589264,0.9599127173423767
181,6,0.6304258108139038,0.10398653894662857,-0.17236340045928955,0.9506791234016418
181,7,0.6644717454910278,0.11757530272006989,-0.03005872294306755,0.9921439290046692
181,8,0.62326580286026,0.12225568294525146,-0.03155239298939705,0.9501088857650757
181,9,0.6551781892776489,0.1389610469341278,-0.1476372629404068,0.9962685108184814
181,10,0.6385712027549744,0.13968755304813385,-0.14872831106185913,0.9881482124328613
181,11,0.7060295939445496,0.24716885387897491,0.02850649319589138,0.9994997978210449
181,12,0.5900931358337402,0.2551840543746948,0.05214118957519531,0.9148117899894714
181,13,0.750673234462738,0.38689059019088745,-0.12099689245223999,0.9920690655708313
181,14,0.5534235835075378,0.3922693729400635,0.026484612375497818,0.5629176497459412
181,15,0.6801393628120422,0.32223016023635864,-0.37879669666290283,0.9635153412818909
181,16,0.5625892281532288,0.42952314019203186,-0.1809355914592743,0.5069398880004883
181,17,0.6602230668067932,0.30293741822242737,-0.4333783686161041,0.9243389368057251
181,18,0.5653088092803955,0.45017898082733154,-0.2185802459716797,0.49377307295799255
181,19,0.6553815603256226,0.2852955162525177,-0.4157296419143677,0.9253228306770325
181,20,0.5704715251922607,0.436055988073349,-0.23884953558444977,0.4956042766571045
181,21,0.6594551801681519,0.29075559973716736,-0.3746913969516754,0.9069450497627258
181,22,0.572030246257782,0.4305287301540375,-0.1921798288822174,0.48109951615333557
181,23,0.6738232374191284,0.5603896975517273,0.02662476897239685,0.9940599799156189
181,24,0.6089931726455688,0.5507991909980774,-0.02666366472840309,0.9796077609062195
181,25,0.6496641039848328,0.7793608903884888,0.07230818271636963,0.7749730944633484
181,26,0.6437464356422424,0.7708462476730347,-0.31977081298828125,0.7505884766578674
181,27,0.6153713464736938,0.9008249044418335,0.3850560784339905,0.49205702543258667
181,28,0.6567116379737854,1.050782561302185,-0.3427591621875763,0.5345843434333801
181,29,0.5986112356185913,0.9081737399101257,0.4111410677433014,0.41179072856903076
181,30,0.6495953798294067,1.0961673259735107,-0.3534811735153198,0.44698846340179443
181,31,0.6263413429260254,0.977560818195343,0.3210422992706299,0.42706507444381714
181,32,0.6823824048042297,1.114761471748352,-0.5401689410209656,0.4891762435436249
182,0,0.6489826440811157,0.10052882134914398,-0.26222097873687744,0.9820116758346558
182,1,0.6543610095977783,0.08827737718820572,-0.23415516316890717,0.9828189611434937
182,2,0.6575535535812378,0.08886480331420898,-0.2342645823955536,0.98564612865448
182,3,0.661064863204956,0.08974604308605194,-0.23433122038841248,0.9875119924545288
182,4,0.6415160298347473,0.0890243798494339,-0.2336691915988922,0.9692213535308838
182,5,0.6362457275390625,0.0907084196805954,-0.23362630605697632,0.963918924331665
182,6,0.631496012210846,0.0925002247095108,-0.23370668292045593,0.9556084871292114
182,7,0.6675240993499756,0.1075153723359108,-0.08076337724924088,0.992926299571991
182,8,0.6241087317466736,0.11259887367486954,-0.08085449039936066,0.9550935626029968
182,9,0.6570131778717041,0.1263837069272995,-0.20602451264858246,0.9966410398483276
182,10,0.6397508382797241,0.12771542370319366,-0.20646287500858307,0.9893328547477722
182,11,0.7093762755393982,0.2419029176235199,-0.00994705967605114,0.9995467662811279
182,12,0.5914890170097351,0.24851757287979126,0.016481738537549973,0.9233272671699524
182,13,0.7532057762145996,0.3871168792247772,-0.15708374977111816,0.9926259517669678
182,14,0.5552553534507751,0.3883853852748871,0.011499233543872833,0.5973148941993713
182,15,0.682887077331543,0.3225136399269104,-0.4452835023403168,0.966754674911499
182,16,0.5647356510162354,0.42938950657844543,-0.1971215158700943,0.5409640669822693
182,17,0.6625539660453796,0.303050696849823,-0.5064170956611633,0.9308103919029236
182,18,0.567605197429657,0.45041942596435547,-0.23584498465061188,0.5237284302711487
182,19,0.6591241955757141,0.28529059886932373,-0.4906654357910156,0.9316722750663757
182,20,0.5732312202453613,0.43612536787986755,-0.2547289729118347,0.5256083011627197
182,21,0.6631571054458618,0.290788859128952,-0.4427166283130646,0.914096474647522
182,22,0.5748780369758606,0.43052414059638977,-0.20811086893081665,0.5089755058288574
182,23,0.6769824624061584,0.5602976083755493,0.026567727327346802,0.9944490790367126
182,24,0.6105914115905762,0.5507081747055054,-0.026598358526825905,0.9816207885742188
182,25,0.6578580141067505,0.7799522280693054,0.06320234388113022,0.7683067917823792
182,26,0.6444292664527893,0.7733744382858276,-0.2835015058517456,0.7717364430427551
182,27,0.6166801452636719,0.8790291547775269,0.4264337718486786,0.4674818217754364
182,28,0.6612992882728577,1.0473103523254395,-0.2234032154083252,0.5745717287063599
182,29,0.5981172323226929,0.8801926970481873,0.4589095711708069,0.3979996144771576
182,30,0.6550161242485046,1.0909578800201416,-0.22526487708091736,0.4680367410182953
182,31,0.6203213930130005,0.9696787595748901,0.3661760985851288,0.41489624977111816
182,32,0.6836607456207275,1.117297649383545,-0.41393089294433594,0.5264859795570374
183,0,0.6515135169029236,0.09497756510972977,-0.2734081745147705,0.9838080406188965
183,1,0.6568770408630371,0.08353489637374878,-0.2451425939798355,0.9845325350761414
183,2,0.6600480675697327,0.08425124734640121,-0.24525651335716248,0.9870766401290894
183,3,0.664093017578125,0.08514710515737534,-0.24532125890254974,0.9887562990188599
183,4,0.6441418528556824,0.08388491719961166,-0.24540787935256958,0.9722942113876343
183,5,0.6386948227882385,0.08544567227363586,-0.2453780621290207,0.9675206542015076
183,6,0.6334862112998962,0.08719419687986374,-0.24545970559120178,0.9600412249565125
183,7,0.6711311936378479,0.10314545035362244,-0.0913444384932518,0.9936262965202332
183,8,0.6260743737220764,0.10711465030908585,-0.0943642109632492,0.9595725536346436
183,9,0.6591794490814209,0.120223768055439,-0.2171604186296463,0.9969756007194519
183,10,0.6418123841285706,0.12107353657484055,-0.2183726727962494,0.9903982281684875
183,11,0.7128499150276184,0.23941367864608765,-0.019233955070376396,0.9995882511138916
183,12,0.5929168462753296,0.24467162787914276,0.0030153312254697084,0.930989146232605
183,13,0.7555161118507385,0.38902199268341064,-0.15342091023921967,0.9931009411811829
183,14,0.5570034980773926,0.3852306604385376,0.004981485195457935,0.6303319334983826
183,15,0.6854948997497559,0.32982268929481506,-0.4429895281791687,0.9696775674819946
183,16,0.5647030472755432,0.42792490124702454,-0.20234984159469604,0.5744205713272095
183,17,0.6654836535453796,0.31001099944114685,-0.50504469871521,0.9366452693939209
183,18,0.5675103068351746,0.45033031702041626,-0.24222394824028015,0.553372323513031
183,19,0.6628604531288147,0.29158085584640503,-0.4939136207103729,0.9373839497566223
183,20,0.5738058686256409,0.4358753263950348,-0.26204007863998413,0.5553620457649231
183,21,0.6668782234191895,0.2981354892253876,-0.44216328859329224,0.920642077922821
183,22,0.5755214095115662,0.42959901690483093,-0.21420156955718994,0.5372106432914734
183,23,0.6785938143730164,0.5604358911514282,0.02670062892138958,0.994749128818512
183,24,0.6115352511405945,0.5506761074066162,-0.026725580915808678,0.9834169745445251
183,25,0.6633082628250122,0.7934911847114563,0.0486108735203743,0.753939151763916
183,26,0.6470280885696411,0.7898522615432739,-0.2571175694465637,0.7875287532806396
183,27,0.6207539439201355,0.8843705654144287,0.4149317443370819,0.438117116689682
183,28,0.6614322066307068,1.045153260231018,-0.18973904848098755,0.6036476492881775
183,29,0.598112165927887,0.8903305530548096,0.4459591507911682,0.3780248165130615
183,30,0.6558956503868103,1.087890863418579,-0.19071918725967407,0.47650226950645447
183,31,0.6207976341247559,0.967476487159729,0.3495807647705078,0.39519089460372925
183,32,0.6847262978553772,1.117266058921814,-0.3773424029350281,0.5517827868461609
184,0,0.6545005440711975,0.0955522432923317,-0.2782648205757141,0.9854260683059692
184,1,0.6605098843574524,0.08343186974525452,-0.24937890470027924,0.9860773682594299
184,2,0.6642658114433289,0.08460627496242523,-0.24948637187480927,0.9883668422698975
184,3,0.6685174703598022,0.08603107929229736,-0.24955222010612488,0.98987877368927
184,4,0.6481423377990723,0.08302997797727585,-0.25089031457901,0.975062906742096
184,5,0.6427842378616333,0.08419789373874664,-0.2508854866027832,0.9707661271095276
184,6,0.6374217867851257,0.08579135686159134,-0.2509641647338867,0.9640346765518188
184,7,0.6757436990737915,0.10389406979084015,-0.0906374603509903,0.9942607283592224
184,8,0.6295326948165894,0.10535149276256561,-0.09915754199028015,0.9636112451553345
184,9,0.6619058847427368,0.12212132662534714,-0.21999670565128326,0.9972774386405945
184,10,0.6441910266876221,0.12081855535507202,-0.22281420230865479,0.9913578033447266
184,11,0.7167059183120728,0.2401142418384552,-0.015444781631231308,0.9996262788772583
184,12,0.594670832157135,0.24423570930957794,-0.0025489041581749916,0.9378862977027893
184,13,0.7580133676528931,0.39773306250572205,-0.15012578666210175,0.9934982061386108
184,14,0.558505654335022,0.385612428188324,-0.03372504934668541,0.6590092182159424
184,15,0.6936267018318176,0.347189337015152,-0.451803594827652,0.9722495675086975
184,16,0.5674585103988647,0.42752131819725037,-0.2699236273765564,0.6022529006004333
184,17,0.6758900284767151,0.33199670910835266,-0.5143253207206726,0.9418076276779175
184,18,0.570515513420105,0.4503713548183441,-0.31507357954978943,0.5783742070198059
184,19,0.6726988554000854,0.3095289468765259,-0.5051084756851196,0.9424561858177185
184,20,0.5767945647239685,0.4357071816921234,-0.3364003300666809,0.5805185437202454
184,21,0.6769569516181946,0.31416767835617065,-0.45191076397895813,0.9264333844184875
184,22,0.5784412026405334,0.4290035665035248,-0.28217217326164246,0.5610345602035522
184,23,0.6814941763877869,0.5673998594284058,0.027443386614322662,0.9950757622718811
184,24,0.613224446773529,0.5536102056503296,-0.02748078480362892,0.9850502610206604
184,25,0.6710120439529419,0.8208207488059998,0.03190801665186882,0.7500905990600586
184,26,0.6469035744667053,0.7991529703140259,-0.2715996503829956,0.8041775226593018
184,27,0.6209929585456848,0.8845933675765991,0.41715604066848755,0.414450466632843
184,28,0.6614115238189697,1.0498894453048706,-0.18866178393363953,0.6343811750411987
184,29,0.601313054561615,0.875779390335083,0.4514370262622833,0.3623233139514923
184,30,0.6569104194641113,1.08753502368927,-0.18721972405910492,0.49304860830307007
184,31,0.618816077709198,0.9602599143981934,0.365592896938324,0.380766898393631
184,32,0.684493362903595,1.129171371459961,-0.36512282490730286,0.5806945562362671
185,0,0.6591816544532776,0.09656666219234467,-0.2880655527114868,0.9868820309638977
185,1,0.6640873551368713,0.08334919065237045,-0.258695125579834,0.9874674677848816
185,2,0.6680797934532166,0.08458192646503448,-0.2588025629520416,0.9895274043083191
185,3,0.6722156405448914,0.08607093244791031,-0.2588745355606079,0.9908884167671204
185,4,0.6520295143127441,0.08296850323677063,-0.26136428117752075,0.9775546193122864
185,5,0.6468759179115295,0.08415978401899338,-0.26137807965278625,0.9736868739128113
185,6,0.6415232419967651,0.0858539491891861,-0.2614555060863495,0.9676288366317749
185,7,0.6783900856971741,0.10409502685070038,-0.09553798288106918,0.9948306679725647
185,8,0.63264399766922,0.10562895238399506,-0.11000476032495499,0.9672465324401855
185,9,0.6672516465187073,0.12382353097200394,-0.2279386669397354,0.9975488781929016
185,10,0.6500608325004578,0.12172111123800278,-0.232481449842453,0.9922214150428772
185,11,0.7193251848220825,0.2412891834974289,-0.013453674502670765,0.9996589422225952
185,12,0.5958228707313538,0.24533919990062714,-0.013632555492222309,0.9440945386886597
185,13,0.759626567363739,0.4137533903121948,-0.14811645448207855,0.9937570095062256
185,14,0.5582401752471924,0.3967164158821106,-0.060793641954660416,0.6879633665084839
185,15,0.699381411075592,0.36217519640922546,-0.4541390538215637,0.9744806289672852
185,16,0.5673481225967407,0.4290923476219177,-0.30780720710754395,0.6320892572402954
185,17,0.6828280687332153,0.34696945548057556,-0.5174840092658997,0.9462315440177917
185,18,0.5724971890449524,0.45058563351631165,-0.35663101077079773,0.6057021617889404
185,19,0.6803054213523865,0.3250912129878998,-0.5098667144775391,0.9467746615409851
185,20,0.5791178345680237,0.43417152762413025,-0.3763776421546936,0.6078582406044006
185,21,0.6842250227928162,0.32714977860450745,-0.45533236861228943,0.9313348531723022
185,22,0.5802421569824219,0.42772597074508667,-0.31932729482650757,0.5871759057044983
185,23,0.6847586631774902,0.5727666020393372,0.027506666257977486,0.9953154921531677
185,24,0.614282488822937,0.5574951767921448,-0.027539094910025597,0.9865177273750305
185,25,0.6756734848022461,0.8412260413169861,0.03605262190103531,0.7346731424331665
185,26,0.6468831300735474,0.7958094477653503,-0.2781456708908081,0.8169251084327698
185,27,0.6235060095787048,0.9019834995269775,0.41903987526893616,0.38265079259872437
185,28,0.6599799990653992,1.0618840456008911,-0.2157641351222992,0.6531152129173279
185,29,0.6069596409797668,0.8960669636726379,0.4527345597743988,0.33828893303871155
185,30,0.6563860774040222,1.0978890657424927,-0.21659503877162933,0.4968482255935669
185,31,0.6298646926879883,0.9660819172859192,0.36674463748931885,0.3557351529598236
185,32,0.6825347542762756,1.1431936025619507,-0.39896252751350403,0.5956640839576721
186,0,0.663569450378418,0.09566490352153778,-0.31748998165130615,0.9881916046142578
186,1,0.6684656143188477,0.08221488445997238,-0.2882661819458008,0.9887176752090454
186,2,0.6724867820739746,0.08359088003635406,-0.28835204243659973,0.9905707240104675
186,3,0.6762351989746094,0.08517374098300934,-0.2884140908718109,0.9917958378791809
186,4,0.6566948890686035,0.08132781833410263,-0.2931453287601471,0.9797967672348022
186,5,0.6514524817466736,0.08226009458303452,-0.2931952476501465,0.9763151407241821
186,6,0.6461836099624634,0.08360985666513443,-0.29329752922058105,0.9708632826805115
186,7,0.6810200810432434,0.10331840068101883,-0.12289022654294968,0.9953420162200928
186,8,0.6354421377182007,0.1038510873913765,-0.14813099801540375,0.9705184102058411
186,9,0.6711401343345642,0.12360674887895584,-0.25619763135910034,0.9977930188179016
186,10,0.6544486284255981,0.12082257866859436,-0.26378610730171204,0.9929986596107483
186,11,0.7210724353790283,0.24426127970218658,-0.029394639655947685,0.9996867179870605
186,12,0.5957837104797363,0.24589760601520538,-0.048120852559804916,0.9496822953224182
186,13,0.7607360482215881,0.42121177911758423,-0.14936816692352295,0.9938791394233704
186,14,0.5569775700569153,0.41196420788764954,-0.10179641842842102,0.7159443497657776
186,15,0.7052056193351746,0.3744717538356781,-0.4650620222091675,0.9763864278793335
186,16,0.5729682445526123,0.4315544664859772,-0.3468438386917114,0.6625083684921265
186,17,0.6909564137458801,0.36234936118125916,-0.5267579555511475,0.9499474167823792
186,18,0.5825732946395874,0.45058366656303406,-0.39490771293640137,0.6343168616294861
186,19,0.6878596544265747,0.34066835045814514,-0.5192717909812927,0.9503930807113647
186,20,0.5883557796478271,0.432199090719223,-0.40658703446388245,0.6361976265907288
186,21,0.6910964250564575,0.3419736623764038,-0.46618977189064026,0.9353128671646118
186,22,0.5883286595344543,0.4264383316040039,-0.3539915680885315,0.614538848400116
186,23,0.6872936487197876,0.5785115957260132,0.028608467429876328,0.9954807162284851
186,24,0.6154490113258362,0.5657045841217041,-0.028652774170041084,0.9878323674201965
186,25,0.6821399331092834,0.8627030253410339,0.024437831714749336,0.7148528099060059
186,26,0.646754264831543,0.8053675293922424,-0.2642226219177246,0.8255249261856079
186,27,0.6377271413803101,0.9006285667419434,0.45078524947166443,0.34966203570365906
186,28,0.658729612827301,1.0705974102020264,-0.15238438546657562,0.6612136363983154
186,29,0.6165676712989807,0.8972483277320862,0.49042272567749023,0.3115304112434387
186,30,0.6546748876571655,1.1012494564056396,-0.14698712527751923,0.4909464418888092
186,31,0.6321569681167603,0.9713927507400513,0.4144093096256256,0.3281031548976898
186,32,0.6755028367042542,1.161971092224121,-0.322943776845932,0.6009851694107056
187,0,0.6678044199943542,0.09382974356412888,-0.3610498607158661,0.9893662333488464
187,1,0.6728671789169312,0.08000677078962326,-0.3325500786304474,0.9898374080657959
187,2,0.6766614317893982,0.08130136877298355,-0.3326241374015808,0.9915032386779785
187,3,0.6802924275398254,0.08275004476308823,-0.3326922357082367,0.9926051497459412
187,4,0.660831868648529,0.07903189212083817,-0.33983418345451355,0.9818117022514343
187,5,0.6554135084152222,0.07972970604896545,-0.3399205207824707,0.9786777496337891
187,6,0.6497928500175476,0.08081381022930145,-0.34005221724510193,0.9737714529037476
187,7,0.6844128370285034,0.10110434889793396,-0.16258898377418518,0.9957943558692932
187,8,0.6379875540733337,0.10122789442539215,-0.19711823761463165,0.9734606146812439
187,9,0.6751961708068848,0.12329065799713135,-0.2972872853279114,0.9980114102363586
187,10,0.6589126586914062,0.12006350606679916,-0.3075440526008606,0.9936975836753845
187,11,0.7237073183059692,0.2513524889945984,-0.05174660310149193,0.9997016191482544
187,12,0.5956405401229858,0.24761760234832764,-0.09476549178361893,0.9547103047370911
187,13,0.7611165046691895,0.4278014898300171,-0.15006600320339203,0.9931247234344482
187,14,0.556721568107605,0.4256642460823059,-0.15854720771312714,0.7405480146408081
187,15,0.7081580758094788,0.3999718725681305,-0.4628801643848419,0.9761479496955872
187,16,0.5789155960083008,0.43794724345207214,-0.42061367630958557,0.6894540190696716
187,17,0.6961014866828918,0.3920004367828369,-0.5227746367454529,0.9494771361351013
187,18,0.5931001305580139,0.45052316784858704,-0.4713287055492401,0.6600470542907715
187,19,0.6928255558013916,0.3694398105144501,-0.5177180767059326,0.9498851299285889
187,20,0.5972810387611389,0.429046630859375,-0.4803208112716675,0.6616296768188477
187,21,0.6951248049736023,0.3693612813949585,-0.4646976888179779,0.9330283403396606
187,22,0.5960485935211182,0.42478808760643005,-0.42625126242637634,0.6383736729621887
187,23,0.6907910108566284,0.5864697098731995,0.035728633403778076,0.9953248500823975
187,24,0.6165168285369873,0.5741496682167053,-0.035822175443172455,0.9889956116676331
187,25,0.6914532780647278,0.8890247344970703,0.015289624221622944,0.6929475665092468
187,26,0.6477445363998413,0.8293642997741699,-0.2649839520454407,0.8322077393531799
187,27,0.6449622511863708,0.8942009210586548,0.47569140791893005,0.3183436691761017
187,28,0.6580473184585571,1.0858105421066284,-0.12651515007019043,0.6667858958244324
187,29,0.6235024333000183,0.887896716594696,0.5191632509231567,0.28556180000305176
187,30,0.6544229984283447,1.111818790435791,-0.11830803751945496,0.48202115297317505
187,31,0.6384472846984863,0.9617292881011963,0.4502611458301544,0.3008590042591095
187,32,0.6741645336151123,1.1878935098648071,-0.2930523455142975,0.6023138165473938
188,0,0.6720937490463257,0.09292525053024292,-0.38464802503585815,0.9904154539108276
188,1,0.6767280101776123,0.07834913581609726,-0.35803982615470886,0.9908358454704285
188,2,0.6805610060691833,0.07936900854110718,-0.35810407996177673,0.9923317432403564
188,3,0.6845057606697083,0.08049371838569641,-0.35818156599998474,0.993320882320404
188,4,0.6641711592674255,0.07775142043828964,-0.3669831156730652,0.983618974685669
188,5,0.658584475517273,0.0784405842423439,-0.36707520484924316,0.9807975888252258
188,6,0.6525786519050598,0.07958917319774628,-0.36721229553222656,0.9763821959495544
188,7,0.6875994801521301,0.09879150986671448,-0.19194862246513367,0.9961897134780884
188,8,0.6397157907485962,0.0997455045580864,-0.2325422763824463,0.9761016964912415
188,9,0.6796814799308777,0.12254447489976883,-0.3215060234069824,0.9982056021690369
188,10,0.6636204719543457,0.11971844732761383,-0.3332819938659668,0.9943254590034485
188,11,0.7274322509765625,0.255340039730072,-0.07275912910699844,0.9997020363807678
188,12,0.5955750942230225,0.2518078088760376,-0.13037718832492828,0.9592291712760925
188,13,0.7606670260429382,0.44019752740859985,-0.148966446518898,0.9912983179092407
188,14,0.5567012429237366,0.44451603293418884,-0.19134871661663055,0.7638192772865295
188,15,0.7125678658485413,0.4071044325828552,-0.4535505175590515,0.9748076796531677
188,16,0.5880862474441528,0.440655916929245,-0.4367389678955078,0.7153672575950623
188,17,0.7043262720108032,0.40309610962867737,-0.5124847888946533,0.9473192691802979
188,18,0.6039673686027527,0.4474877417087555,-0.48365673422813416,0.6848909854888916
188,19,0.7014672756195068,0.37973058223724365,-0.5084182620048523,0.9476784467697144
188,20,0.6058711409568787,0.4220052659511566,-0.48884862661361694,0.6859331130981445
188,21,0.7023759484291077,0.37845730781555176,-0.4557323753833771,0.9291839599609375
188,22,0.6046124696731567,0.4196440279483795,-0.4397028386592865,0.661634087562561
188,23,0.6947693824768066,0.5967108011245728,0.04076438397169113,0.9949074983596802
188,24,0.6169447302818298,0.5840287208557129,-0.04085426777601242,0.9899290800094604
188,25,0.6990857124328613,0.9047216773033142,-0.01854497194290161,0.6797658801078796
188,26,0.6498115062713623,0.8632962107658386,-0.14886753261089325,0.827618420124054
188,27,0.6402411460876465,0.9132469892501831,0.4554876685142517,0.29131582379341125
188,28,0.6524008512496948,1.10274076461792,0.036585669964551926,0.6578581929206848
188,29,0.6234320402145386,0.8922446370124817,0.49871277809143066,0.2632664144039154
188,30,0.6462330222129822,1.1265679597854614,0.04926594719290733,0.4645954370498657
188,31,0.637504518032074,0.9635316729545593,0.43037477135658264,0.2769506573677063
188,32,0.6681117415428162,1.208485722541809,-0.11646820604801178,0.588426947593689
189,0,0.6753759384155273,0.09197603166103363,-0.4107402563095093,0.9913381338119507
189,1,0.6804826259613037,0.07728444784879684,-0.38405901193618774,0.9917084574699402
189,2,0.6846199631690979,0.07827892899513245,-0.3841373920440674,0.9930496215820312
189,3,0.6889406442642212,0.07946455478668213,-0.3842247426509857,0.9939274787902832
189,4,0.6673726439476013,0.07652018219232559,-0.39479804039001465,0.9852263331413269
189,5,0.6616026759147644,0.0770612508058548,-0.394890159368515,0.9826872944831848
189,6,0.6555780172348022,0.07809597998857498,-0.39504438638687134,0.978712260723114
189,7,0.6916825175285339,0.09759470075368881,-0.21029922366142273,0.9965173006057739
189,8,0.642187237739563,0.09809917211532593,-0.2574203908443451,0.9784628748893738
189,9,0.6830077171325684,0.12218676507472992,-0.34368544816970825,0.9983751773834229
189,10,0.6663384437561035,0.11930244415998459,-0.35732483863830566,0.9948881268501282
189,11,0.7306981086730957,0.2568906247615814,-0.08155497163534164,0.9996856451034546
189,12,0.5956125855445862,0.2518361508846283,-0.15955574810504913,0.9632894992828369
189,13,0.760550320148468,0.44402921199798584,-0.16572420299053192,0.9886095523834229
189,14,0.5581266283988953,0.452348530292511,-0.24996845424175262,0.7856444716453552
189,15,0.7226738333702087,0.4168091416358948,-0.5033475160598755,0.9721692800521851
189,16,0.608410656452179,0.43619412183761597,-0.5186427235603333,0.7411255240440369
189,17,0.715463399887085,0.4177843928337097,-0.5678282976150513,0.9433519840240479
189,18,0.6230545043945312,0.42867034673690796,-0.5733509063720703,0.7114397287368774
189,19,0.7141000032424927,0.38939782977104187,-0.5723798274993896,0.9436866641044617
189,20,0.6249474287033081,0.4015432298183441,-0.5765030980110168,0.7121666073799133
189,21,0.713874876499176,0.3858601152896881,-0.5109760761260986,0.9240319728851318
189,22,0.6233887076377869,0.4012661278247833,-0.5211443901062012,0.6878387331962585
189,23,0.6976273655891418,0.6004376411437988,0.04338424280285835,0.9941849708557129
189,24,0.6187712550163269,0.5891743898391724,-0.04338719695806503,0.9906095862388611
189,25,0.7068267464637756,0.9049787521362305,-0.03601916879415512,0.6695948243141174
189,26,0.6506272554397583,0.8788018226623535,-0.11614479869604111,0.8206980228424072
189,27,0.6522011160850525,0.9119941592216492,0.44962483644485474,0.26724734902381897
189,28,0.6329043507575989,1.1197175979614258,0.10598733276128769,0.6446925401687622
189,29,0.6319093704223633,0.8947674632072449,0.4940718114376068,0.2441817820072174
189,30,0.6263805627822876,1.1470991373062134,0.12169080972671509,0.4510401487350464
189,31,0.6371034383773804,0.9933502078056335,0.4218987226486206,0.2554892897605896
189,32,0.6514860391616821,1.2219091653823853,-0.05015670135617256,0.5709986090660095
190,0,0.680058479309082,0.0916994959115982,-0.3625194728374481,0.9921896457672119
190,1,0.6849520802497864,0.07572486996650696,-0.3324808180332184,0.9925220608711243
190,2,0.6891395449638367,0.07696130126714706,-0.3325912654399872,0.9937256574630737
190,3,0.6933951377868652,0.07840290665626526,-0.33264121413230896,0.9945148825645447
190,4,0.6717873215675354,0.07453731447458267,-0.3368401527404785,0.9866913557052612
190,5,0.66566401720047,0.07507426291704178,-0.33689671754837036,0.9844042062759399
190,6,0.6596202254295349,0.0759047195315361,-0.33701252937316895,0.980827271938324
190,7,0.6954476237297058,0.09663955867290497,-0.16624929010868073,0.9968488216400146
190,8,0.6453481912612915,0.09613078832626343,-0.19821898639202118,0.9806039929389954
190,9,0.6876108646392822,0.1223059743642807,-0.30077242851257324,0.998533308506012
190,10,0.671168863773346,0.11948452144861221,-0.3055364191532135,0.9953967332839966
190,11,0.7336242198944092,0.25686728954315186,-0.06933899968862534,0.9996945261955261
190,12,0.5968462824821472,0.2513964772224426,-0.10575063526630402,0.9669439196586609
190,13,0.7589932680130005,0.4427732527256012,-0.0938597321510315,0.9860490560531616
190,14,0.5600687861442566,0.448529452085495,-0.1856742948293686,0.8048182129859924
190,15,0.7326810359954834,0.42599451541900635,-0.3741399347782135,0.9714205265045166
190,16,0.6228673458099365,0.4225577712059021,-0.4332959055900574,0.7643957138061523
190,17,0.7274514436721802,0.4261428713798523,-0.42918017506599426,0.9426138401031494
190,18,0.6392467617988586,0.40756165981292725,-0.4798041880130768,0.7354397773742676
190,19,0.7281362414360046,0.3990277647972107,-0.4394059479236603,0.9429497718811035
190,20,0.6411303281784058,0.3795287311077118,-0.48448309302330017,0.7358388900756836
190,21,0.7269619703292847,0.3960261940956116,-0.3824843764305115,0.9236366152763367
190,22,0.6383139491081238,0.3811647295951843,-0.43612635135650635,0.7121009826660156
190,23,0.7006045579910278,0.6023197174072266,0.041151098906993866,0.9941952228546143
190,24,0.6199812293052673,0.5905100703239441,-0.04101050645112991,0.9913298487663269
190,25,0.7134751081466675,0.9027307629585266,-0.10864993929862976,0.6726093292236328
190,26,0.6507516503334045,0.8811978101730347,-0.10292357206344604,0.8155612945556641
190,27,0.6511057615280151,0.9112944006919861,0.3764183521270752,0.24445153772830963
190,28,0.6310567259788513,1.1027023792266846,0.1625795215368271,0.6094874739646912
190,29,0.6376711130142212,0.8911292552947998,0.42448320984840393,0.22552968561649323
190,30,0.6266468167304993,1.123531460762024,0.18596751987934113,0.42604443430900574
190,31,0.636197566986084,0.9923831224441528,0.38710474967956543,0.23386520147323608
190,32,0.6384491920471191,1.1985780000686646,0.061866048723459244,0.5351685881614685
191,0,0.6864562034606934,0.08615771681070328,-0.3431204557418823,0.9929517507553101
191,1,0.6905725002288818,0.0662604570388794,-0.3144635856151581,0.9932500123977661
191,2,0.6949889063835144,0.06762240082025528,-0.3145623207092285,0.9943286180496216
191,3,0.6990634799003601,0.06920287013053894,-0.3146265745162964,0.9950377941131592
191,4,0.6768137216567993,0.06448686867952347,-0.3204190135002136,0.9880083799362183
191,5,0.6709650158882141,0.06463269889354706,-0.32045871019363403,0.9859479069709778
191,6,0.6649645566940308,0.06507159769535065,-0.3205875754356384,0.9827288389205933
191,7,0.6998578310012817,0.0877377837896347,-0.15179798007011414,0.9971456527709961
191,8,0.6500137448310852,0.08352481573820114,-0.18715684115886688,0.982529878616333
191,9,0.6936227083206177,0.11845798790454865,-0.2830425202846527,0.9986746907234192
191,10,0.6775493025779724,0.11527077108621597,-0.28882113099098206,0.9958539605140686
191,11,0.738396406173706,0.2547111213207245,-0.06648954004049301,0.9996874928474426
191,12,0.6012163162231445,0.24456895887851715,-0.10266703367233276,0.970228374004364
191,13,0.7586867213249207,0.43889933824539185,-0.07726412266492844,0.982837975025177
191,14,0.5654925107955933,0.44366151094436646,-0.21017508208751678,0.8226686716079712
191,15,0.7375918626785278,0.42278268933296204,-0.3387519419193268,0.9699391722679138
191,16,0.6399296522140503,0.3838033080101013,-0.45547062158584595,0.7862930297851562
191,17,0.7345993518829346,0.4269738495349884,-0.3913957178592682,0.9401976466178894
191,18,0.6587396264076233,0.3680194914340973,-0.5021833777427673,0.758166491985321
191,19,0.7370520830154419,0.40035176277160645,-0.4003681540489197,0.9402040839195251
191,20,0.6630341410636902,0.34085899591445923,-0.49984270334243774,0.7581220865249634
191,21,0.735175371170044,0.3964567184448242,-0.3464665710926056,0.9211847186088562
191,22,0.6600155830383301,0.3430185317993164,-0.4555204212665558,0.7349737882614136
191,23,0.7042140364646912,0.605853796005249,0.03695319592952728,0.9943064451217651
191,24,0.6228311657905579,0.5922495126724243,-0.03677888214588165,0.9920053482055664
191,25,0.7191654443740845,0.8938249945640564,-0.1583806723356247,0.6889328956604004
191,26,0.6506995558738708,0.887814998626709,-0.1013220027089119,0.8167898058891296
191,27,0.6528140306472778,0.9111026525497437,0.3286023736000061,0.2258252501487732
191,28,0.6323351860046387,1.0939598083496094,0.1947297304868698,0.5762551426887512
191,29,0.6398395895957947,0.8868729472160339,0.37655115127563477,0.21156027913093567
191,30,0.6300528049468994,1.1175744533538818,0.22107312083244324,0.40362775325775146
191,31,0.6355472207069397,0.9916656017303467,0.3317524492740631,0.21690449118614197
191,32,0.6334959268569946,1.1914088726043701,0.0991479828953743,0.5027743577957153
192,0,0.6956040263175964,0.07434185594320297,-0.35799264907836914,0.9936363101005554
192,1,0.6986097693443298,0.05113808065652847,-0.33166933059692383,0.9939063191413879
192,2,0.7027124166488647,0.05237574502825737,-0.3316915035247803,0.9948744773864746
192,3,0.7061521410942078,0.05365346744656563,-0.3318038582801819,0.9955105781555176
192,4,0.6837862730026245,0.04855147749185562,-0.3425655961036682,0.9891948699951172
192,5,0.677787184715271,0.04838670790195465,-0.3425877094268799,0.9873381853103638
192,6,0.6715211868286133,0.04842754080891609,-0.3427574932575226,0.98444002866745
192,7,0.7031126022338867,0.07037671655416489,-0.165069118142128,0.9974188208580017
192,8,0.6553689241409302,0.06589613854885101,-0.21459272503852844,0.9842657446861267
192,9,0.7000301480293274,0.10697657614946365,-0.2938103675842285,0.9988014101982117
192,10,0.6848015189170837,0.10404075682163239,-0.3072893023490906,0.9962652921676636
192,11,0.7420371174812317,0.24907922744750977,-0.054292187094688416,0.999630331993103
192,12,0.6048216223716736,0.23134584724903107,-0.1410321742296219,0.9731782674789429
192,13,0.7564517259597778,0.4444517493247986,-0.062322914600372314,0.9707714319229126
192,14,0.5737437009811401,0.4429662823677063,-0.2706868350505829,0.8389374017715454
192,15,0.7427060604095459,0.42203614115715027,-0.2927643954753876,0.9586926102638245
192,16,0.6641938090324402,0.35153183341026306,-0.48237743973731995,0.8052689433097839
192,17,0.7412571907043457,0.42503058910369873,-0.3359990417957306,0.9237850308418274
192,18,0.6851316690444946,0.3259308338165283,-0.5237626433372498,0.7762446999549866
192,19,0.7439834475517273,0.39540010690689087,-0.3447279930114746,0.922508180141449
192,20,0.6903703808784485,0.29935142397880554,-0.5108053684234619,0.7752274870872498
192,21,0.7409921288490295,0.392037957906723,-0.30015191435813904,0.902857780456543
192,22,0.6848419904708862,0.30552589893341064,-0.4775683581829071,0.7508910298347473
192,23,0.7105041146278381,0.6051845550537109,0.03706244379281998,0.9946333169937134
192,24,0.6260926723480225,0.5930328369140625,-0.03689459711313248,0.9926764369010925
192,25,0.7366471886634827,0.8864298462867737,-0.26935529708862305,0.7171632647514343
192,26,0.6506209373474121,0.9030938148498535,-0.08604057133197784,0.8282124996185303
192,27,0.6696684956550598,0.9054903984069824,0.17182087898254395,0.2344394475221634
192,28,0.6343944668769836,1.0931898355484009,0.23529194295406342,0.5650683045387268
192,29,0.6524585485458374,0.8821515440940857,0.21511079370975494,0.2265157699584961
192,30,0.637241780757904,1.116300344467163,0.2630486488342285,0.3900251090526581
192,31,0.6579472422599792,0.9836950302124023,0.13826774060726166,0.22948069870471954
192,32,0.6331425309181213,1.196112871170044,0.1270112544298172,0.4883941113948822
193,0,0.7034111618995667,0.05974175035953522,-0.3185413181781769,0.9942194819450378
193,1,0.7057207822799683,0.03583920747041702,-0.2918771803379059,0.9944607019424438
193,2,0.709236204624176,0.03696192428469658,-0.2918993830680847,0.9953281283378601
193,3,0.7123463749885559,0.03824156895279884,-0.29203811287879944,0.9958945512771606
193,4,0.6915143728256226,0.03326520696282387,-0.311953604221344,0.9902260899543762
193,5,0.6852206587791443,0.03305306285619736,-0.31201237440109253,0.9885480999946594
193,6,0.6789218187332153,0.033223189413547516,-0.3121815323829651,0.9859328866004944
193,7,0.7066878080368042,0.0549568347632885,-0.1272471696138382,0.9976422190666199
193,8,0.6621631979942322,0.05115869641304016,-0.19572529196739197,0.9857887029647827
193,9,0.7064558863639832,0.09265216439962387,-0.2544753849506378,0.9989022612571716
193,10,0.6910051107406616,0.09038721770048141,-0.27940833568573,0.9966226816177368
193,11,0.7431678175926208,0.23776434361934662,0.0022616838105022907,0.9995059370994568
193,12,0.6093976497650146,0.21127986907958984,-0.14367644488811493,0.9757822751998901
193,13,0.7546740770339966,0.4380453824996948,0.019732465967535973,0.9455143213272095
193,14,0.5858432054519653,0.4122963547706604,-0.29341426491737366,0.8535140752792358
193,15,0.7538207173347473,0.42565470933914185,-0.1579596847295761,0.9362475872039795
193,16,0.6845605373382568,0.29599621891975403,-0.4931527376174927,0.822241485118866
193,17,0.75459223985672,0.4251169264316559,-0.18866026401519775,0.8965594172477722
193,18,0.708396315574646,0.2670974135398865,-0.5352976322174072,0.7928604483604431
193,19,0.7584553956985474,0.3981461822986603,-0.20617681741714478,0.8944408297538757
193,20,0.7088738083839417,0.24293220043182373,-0.5189957022666931,0.7909401655197144
193,21,0.7541842460632324,0.39779120683670044,-0.16822344064712524,0.874564528465271
193,22,0.7034070491790771,0.25370943546295166,-0.4876856505870819,0.7653749585151672
193,23,0.714625895023346,0.6012107729911804,0.042883243411779404,0.9949111342430115
193,24,0.6295998692512512,0.5911485552787781,-0.042598165571689606,0.9931979179382324
193,25,0.7470723986625671,0.8819032907485962,-0.2737813889980316,0.7438955903053284
193,26,0.6484696269035339,0.9090027213096619,-0.11699599772691727,0.8407630324363708
193,27,0.6983879208564758,0.948387861251831,0.1630028784275055,0.26603230834007263
193,28,0.6364784240722656,1.0903408527374268,0.2295830398797989,0.5671560168266296
193,29,0.6807883381843567,0.9402738809585571,0.20375734567642212,0.2532999515533447
193,30,0.6436265707015991,1.1157928705215454,0.2592398226261139,0.3766884207725525
193,31,0.6981987953186035,1.072700023651123,0.10295087099075317,0.2569402754306793
193,32,0.6397975087165833,1.1939942836761475,0.10728567838668823,0.48486611247062683
194,0,0.7135487198829651,0.04554884508252144,-0.2133788913488388,0.9947401285171509
194,1,0.7145219445228577,0.02404547855257988,-0.18413744866847992,0.9949591755867004
194,2,0.7172138094902039,0.025451816618442535,-0.18421921133995056,0.9957348108291626
194,3,0.7197017073631287,0.027050742879509926,-0.18435372412204742,0.9962432980537415
194,4,0.7024907469749451,0.02068520337343216,-0.20661509037017822,0.9911361932754517
194,5,0.6964405179023743,0.019818970933556557,-0.2066693902015686,0.9896107316017151
194,6,0.6901435852050781,0.019302083179354668,-0.2067883461713791,0.9872520565986633
194,7,0.7118460536003113,0.04221372306346893,-0.026561273261904716,0.9978320598602295
194,8,0.6720033288002014,0.03547447919845581,-0.12748035788536072,0.987133264541626
194,9,0.7141830325126648,0.07465945184230804,-0.1531720608472824,0.9989830255508423
194,10,0.7005723118782043,0.07172801345586777,-0.18257375061511993,0.9969321489334106
194,11,0.7433962821960449,0.21453692018985748,0.08149375021457672,0.9994741082191467
194,12,0.6149672865867615,0.1857687085866928,-0.12465081363916397,0.9781405925750732
194,13,0.7294626235961914,0.4269697070121765,0.10831250250339508,0.8993485569953918
194,14,0.5920215249061584,0.37464287877082825,-0.30612513422966003,0.8673540353775024
194,15,0.7614056468009949,0.42860931158065796,-0.05039765313267708,0.9205312132835388
194,16,0.6876488327980042,0.271515429019928,-0.5143082737922668,0.8390863537788391
194,17,0.770665168762207,0.4345551133155823,-0.07983771711587906,0.8833463191986084
194,18,0.714988112449646,0.23702019453048706,-0.5651162266731262,0.8113095164299011
194,19,0.7742013931274414,0.4060003161430359,-0.11686970293521881,0.8820550441741943
194,20,0.7165663242340088,0.21474948525428772,-0.5439167022705078,0.8092063069343567
194,21,0.7686219811439514,0.4028518795967102,-0.06951893121004105,0.8614354133605957
194,22,0.7108175754547119,0.22623871266841888,-0.5078412890434265,0.7846300005912781
194,23,0.7216838598251343,0.5782046914100647,0.046287305653095245,0.9951993823051453
194,24,0.6373974680900574,0.5825852751731873,-0.04593165963888168,0.9936304092407227
194,25,0.7574774026870728,0.8356574773788452,-0.27402326464653015,0.7679120302200317
194,26,0.6482305526733398,0.896286129951477,-0.13663890957832336,0.8501967191696167
194,27,0.7267821431159973,0.965934693813324,0.08388224244117737,0.30088433623313904
194,28,0.6374005079269409,1.0885781049728394,0.19671793282032013,0.5588899850845337
194,29,0.7100486755371094,0.9731323719024658,0.1146150529384613,0.2693735361099243
194,30,0.6439695358276367,1.1145820617675781,0.22468270361423492,0.3570048213005066
194,31,0.7309147119522095,1.1162887811660767,-0.014677966944873333,0.2825823128223419
194,32,0.6401283144950867,1.1905128955841064,0.06747449189424515,0.4733218550682068
195,0,0.7229464650154114,0.04007754102349281,-0.054015737026929855,0.9952155947685242
195,1,0.7229961156845093,0.016623567789793015,-0.027305198833346367,0.9954119324684143
195,2,0.7246924638748169,0.017167776823043823,-0.027421433478593826,0.9961073398590088
195,3,0.7261858582496643,0.017894137650728226,-0.027544859796762466,0.9965722560882568
195,4,0.713097095489502,0.01410365104675293,-0.05277661234140396,0.9919595122337341
195,5,0.7073457837104797,0.012436539866030216,-0.05279168486595154,0.9905670881271362
195,6,0.7011322379112244,0.010883400216698647,-0.052882056683301926,0.9884410500526428
195,7,0.7159700393676758,0.02701496332883835,0.10965670645236969,0.9979962706565857
195,8,0.681061863899231,0.020606629550457,-0.006206918507814407,0.9883497357368469
195,9,0.7218949794769287,0.06320905685424805,-0.0009705094853416085,0.999032735824585
195,10,0.7101790904998779,0.061309751123189926,-0.0344633050262928,0.9971830248832703
195,11,0.7471963167190552,0.1774619072675705,0.18292801082134247,0.9995052218437195
195,12,0.6209370493888855,0.16053633391857147,-0.04305245354771614,0.9802842140197754
195,13,0.733104944229126,0.3859710991382599,0.1897498220205307,0.8543713092803955
195,14,0.5987380743026733,0.34850549697875977,-0.2500287890434265,0.880106508731842
195,15,0.7679395079612732,0.4245404005050659,0.04009414091706276,0.9120352864265442
195,16,0.6938565969467163,0.23568372428417206,-0.36740610003471375,0.8546735048294067
195,17,0.7777537107467651,0.4258485734462738,0.006127458531409502,0.8769946098327637
195,18,0.7194152474403381,0.1991494596004486,-0.4104240834712982,0.828669011592865
195,19,0.7804228067398071,0.3979417681694031,-0.0223401989787817,0.8765292763710022
195,20,0.7210202217102051,0.17624542117118835,-0.3897266983985901,0.8264855146408081
195,21,0.7751618027687073,0.3959420621395111,0.022822517901659012,0.8561933636665344
195,22,0.7149459719657898,0.18725524842739105,-0.3596300780773163,0.803479790687561
195,23,0.7271613478660583,0.5473305583000183,0.05424211546778679,0.9955552220344543
195,24,0.6461529731750488,0.5567788481712341,-0.053678959608078,0.9939091801643372
195,25,0.7736207246780396,0.7916208505630493,-0.2913993299007416,0.7853419780731201
195,26,0.6481449007987976,0.891508936882019,-0.1092873215675354,0.8461001515388489
195,27,0.7478082180023193,1.0646263360977173,-0.1654597520828247,0.3166745603084564
195,28,0.6362321972846985,1.087371587753296,0.13283097743988037,0.5223097205162048
195,29,0.7284362316131592,1.097465991973877,-0.16028453409671783,0.27198663353919983
195,30,0.6407752633094788,1.1137508153915405,0.1512598842382431,0.3275384306907654
195,31,0.7729926109313965,1.1819868087768555,-0.3189557194709778,0.2837815284729004
195,32,0.6389468312263489,1.188435673713684,-0.0023021497763693333,0.43902719020843506
196,0,0.724979817867279,0.009056014940142632,-0.07443512976169586,0.9956340789794922
196,1,0.7256151437759399,-0.016401084139943123,-0.04752204567193985,0.9958080649375916
196,2,0.7280703783035278,-0.01507045328617096,-0.04764938727021217,0.9964271187782288
196,3,0.7302576303482056,-0.013566330075263977,-0.04777798429131508,0.9968562722206116
196,4,0.7130377292633057,-0.018964475020766258,-0.07243889570236206,0.9926912784576416
196,5,0.7064722180366516,-0.019156988710165024,-0.07244178652763367,0.9914161562919617
196,6,0.699539840221405,-0.019099600613117218,-0.07256326824426651,0.9894996285438538
196,7,0.723507285118103,-0.0016571972519159317,0.09563169628381729,0.9981130957603455
196,8,0.681016743183136,-0.007516968529671431,-0.016391152516007423,0.9894454479217529
196,9,0.7262694239616394,0.028304073959589005,-0.01859496720135212,0.9990541338920593
196,10,0.7117469310760498,0.02829902619123459,-0.05111854150891304,0.9973889589309692
196,11,0.7529986500740051,0.13693636655807495,0.18725897371768951,0.9995084404945374
196,12,0.6275721192359924,0.12477602064609528,-0.05867243558168411,0.982221245765686
196,13,0.734830379486084,0.3361783027648926,0.19754399359226227,0.8019564151763916
196,14,0.6136825084686279,0.3050857484340668,-0.2639389634132385,0.8917683959007263
196,15,0.775737464427948,0.3996122479438782,0.05093700811266899,0.8999005556106567
196,16,0.7097105979919434,0.20388846099376678,-0.387604296207428,0.8689623475074768
196,17,0.7907190918922424,0.4089013934135437,0.020436376333236694,0.8672806024551392
196,18,0.7374326586723328,0.16905014216899872,-0.43240830302238464,0.8450066447257996
196,19,0.7920545935630798,0.3824916183948517,-0.011884302832186222,0.8677620887756348
196,20,0.7371490597724915,0.14218682050704956,-0.4199846386909485,0.8428856134414673
196,21,0.7850660681724548,0.3741574287414551,0.03171486780047417,0.8477808833122253
196,22,0.7307623624801636,0.15228362381458282,-0.3849886655807495,0.8217185735702515
196,23,0.7360473275184631,0.5225497484207153,0.06147618591785431,0.9958463311195374
196,24,0.6534368395805359,0.5311447978019714,-0.06086516007781029,0.9941989183425903
196,25,0.7867143750190735,0.7797110676765442,-0.2551521360874176,0.7979459166526794
196,26,0.648048996925354,0.8753390908241272,-0.06807705760002136,0.8419477343559265
196,27,0.7723031044006348,1.076477289199829,-0.18345974385738373,0.32000210881233215
196,28,0.632002055644989,1.0823392868041992,0.1517336070537567,0.48552384972572327
196,29,0.7521978616714478,1.1148515939712524,-0.18450570106506348,0.26654383540153503
196,30,0.6347460746765137,1.1121630668640137,0.16812936961650848,0.29970481991767883
196,31,0.8056780695915222,1.1855559349060059,-0.34834352135658264,0.2759149670600891
196,32,0.6329714059829712,1.1801598072052002,0.01880207285284996,0.4057711362838745
197,0,0.7351677417755127,0.017775874584913254,-0.032360680401325226,0.9958129525184631
197,1,0.7358977794647217,-0.006164793390780687,-0.0074132331646978855,0.9959411025047302
197,2,0.7377391457557678,-0.006440286058932543,-0.0075350431725382805,0.9964710474014282
197,3,0.739354133605957,-0.006724884733557701,-0.00767754390835762,0.9969068765640259
197,4,0.725269615650177,-0.007753854151815176,-0.03565097227692604,0.9931488037109375
197,5,0.7193609476089478,-0.009364809840917587,-0.035671766847372055,0.9919272065162659
197,6,0.713026225566864,-0.011064399965107441,-0.03582265228033066,0.9902141690254211
197,7,0.7303428649902344,-0.0025431648828089237,0.1278897523880005,0.9979733228683472
197,8,0.6947433948516846,-0.007772662676870823,0.0014737931778654456,0.9902865290641785
197,9,0.7339027523994446,0.03830937668681145,0.02211311087012291,0.9988754391670227
197,10,0.7210466861724854,0.03545935079455376,-0.014637214131653309,0.9974193572998047
197,11,0.7580758333206177,0.12049750983715057,0.19988276064395905,0.9994998574256897
197,12,0.6343470811843872,0.09896858036518097,-0.04630100354552269,0.983940839767456
197,13,0.7437563538551331,0.3162153363227844,0.22991931438446045,0.7562501430511475
197,14,0.6295031309127808,0.263040691614151,-0.2411225289106369,0.9016262292861938
197,15,0.7774834036827087,0.38706323504447937,0.12847881019115448,0.863277018070221
197,16,0.7324607372283936,0.15978018939495087,-0.33446118235588074,0.8810369968414307
197,17,0.7893815636634827,0.4084146022796631,0.0996604934334755,0.8330480456352234
197,18,0.7569534778594971,0.12820769846439362,-0.3764570653438568,0.857835590839386
197,19,0.7873317003250122,0.3827090263366699,0.07036048173904419,0.8347572088241577
197,20,0.7543542385101318,0.10638637840747833,-0.36443984508514404,0.8555418252944946
197,21,0.7812979817390442,0.3745364844799042,0.11179443448781967,0.8170024752616882
197,22,0.7474841475486755,0.11689797043800354,-0.3299884498119354,0.8354107737541199
197,23,0.7433499097824097,0.5046290755271912,0.0611003153026104,0.9960665106773376
197,24,0.6605674624443054,0.5136239528656006,-0.06046540290117264,0.9944000840187073
197,25,0.8010708093643188,0.7642881274223328,-0.2091836929321289,0.8105261325836182
197,26,0.6484786868095398,0.8393381237983704,-0.047992635518312454,0.8397772312164307
197,27,0.7961225509643555,1.0807760953903198,-0.1395745873451233,0.3378978669643402
197,28,0.6301069259643555,1.062502384185791,0.1767817586660385,0.4638010561466217
197,29,0.7769283056259155,1.121786117553711,-0.1433255970478058,0.26915693283081055
197,30,0.6327111721038818,1.094642162322998,0.1932087540626526,0.2783692181110382
197,31,0.8327694535255432,1.1881506443023682,-0.3116911053657532,0.2758907675743103
197,32,0.6288985013961792,1.1633970737457275,0.039138417690992355,0.3821280002593994
198,0,0.7304426431655884,-0.009470855817198753,0.021322986111044884,0.9960121512413025
198,1,0.7352204322814941,-0.029135357588529587,0.047531478106975555,0.9961771368980408
198,2,0.7330695390701294,-0.028377458453178406,0.047380682080984116,0.996666431427002
198,3,0.735163688659668,-0.026134779676795006,0.04718344286084175,0.9970934987068176
198,4,0.7260344624519348,-0.030062273144721985,0.02414265275001526,0.9935775995254517
198,5,0.7151238322257996,-0.02996646985411644,0.024190189316868782,0.9923652410507202
198,6,0.709620475769043,-0.02844553254544735,0.024016883224248886,0.9907617568969727
198,7,0.7285555601119995,-0.008638382889330387,0.17729733884334564,0.9980298280715942
198,8,0.6989672780036926,-0.018252532929182053,0.07175929844379425,0.9910182952880859
198,9,0.7314223051071167,0.020280705764889717,0.07272142916917801,0.9988207221031189
198,10,0.7212605476379395,0.019052941352128983,0.04201935976743698,0.9974502325057983
198,11,0.7569963932037354,0.12026093900203705,0.22649627923965454,0.9995232820510864
198,12,0.6474352478981018,0.07423536479473114,0.008830965496599674,0.9854555726051331
198,13,0.748420238494873,0.31776493787765503,0.1709265559911728,0.7097605466842651
198,14,0.6387360692024231,0.22196610271930695,-0.22396740317344666,0.9099082946777344
198,15,0.796162486076355,0.368852436542511,-0.01690562814474106,0.8519887924194336
198,16,0.7347795963287354,0.11507067084312439,-0.32981258630752563,0.8915119767189026
198,17,0.8152183890342712,0.3903360366821289,-0.06119566410779953,0.8277508020401001
198,18,0.7576619982719421,0.09661953896284103,-0.3764393925666809,0.8685568571090698
198,19,0.8155337572097778,0.3686697483062744,-0.09239447116851807,0.8304345011711121
198,20,0.757792055606842,0.08364970237016678,-0.36151018738746643,0.8658758997917175
198,21,0.8072907328605652,0.3573909401893616,-0.03649872541427612,0.8137540221214294
198,22,0.7498756051063538,0.0900857225060463,-0.3256877362728119,0.8469516038894653
198,23,0.7515838742256165,0.4872554540634155,0.05841769650578499,0.9963744282722473
198,24,0.6707199811935425,0.4937807619571686,-0.057774219661951065,0.9946930408477783
198,25,0.8085699081420898,0.7419928312301636,-0.26558440923690796,0.8230869770050049
198,26,0.6494442820549011,0.79509437084198,-0.022045616060495377,0.8391361236572266
198,27,0.8118206262588501,1.0726842880249023,-0.2784191966056824,0.34415125846862793
198,28,0.6285661458969116,1.0252175331115723,0.19432830810546875,0.4348524510860443
198,29,0.7918069362640381,1.1181896924972534,-0.2882929742336273,0.2612375319004059
198,30,0.6336970925331116,1.084553599357605,0.20928607881069183,0.2547702491283417
198,31,0.8511473536491394,1.1803396940231323,-0.4754886031150818,0.2655470073223114
198,32,0.6253201365470886,1.1554973125457764,0.04583478718996048,0.3523500859737396
199,0,0.7374773025512695,-0.047725338488817215,0.048971377313137054,0.9960896372795105
199,1,0.7365220785140991,-0.06425810605287552,0.07630565017461777,0.9963108897209167
199,2,0.7373941540718079,-0.06347005069255829,0.07616115361452103,0.9967761635780334
199,3,0.739395260810852,-0.06236923485994339,0.07597222179174423,0.9972184300422668
199,4,0.7278310656547546,-0.06558682769536972,0.05440489575266838,0.9938397407531738
199,5,0.7221957445144653,-0.0655909851193428,0.054435234516859055,0.9925923943519592
199,6,0.7178265452384949,-0.06536370515823364,0.054230187088251114,0.9910752177238464
199,7,0.7320546507835388,-0.04581009969115257,0.20590917766094208,0.9980171918869019
199,8,0.7027208805084229,-0.048755332827568054,0.1078869104385376,0.9914810061454773
199,9,0.7304088473320007,-0.008133580908179283,0.09950468689203262,0.998723566532135
199,10,0.7201236486434937,-0.0056428308598697186,0.07096400111913681,0.997360110282898
199,11,0.7617467641830444,0.10490698367357254,0.23524782061576843,0.999552845954895
199,12,0.6554949283599854,0.053894102573394775,0.05052252858877182,0.9867965579032898
199,13,0.7631766200065613,0.3023274838924408,0.1338997334241867,0.6850165724754333
199,14,0.6467440724372864,0.20546770095825195,-0.1875499188899994,0.9161382913589478
199,15,0.802413284778595,0.3414771854877472,-0.0842149555683136,0.853915810585022
199,16,0.7489184141159058,0.10722910612821579,-0.3245169222354889,0.900749146938324
199,17,0.8199552893638611,0.3571572005748749,-0.10748039931058884,0.8330716490745544
199,18,0.7733058333396912,0.09056481719017029,-0.3758847117424011,0.8779878616333008
199,19,0.8224322199821472,0.336590051651001,-0.11112768203020096,0.8362157940864563
199,20,0.7737953066825867,0.07640837877988815,-0.35848405957221985,0.8749220967292786
199,21,0.8107393383979797,0.3337213397026062,-0.09683240950107574,0.8196740746498108
199,22,0.766743540763855,0.08375552296638489,-0.31980961561203003,0.8568387627601624
199,23,0.7598879337310791,0.46726861596107483,0.057500191032886505,0.9966843724250793
199,24,0.6806796193122864,0.47353899478912354,-0.05644987151026726,0.9950475096702576
199,25,0.8137115836143494,0.7324302196502686,-0.26906973123550415,0.8363089561462402
199,26,0.6541296243667603,0.7666910290718079,0.006164208520203829,0.839521050453186
199,27,0.8313929438591003,1.0795890092849731,-0.2633639872074127,0.37000715732574463
199,28,0.626868486404419,1.00144624710083,0.24839933216571808,0.4181259572505951
199,29,0.8130766153335571,1.1249372959136963,-0.2714899480342865,0.2618420124053955
199,30,0.6265658140182495,1.0154848098754883,0.2661716639995575,0.23604796826839447
199,31,0.8673112988471985,1.1930603981018066,-0.4659966230392456,0.27141228318214417
199,32,0.6201855540275574,1.1302686929702759,0.11012426763772964,0.3321819603443146
200,0,0.730718731880188,-0.02320670895278454,0.050354380160570145,0.990179181098938
200,1,0.731385350227356,-0.037325091660022736,0.06957106292247772,0.9917064309120178
200,2,0.7317071557044983,-0.03618421033024788,0.06939590722322464,0.9923462867736816
200,3,0.7340080738067627,-0.03509606048464775,0.06915557384490967,0.9939418435096741
200,4,0.7240729331970215,-0.04189609736204147,0.060782190412282944,0.9874652028083801
200,5,0.7167331576347351,-0.04405221343040466,0.06084415689110756,0.9850307703018188
200,6,0.7115007042884827,-0.04607722535729408,0.060655348002910614,0.9836069941520691
200,7,0.7316356301307678,-0.020839666947722435,0.18657085299491882,0.9945418834686279
200,8,0.6945760250091553,-0.030355805531144142,0.14986734092235565,0.9832980036735535
200,9,0.7280920743942261,0.004966631066054106,0.09867352992296219,0.9921018481254578
200,10,0.7169124484062195,0.00793437659740448,0.08763204514980316,0.9839104413986206
200,11,0.7638052701950073,0.09778382629156113,0.2082691788673401,0.9994640350341797
200,12,0.6612424254417419,0.0861240103840828,0.09923271834850311,0.986673891544342
200,13,0.7813441157341003,0.21055740118026733,0.1109786182641983,0.6611534953117371
200,14,0.6830218434333801,0.15294446051120758,-0.1569494903087616,0.8772976994514465
200,15,0.804126501083374,0.2991609275341034,-0.05822504311800003,0.8207748532295227
200,16,0.7491768002510071,0.06137849763035774,-0.33663952350616455,0.8662282824516296
200,17,0.818834125995636,0.2995989918708801,-0.09404879808425903,0.8003515601158142
200,18,0.7778825759887695,0.05150638148188591,-0.38430124521255493,0.8410743474960327
200,19,0.8121170401573181,0.2791861295700073,-0.09607034921646118,0.8046863079071045
200,20,0.7784184813499451,0.042408570647239685,-0.3728940486907959,0.8358515501022339
200,21,0.8061649203300476,0.27332422137260437,-0.06339084357023239,0.7883168458938599
200,22,0.7745809555053711,0.051257748156785965,-0.33672139048576355,0.8179221749305725
200,23,0.7579436302185059,0.4526734948158264,0.04189209267497063,0.9967219829559326
200,24,0.6968306303024292,0.45927131175994873,-0.0414557047188282,0.9949295520782471
200,25,0.8255621790885925,0.7477023601531982,-0.10360033810138702,0.8424263596534729
200,26,0.6649385690689087,0.7452409863471985,-0.04419352114200592,0.8396796584129333
200,27,0.8255787491798401,1.0675504207611084,-0.10249576717615128,0.400630921125412
200,28,0.6278648376464844,0.9842613339424133,0.04606416076421738,0.42590615153312683
200,29,0.8135966062545776,1.1096885204315186,-0.10574189573526382,0.2719357907772064
200,30,0.6261722445487976,0.9973357319831848,0.04973732680082321,0.22861641645431519
200,31,0.852424144744873,1.173972487449646,-0.26622474193573,0.2857813835144043
200,32,0.6646309494972229,1.137271523475647,-0.0998726636171341,0.3272772431373596
201,0,0.74958336353302,-0.021077163517475128,0.1378937065601349,0.9901842474937439
201,1,0.7562215328216553,-0.022489847615361214,0.16133029758930206,0.9914302825927734
201,2,0.7638466954231262,-0.013532975688576698,0.16119790077209473,0.9921334385871887
201,3,0.7678981423377991,-0.009152844548225403,0.1609748750925064,0.9937094449996948
201,4,0.7456721663475037,-0.03932974487543106,0.15620560944080353,0.9874153137207031
201,5,0.741945743560791,-0.04348605126142502,0.1562250852584839,0.9851984977722168
201,6,0.7385538220405579,-0.04250407591462135,0.15596282482147217,0.9839670658111572
201,7,0.7672900557518005,0.013892039656639099,0.2599279582500458,0.9939117431640625
201,8,0.7214186191558838,-0.011074819602072239,0.2359617054462433,0.9833605885505676
201,9,0.7580730319023132,0.013851760886609554,0.17464976012706757,0.9906379580497742
201,10,0.7438341975212097,0.018449045717716217,0.1670127958059311,0.9819855093955994
201,11,0.8012821078300476,0.11878115683794022,0.2424561083316803,0.9993764758110046
201,12,0.6872777938842773,0.09947860240936279,0.18794864416122437,0.9875214695930481
201,13,0.8203427791595459,0.2483576536178589,0.13579337298870087,0.6546207070350647
201,14,0.6833752989768982,0.1668996512889862,-0.06167919188737869,0.8636577129364014
201,15,0.8209756016731262,0.2548637390136719,0.007760975509881973,0.7974017262458801
201,16,0.7491705417633057,0.06755547225475311,-0.2775392234325409,0.8658749461174011
201,17,0.8256905674934387,0.26946061849594116,-0.020458456128835678,0.7747973203659058
201,18,0.775124192237854,0.0577344112098217,-0.3212902843952179,0.8378733992576599
201,19,0.8203685879707336,0.2474902868270874,-0.015857022255659103,0.779201328754425
201,20,0.7738623023033142,0.0480053536593914,-0.30184265971183777,0.8310048580169678
201,21,0.8155969381332397,0.24470053613185883,0.007505061570554972,0.762922465801239
201,22,0.771856963634491,0.06241379305720329,-0.27481064200401306,0.8128779530525208
201,23,0.7752672433853149,0.4576573669910431,0.01738652028143406,0.9969175457954407
201,24,0.7027446627616882,0.4505823254585266,-0.017210595309734344,0.9951751232147217
201,25,0.8357370495796204,0.7441565990447998,-0.1296156495809555,0.8527621030807495
201,26,0.6726735234260559,0.7420307993888855,-0.02882010117173195,0.8424685597419739
201,27,0.8553741574287415,1.0537536144256592,-0.13609839975833893,0.4276899993419647
201,28,0.6296019554138184,0.9644488096237183,0.07309747487306595,0.43103551864624023
201,29,0.8481324315071106,1.0908087491989136,-0.14297865331172943,0.27493050694465637
201,30,0.6288195252418518,0.9779367446899414,0.08005887269973755,0.22275692224502563
201,31,0.8766322135925293,1.1609846353530884,-0.2919383645057678,0.2953270971775055
201,32,0.6587516069412231,1.1114426851272583,-0.05865073204040527,0.31877046823501587
202,0,0.7626456618309021,-0.029475776478648186,-0.11790946125984192,0.9904801249504089
202,1,0.7691118717193604,-0.04732321575284004,-0.10851462930440903,0.9917048215866089
202,2,0.7744026184082031,-0.0449429489672184,-0.1085488423705101,0.9923508167266846
202,3,0.779140055179596,-0.04344317689538002,-0.1086888238787651,0.9937900304794312
202,4,0.7565012574195862,-0.05248064547777176,-0.10891243070363998,0.9880266785621643
202,5,0.7519035935401917,-0.05388525873422623,-0.10896787792444229,0.9859817028045654
202,6,0.7473446130752563,-0.05414801836013794,-0.10919936001300812,0.9848730564117432
202,7,0.7861154675483704,-0.005596514325588942,-0.012677188031375408,0.9937921166419983
202,8,0.7297238707542419,-0.026353269815444946,-0.010215054266154766,0.9843816161155701
202,9,0.7708815932273865,0.001177140511572361,-0.07746557146310806,0.9911675453186035
202,10,0.7544832825660706,0.0007638722890987992,-0.07647128403186798,0.9832451343536377
202,11,0.8281862735748291,0.09778077900409698,0.020416446030139923,0.9993109107017517
202,12,0.6899661421775818,0.06316030025482178,-0.006177979987114668,0.9886335134506226
202,13,0.8254116177558899,0.2632623612880707,-0.09785764664411545,0.6323399543762207
202,14,0.6722052693367004,0.17094379663467407,-0.26554906368255615,0.8709262013435364
202,15,0.8241187334060669,0.24469278752803802,-0.26544490456581116,0.7662460207939148
202,16,0.7655366063117981,0.08444411307573318,-0.48039570450782776,0.8710888028144836
202,17,0.8251038789749146,0.2522367835044861,-0.2956467866897583,0.74941486120224
202,18,0.7950616478919983,0.0754808709025383,-0.5231299996376038,0.840620219707489
202,19,0.8234572410583496,0.22138893604278564,-0.2966427206993103,0.7525022625923157
202,20,0.7921283841133118,0.06021667644381523,-0.4918641149997711,0.8319141864776611
202,21,0.8190919160842896,0.22093714773654938,-0.26793012022972107,0.736635684967041
202,22,0.7878458499908447,0.06793493032455444,-0.47119060158729553,0.8128149509429932
202,23,0.7967240214347839,0.45736369490623474,0.006509608589112759,0.997166633605957
202,24,0.7034139633178711,0.45304936170578003,-0.0061725350096821785,0.9954947829246521
202,25,0.8514921069145203,0.7528607249259949,-0.18659022450447083,0.8645604848861694
202,26,0.6789941787719727,0.762721061706543,0.06995519250631332,0.8501421213150024
202,27,0.8843551278114319,1.06979238986969,-0.18060848116874695,0.4742755889892578
202,28,0.6392251253128052,0.9436931014060974,0.38699257373809814,0.4370425045490265
202,29,0.8747067451477051,1.1074103116989136,-0.18564310669898987,0.2972431182861328
202,30,0.6354698538780212,0.9529569745063782,0.41807985305786133,0.21764355897903442
202,31,0.9061259031295776,1.2036067247390747,-0.3451980650424957,0.3372441530227661
202,32,0.640548825263977,1.0588270425796509,0.33689770102500916,0.32095083594322205
203,0,0.7810848355293274,-0.018265899270772934,-0.0451229065656662,0.9908197522163391
203,1,0.7858930826187134,-0.03568727523088455,-0.030362647026777267,0.9920371770858765
203,2,0.7899762392044067,-0.03393740952014923,-0.030388478189706802,0.9925656914710999
203,3,0.7940053343772888,-0.03260606527328491,-0.030542919412255287,0.9939635396003723
203,4,0.7745931148529053,-0.039262667298316956,-0.035144660621881485,0.9887034296989441
203,5,0.7701640725135803,-0.040131840854883194,-0.035195011645555496,0.9867805242538452
203,6,0.7657436728477478,-0.04043116793036461,-0.03545871749520302,0.9859032034873962
203,7,0.8039305806159973,-0.002243972383439541,0.043356094509363174,0.9934598207473755
203,8,0.7555279731750488,-0.0198722705245018,0.042571261525154114,0.9853894710540771
203,9,0.7869182825088501,0.011184349656105042,-0.008047465234994888,0.9913387298583984
203,10,0.7717893123626709,0.010112078860402107,-0.013318444602191448,0.984248161315918
203,11,0.8340582847595215,0.11175110936164856,0.07129167765378952,0.9991786479949951
203,12,0.7020829916000366,0.07853537052869797,0.022000527009367943,0.9896158576011658
203,13,0.8281123042106628,0.27850523591041565,-0.006271317135542631,0.6008803248405457
203,14,0.6738223433494568,0.17198599874973297,-0.22958388924598694,0.879117488861084
203,15,0.8464846611022949,0.2479669600725174,-0.20865368843078613,0.7383130788803101
203,16,0.7820870876312256,0.10112040489912033,-0.4329816699028015,0.8762420415878296
203,17,0.8521333336830139,0.250584214925766,-0.20048320293426514,0.7267090082168579
203,18,0.8191825747489929,0.08052701503038406,-0.5038880705833435,0.8429404497146606
203,19,0.8522713780403137,0.22238735854625702,-0.1903776377439499,0.7286496162414551
203,20,0.819264829158783,0.06689125299453735,-0.4338531792163849,0.8323707580566406
203,21,0.8457430005073547,0.22372516989707947,-0.19074472784996033,0.7127613425254822
203,22,0.8089402318000793,0.07953348755836487,-0.4527922570705414,0.8123297691345215
203,23,0.8029999732971191,0.46148744225502014,0.012383724562823772,0.9974061846733093
203,24,0.7111449837684631,0.45738980174064636,-0.012058163993060589,0.9958405494689941
203,25,0.8686655759811401,0.7503317594528198,-0.18634866178035736,0.8745080232620239
203,26,0.689410924911499,0.7719755172729492,0.02025282196700573,0.8559512495994568
203,27,0.8931179642677307,1.0667803287506104,-0.15851815044879913,0.5114073753356934
203,28,0.6463431715965271,0.9316779971122742,0.33466896414756775,0.4271317422389984
203,29,0.880363404750824,1.101211428642273,-0.16066305339336395,0.30979180335998535
203,30,0.6433812975883484,0.9387694597244263,0.36752545833587646,0.20645159482955933
203,31,0.9171971082687378,1.202352523803711,-0.30241918563842773,0.36833813786506653
203,32,0.6388933658599854,1.0498602390289307,0.29708123207092285,0.3111894130706787
204,0,0.7663202881813049,-0.012924590148031712,-0.0006420137942768633,0.9913910627365112
204,1,0.7731068730354309,-0.032537952065467834,0.004259138368070126,0.9925689697265625
204,2,0.7779955863952637,-0.03191818296909332,0.004176354501396418,0.9930467009544373
204,3,0.7828840017318726,-0.031497709453105927,0.003964437171816826,0.9943386912345886
204,4,0.7597201466560364,-0.044478390365839005,0.012925442308187485,0.989467978477478
204,5,0.7552483677864075,-0.042526088654994965,0.012943667359650135,0.9876655340194702
204,6,0.752675473690033,-0.03408749774098396,0.012713166885077953,0.9869129657745361
204,7,0.7950029373168945,-0.012074627913534641,0.055459972470998764,0.9937337040901184
204,8,0.7440677285194397,-0.0198660958558321,0.11139846593141556,0.9864761829376221
204,9,0.7821205854415894,0.013076855801045895,0.027475988492369652,0.9918888807296753
204,10,0.7601582407951355,0.015062832273542881,0.040063146501779556,0.985365629196167
204,11,0.8369559645652771,0.10778336971998215,0.09556480497121811,0.9991396069526672
204,12,0.7094550728797913,0.08204341679811478,0.08934763073921204,0.9904305338859558
204,13,0.8374792337417603,0.28171175718307495,-0.01903465762734413,0.569262683391571
204,14,0.6736060380935669,0.17930124700069427,-0.14412926137447357,0.8808637261390686
204,15,0.8761371970176697,0.24911396205425262,-0.215427428483963,0.7085672616958618
204,16,0.7774286866188049,0.11221951991319656,-0.36804720759391785,0.874756395816803
204,17,0.8873640894889832,0.25374189019203186,-0.24132561683654785,0.7046300172805786
204,18,0.8075326681137085,0.09574714303016663,-0.4125649929046631,0.838074803352356
204,19,0.8871680498123169,0.22734865546226501,-0.24921831488609314,0.705559253692627
204,20,0.8129598498344421,0.07291600108146667,-0.36842089891433716,0.8251478672027588
204,21,0.8780331611633301,0.228348046541214,-0.2200811207294464,0.6900008916854858
204,22,0.8061322569847107,0.08404316008090973,-0.3629017472267151,0.8046911954879761
204,23,0.8141996264457703,0.4678788185119629,0.009373344480991364,0.997620165348053
204,24,0.7161934971809387,0.46464866399765015,-0.009007723070681095,0.9961211085319519
204,25,0.8832495212554932,0.7539682388305664,-0.22432222962379456,0.8823730945587158
204,26,0.6987655162811279,0.7870883941650391,0.015986919403076172,0.8599643707275391
204,27,0.899713397026062,1.077231764793396,-0.18911907076835632,0.5360286831855774
204,28,0.6631875038146973,0.9196015000343323,0.35365384817123413,0.4084424376487732
204,29,0.8864576816558838,1.111335277557373,-0.19011957943439484,0.3131301701068878
204,30,0.6572521924972534,0.9241645932197571,0.38937026262283325,0.193822979927063
204,31,0.9221364259719849,1.2208772897720337,-0.331644207239151,0.38027966022491455
204,32,0.6428256630897522,1.0444674491882324,0.3318638205528259,0.2943616509437561
205,0,0.7835845947265625,-0.01012782845646143,0.04441486671566963,0.9916191697120667
205,1,0.7905962467193604,-0.028890272602438927,0.05986425653100014,0.9927304983139038
205,2,0.7958666682243347,-0.028256449848413467,0.0597507581114769,0.9931787252426147
205,3,0.8011412024497986,-0.027774829417467117,0.05949365347623825,0.9944284558296204
205,4,0.7767260670661926,-0.03997141867876053,0.05955071002244949,0.9898021817207336
205,5,0.7719064354896545,-0.03838690370321274,0.059586018323898315,0.9880419373512268
205,6,0.7673848867416382,-0.03047291934490204,0.05935751646757126,0.9874475002288818
205,7,0.8098844289779663,-0.009421560913324356,0.15542583167552948,0.993648886680603
205,8,0.7619657516479492,-0.015800101682543755,0.1597960889339447,0.9871716499328613
205,9,0.7949618101119995,0.01513292733579874,0.08459454029798508,0.9920728206634521
205,10,0.7761259078979492,0.016482263803482056,0.08475549519062042,0.9860649108886719
205,11,0.8473590612411499,0.11191459000110626,0.1888255476951599,0.999129593372345
205,12,0.7192432284355164,0.08719601482152939,0.1289086490869522,0.9911993145942688
205,13,0.848000705242157,0.2863421142101288,0.09305209666490555,0.5310662388801575
205,14,0.6775714159011841,0.18037591874599457,-0.10907775908708572,0.8848709464073181
205,15,0.8864701390266418,0.26557597517967224,-0.08397983014583588,0.6819177865982056
205,16,0.7910444140434265,0.12217327207326889,-0.30717140436172485,0.8798227310180664
205,17,0.9047925472259521,0.27280622720718384,-0.11053372919559479,0.6857953071594238
205,18,0.8251151442527771,0.10631957650184631,-0.3458244800567627,0.8408392071723938
205,19,0.9068239331245422,0.24748669564723969,-0.12190894037485123,0.6866213083267212
205,20,0.8335558176040649,0.08559880405664444,-0.3087567090988159,0.8263714909553528
205,21,0.8956053256988525,0.246205136179924,-0.0920712798833847,0.6724826097488403
205,22,0.820439338684082,0.09505197405815125,-0.295683354139328,0.806758463382721
205,23,0.826678454875946,0.47216418385505676,0.01373987179249525,0.997730016708374
205,24,0.7258561849594116,0.4685516655445099,-0.013386164791882038,0.9961469769477844
205,25,0.8950195908546448,0.7574262022972107,-0.24898913502693176,0.8813038468360901
205,26,0.7132033705711365,0.8260521292686462,-0.02198738045990467,0.8421887159347534
205,27,0.904219925403595,1.1060876846313477,-0.19218552112579346,0.5183526873588562
205,28,0.7094650268554688,0.9586377739906311,0.29119250178337097,0.37319374084472656
205,29,0.8902186155319214,1.1387927532196045,-0.19087758660316467,0.2933425009250641
205,30,0.7159735560417175,0.9726133942604065,0.32356470823287964,0.17638149857521057
205,31,0.9279507398605347,1.2557387351989746,-0.3362925946712494,0.35698702931404114
205,32,0.7036929726600647,1.0751572847366333,0.23926211893558502,0.2681620121002197
206,0,0.8167747855186462,0.022621173411607742,0.023791009560227394,0.9921643733978271
206,1,0.8205662369728088,0.0007909605628810823,0.04767465218901634,0.9931894540786743
206,2,0.8250991702079773,0.0014526150189340115,0.04758678004145622,0.993584394454956
206,3,0.8296699523925781,0.002212647581472993,0.04733720421791077,0.994748055934906
206,4,0.8069828152656555,-0.00407766830176115,0.034544795751571655,0.9905070662498474
206,5,0.8014943599700928,-0.004503259900957346,0.03457707166671753,0.9888495802879333
206,6,0.7960566282272339,-0.0032852243166416883,0.03434602543711662,0.9883599281311035
206,7,0.829479992389679,0.013799273408949375,0.17848356068134308,0.9939664006233215
206,8,0.783099889755249,0.007321230135858059,0.1198137030005455,0.9882070422172546
206,9,0.8227813839912415,0.05002991855144501,0.07626904547214508,0.9925083518028259
206,10,0.8049355149269104,0.04824147745966911,0.05880120024085045,0.9871116280555725
206,11,0.8575093150138855,0.11217010021209717,0.22155898809432983,0.9991719126701355
206,12,0.7275586128234863,0.09195002913475037,0.09409233927726746,0.9919720888137817
206,13,0.8608626127243042,0.29197949171066284,0.15194927155971527,0.5113493800163269
206,14,0.6790106296539307,0.1858237087726593,-0.1336398869752884,0.8934646248817444
206,15,0.9043795466423035,0.2687130272388458,-0.0012256376212462783,0.68548583984375
206,16,0.8104196190834045,0.12612898647785187,-0.3176742494106293,0.8888428807258606
206,17,0.9252195358276367,0.28139448165893555,-0.024859556928277016,0.6896721124649048
206,18,0.8500829935073853,0.11207732558250427,-0.3507927656173706,0.8493221402168274
206,19,0.9280875325202942,0.2522190511226654,-0.02976122684776783,0.6903930306434631
206,20,0.856812596321106,0.09181562811136246,-0.31053805351257324,0.8344371914863586
206,21,0.9174309372901917,0.24955931305885315,-0.006973749492317438,0.6769189834594727
206,22,0.8459819555282593,0.10029685497283936,-0.30230849981307983,0.8154749274253845
206,23,0.8398462533950806,0.47796547412872314,0.017986401915550232,0.997839093208313
206,24,0.7368330359458923,0.47410205006599426,-0.017614087089896202,0.9962108731269836
206,25,0.9028562307357788,0.7599021792411804,-0.25521788001060486,0.8811790943145752
206,26,0.7319874167442322,0.8417442440986633,-0.08345486968755722,0.8199014663696289
206,27,0.9131699800491333,1.115823745727539,-0.1717933565378189,0.500920295715332
206,28,0.7430323958396912,1.0293912887573242,0.25041481852531433,0.34120818972587585
206,29,0.9002417922019958,1.1463634967803955,-0.167232483625412,0.27599281072616577
206,30,0.7516545057296753,1.0480087995529175,0.3019654154777527,0.16107423603534698
206,31,0.9371931552886963,1.2633230686187744,-0.30667680501937866,0.3379442095756531
206,32,0.7407251000404358,1.1458555459976196,0.1924494504928589,0.24472171068191528
207,0,0.8374773859977722,0.07668071985244751,-0.4778192937374115,0.9903520345687866
207,1,0.8377102017402649,0.050002261996269226,-0.45984184741973877,0.9921944737434387
207,2,0.8413439393043518,0.050209950655698776,-0.4598084092140198,0.9924225211143494
207,3,0.845058798789978,0.05060144513845444,-0.45999786257743835,0.9936578273773193
207,4,0.8255347609519958,0.04791925847530365,-0.4860911965370178,0.9893347024917603
207,5,0.8199343681335449,0.046957314014434814,-0.48621439933776855,0.9871158003807068
207,6,0.8143590092658997,0.04612068086862564,-0.48650678992271423,0.9863095283508301
207,7,0.8390916585922241,0.056506283581256866,-0.28976359963417053,0.9931309819221497
207,8,0.793353796005249,0.04679790884256363,-0.4069659411907196,0.9874024391174316
207,9,0.8401423096656799,0.10375428944826126,-0.40387892723083496,0.991995632648468
207,10,0.824410617351532,0.10214041918516159,-0.4385976493358612,0.9869951605796814
207,11,0.8651930689811707,0.1355300098657608,-0.1681177169084549,0.9991306066513062
207,12,0.7389543056488037,0.11946825683116913,-0.38077858090400696,0.9924331307411194
207,13,0.8649800419807434,0.3026118576526642,-0.28495654463768005,0.5037392973899841
207,14,0.6795296669006348,0.19092383980751038,-0.7101864814758301,0.9023485779762268
207,15,0.921096920967102,0.2783318758010864,-0.5041109919548035,0.6970815062522888
207,16,0.8300362229347229,0.15451973676681519,-0.8871889114379883,0.8975101113319397
207,17,0.9446198344230652,0.2822096049785614,-0.5444178581237793,0.7001489400863647
207,18,0.8741621375083923,0.17159979045391083,-0.9328176975250244,0.8579303622245789
207,19,0.9480740427970886,0.2611407935619354,-0.5587624311447144,0.7008122205734253
207,20,0.8852630257606506,0.15299424529075623,-0.8909736275672913,0.8428541421890259
207,21,0.9370529651641846,0.2679749131202698,-0.5155547261238098,0.6878136396408081
207,22,0.8726924657821655,0.1654030978679657,-0.8703503012657166,0.8234689831733704
207,23,0.8498469591140747,0.49927836656570435,0.033182963728904724,0.9975109100341797
207,24,0.7468196153640747,0.5163931250572205,-0.032840829342603683,0.9951028823852539
207,25,0.9241760969161987,0.8211896419525146,-0.2610805630683899,0.8685908317565918
207,26,0.7519423365592957,0.8718421459197998,-0.012658573687076569,0.7767001986503601
207,27,0.9195848703384399,1.1417227983474731,-0.16597536206245422,0.4695598781108856
207,28,0.7698238492012024,1.0579898357391357,0.39903831481933594,0.30898651480674744
207,29,0.905954897403717,1.1718735694885254,-0.1487598568201065,0.25744539499282837
207,30,0.7783451676368713,1.074941873550415,0.4405815601348877,0.14624275267124176
207,31,0.9408177733421326,1.2847627401351929,-0.2912341356277466,0.3137378692626953
207,32,0.7728725671768188,1.169062614440918,0.3382814824581146,0.2215343564748764
208,0,0.8434070348739624,0.07122033089399338,-0.20971819758415222,0.9798471927642822
208,1,0.84159916639328,0.043620288372039795,-0.19083543121814728,0.9860278964042664
208,2,0.8448494672775269,0.04318036511540413,-0.19089888036251068,0.9864584803581238
208,3,0.8482107520103455,0.04294096305966377,-0.19112008810043335,0.9889588356018066
208,4,0.8300718665122986,0.0441565215587616,-0.21410195529460907,0.9797356724739075
208,5,0.8244382739067078,0.04426231235265732,-0.21410933136940002,0.9749460220336914
208,6,0.8188580274581909,0.04441782459616661,-0.2144428789615631,0.9730337858200073
208,7,0.8412379026412964,0.04992116987705231,-0.051913030445575714,0.9892673492431641
208,8,0.7998668551445007,0.05124644935131073,-0.15672439336776733,0.9810262322425842
208,9,0.8463888168334961,0.0979049950838089,-0.14981381595134735,0.9887833595275879
208,10,0.8317300081253052,0.09950722754001617,-0.17878757417201996,0.982832133769989
208,11,0.8807289004325867,0.13541744649410248,0.01799233816564083,0.9990836977958679
208,12,0.7389054894447327,0.12844577431678772,-0.18472854793071747,0.9926578402519226
208,13,0.8942875862121582,0.3256266713142395,-0.12440846860408783,0.4950735867023468
208,14,0.6865379810333252,0.20608970522880554,-0.5312778353691101,0.9079850912094116
208,15,0.9577779769897461,0.2833321988582611,-0.4033738672733307,0.7161898016929626
208,16,0.8305488228797913,0.19186976552009583,-0.7370826601982117,0.9046738743782043
208,17,0.9764969348907471,0.2850758135318756,-0.4504057765007019,0.7196085453033447
208,18,0.8716909289360046,0.19264227151870728,-0.7873885631561279,0.8657615780830383
208,19,0.9766667485237122,0.26340383291244507,-0.45850375294685364,0.720595121383667
208,20,0.880725622177124,0.17372120916843414,-0.7429489493370056,0.850764274597168
208,21,0.9683931469917297,0.26776033639907837,-0.41481906175613403,0.7078018188476562
208,22,0.8753271102905273,0.18102021515369415,-0.7212100028991699,0.8310709595680237
208,23,0.8660693168640137,0.514889657497406,0.04661638289690018,0.9968945980072021
208,24,0.7552008628845215,0.535510778427124,-0.04621514678001404,0.9940508008003235
208,25,0.9294881224632263,0.8368773460388184,-0.1816893368959427,0.8648333549499512
208,26,0.7661688327789307,0.9117534160614014,-0.06167751923203468,0.7537047266960144
208,27,0.9278393387794495,1.128839135169983,0.03523044288158417,0.43812909722328186
208,28,0.7800986766815186,1.1049495935440063,0.3180360496044159,0.28083086013793945
208,29,0.9171735048294067,1.156666874885559,0.054102569818496704,0.23736132681369781
208,30,0.7877593636512756,1.1236423254013062,0.35405978560447693,0.13319069147109985
208,31,0.9402563571929932,1.2686456441879272,-0.08264447748661041,0.2886565923690796
208,32,0.7869859337806702,1.2143750190734863,0.24928124248981476,0.2009943723678589
211,0,0.8000964522361755,0.6088351607322693,-0.144271582365036,0.9767752289772034
211,1,0.7981064319610596,0.6294834017753601,-0.12594321370124817,0.9830996990203857
211,2,0.794917106628418,0.6270281076431274,-0.1260782927274704,0.9841471910476685
211,3,0.7916630506515503,0.6244673728942871,-0.1262097805738449,0.9868292212486267
211,4,0.8091292977333069,0.6371387839317322,-0.15203134715557098,0.9771331548690796
211,5,0.8144884705543518,0.6403589844703674,-0.1522197127342224,0.9719881415367126
211,6,0.8198376893997192,0.6435621976852417,-0.15245120227336884,0.9693660140037537
211,7,0.8009294271469116,0.6122010946273804,-0.011398421600461006,0.9868044853210449
211,8,0.8389121294021606,0.6368480920791626,-0.132059246301651,0.9754997491836548
211,9,0.801888108253479,0.5783833861351013,-0.09901438653469086,0.9848266839981079
211,10,0.8168776631355286,0.5875414609909058,-0.13389955461025238,0.9813620448112488
211,11,0.7932055592536926,0.49824899435043335,0.019669096916913986,0.9977220892906189
211,12,0.8989224433898926,0.5175691246986389,-0.11051668971776962,0.9909757971763611
211,13,0.8199201822280884,0.3341403603553772,0.01892125979065895,0.4627634286880493
211,14,0.9466161727905273,0.3884087800979614,-0.18597738444805145,0.8566961884498596
211,15,0.8241141438484192,0.24101287126541138,-0.07987500727176666,0.6577357649803162
211,16,0.9299007654190063,0.4451354146003723,-0.2682243585586548,0.8409200310707092
211,17,0.8181666731834412,0.1997224986553192,-0.1039123460650444,0.6639061570167542
211,18,0.9226122498512268,0.4455931782722473,-0.2888812720775604,0.8070217967033386
211,19,0.8235965967178345,0.21552497148513794,-0.11452675610780716,0.6657181978225708
211,20,0.9249714612960815,0.47236406803131104,-0.2969612181186676,0.796368420124054
211,21,0.8302051424980164,0.22643159329891205,-0.08629106730222702,0.6555064916610718
211,22,0.9286978244781494,0.46333593130111694,-0.2719874083995819,0.7788833379745483
211,23,0.7840596437454224,0.13322016596794128,0.06709916889667511,0.9935035705566406
211,24,0.8534961342811584,0.09781021624803543,-0.0670785903930664,0.9900642037391663
211,25,0.666967511177063,0.25803929567337036,-0.15285685658454895,0.839294970035553
211,26,0.797067403793335,0.1783452183008194,-0.29593008756637573,0.750766932964325
211,27,0.7926892638206482,0.06299437582492828,-0.12678253650665283,0.4258953034877777
211,28,0.7849446535110474,-0.011769011616706848,-0.15045657753944397,0.29585638642311096
211,29,0.817659318447113,0.05101006478071213,-0.12021848559379578,0.24520330131053925
211,30,0.7968018054962158,-0.021140798926353455,-0.1294925957918167,0.16940662264823914
211,31,0.82108074426651,-0.01650501787662506,-0.15083380043506622,0.29296594858169556
211,32,0.7432926893234253,-0.08717724680900574,-0.160634845495224,0.22236639261245728
212,0,0.8348947763442993,0.5710120797157288,-0.5768915414810181,0.9613485932350159
212,1,0.8283677101135254,0.6057385206222534,-0.561880350112915,0.972839891910553
212,2,0.8211992979049683,0.6059759855270386,-0.5619620680809021,0.9751320481300354
212,3,0.8140514492988586,0.6060522198677063,-0.5622616410255432,0.9798063635826111
212,4,0.8477686047554016,0.6078424453735352,-0.5767797231674194,0.9647682905197144
212,5,0.8557822108268738,0.6093214154243469,-0.5768922567367554,0.9554345607757568
212,6,0.8637798428535461,0.610814094543457,-0.5770915746688843,0.9498206973075867
212,7,0.8127591609954834,0.6011265516281128,-0.40102556347846985,0.9819082617759705
212,8,0.8798311948776245,0.607801616191864,-0.4688507914543152,0.957421600818634
212,9,0.8257529735565186,0.5459924936294556,-0.5069720149040222,0.9791841506958008
212,10,0.8519309163093567,0.5474868416786194,-0.5268858671188354,0.9744794368743896
212,11,0.7913373708724976,0.4983047544956207,-0.28407078981399536,0.996774435043335
212,12,0.9335557222366333,0.4962601065635681,-0.3346760869026184,0.9775977730751038
212,13,0.7546721696853638,0.3101302683353424,-0.2561108469963074,0.48070600628852844
212,14,0.9458132386207581,0.3203314542770386,-0.29244768619537354,0.8093774914741516
212,15,0.7974815368652344,0.2380555123090744,-0.3276008069515228,0.6386537551879883
212,16,0.9186187386512756,0.29053616523742676,-0.28681838512420654,0.7765413522720337
212,17,0.8032405972480774,0.19880694150924683,-0.3442063629627228,0.6393253207206726
212,18,0.9083511829376221,0.27026233077049255,-0.2916210889816284,0.7456532120704651
212,19,0.8149620890617371,0.2187989503145218,-0.3418474793434143,0.6411490440368652
212,20,0.914936363697052,0.2887532711029053,-0.30382537841796875,0.7376072406768799
212,21,0.8187599182128906,0.22929608821868896,-0.32326748967170715,0.6323046088218689
212,22,0.9162768125534058,0.2909379005432129,-0.2891639173030853,0.7213097810745239
212,23,0.7963315844535828,0.17679332196712494,0.03702728822827339,0.9884651303291321
212,24,0.8827792406082153,0.13169671595096588,-0.03678464516997337,0.9811830520629883
212,25,0.6674488186836243,0.24742980301380157,-0.27518197894096375,0.8213431239128113
212,26,0.8476170897483826,0.10639790445566177,-0.3115355968475342,0.7398213148117065
212,27,0.7914201021194458,0.02590286359190941,-0.059628862887620926,0.4043393135070801
212,28,0.7893389463424683,-0.011470230296254158,0.020772716030478477,0.2816615402698517
212,29,0.8161745071411133,0.013164293952286243,-0.031248439103364944,0.24323637783527374
212,30,0.7950939536094666,-0.009986513294279575,0.06344116479158401,0.17293837666511536
212,31,0.8075902462005615,-0.08418761193752289,-0.07228954881429672,0.28021013736724854
212,32,0.7546254396438599,-0.08960111439228058,0.03974359482526779,0.21286225318908691
